dur_n_voiced_frames,dur_speaking_rate_proxy,dur_total_sec,dur_voiced_sec,energy_mean,energy_range,energy_std,envmod_bandwidth,envmod_centroid,envmod_dominant_freq,envmod_entropy,envmod_high_rate_energy,envmod_low_rate_energy,error,f0dyn_deriv_energy,f0dyn_mean,f0dyn_range,f0dyn_std,situation,wav_id
43,13.80555834253035,3.1146875,2.7520000000000024,0.03247523947632154,0.13802100149022728,0.03245846493885149,3.5919811782730107,3.347745958073737,0.3225806451612903,4.545609106179267,3.309173412806822,15.108715973642713,,32.31423522500699,238.3236695521455,253.2539212592103,60.72645013689603,angry,5f787514d338b948c4e68c98
44,13.935626905261492,3.157375,2.8160000000000025,0.0315242549383389,0.15583003209353935,0.03453951449187751,3.9783630049025565,1.9905872446004846,0.3184713375796178,3.4542209143691327,4.0845320190925385,26.551940393418434,,57.21931791618423,264.18062554520515,505.3489894412055,146.67090043220514,angry,5e37da38c8c25f16cd1457bb
46,11.23046875,4.096,2.9440000000000026,0.0008901834762080964,0.006303254622639722,0.0011041757108598595,3.2943850188375663,2.1859652130430804,0.24509803921568626,4.177963717704275,0.004994868417647913,0.03402640285191787,,27.19055860130094,209.52259453642827,120.66287573273078,41.57939901499945,angry,5e340d7a5807b852d9e06327
58,12.586805555555557,4.608,3.7120000000000033,0.001191441393743735,0.007151314031290938,0.0013368434892926506,2.396496357946294,1.7676064882235396,0.8714596949891068,4.054801630471219,0.006156782561783533,0.08991787665947705,,50.26287427682542,170.37568439423092,215.06354315590266,61.65125491413623,angry,5f9933c89e04b149046ce2b8
80,14.88095238095238,5.376,5.1200000000000045,0.023021041737601278,0.12959381480304524,0.025107639820238066,3.0594149605640704,2.7675100615807544,1.1194029850746268,4.726091869308561,6.326906933523073,28.28728687071275,,63.97969386984096,213.28884583479584,546.2849112674766,129.3080892552983,angry,5e3939c8ee8206179943d374
86,14.194493444330972,6.0586875,5.504000000000005,0.038387523064739144,0.1402017663941523,0.03786380742473203,3.102079853039527,2.2568479308882514,0.49668874172185434,4.588621685249788,17.275827494898923,102.64970894513517,,40.02848776987913,120.28133236531873,133.18461302324906,38.59786594266072,angry,5e38437133e9ad176cc9b765
55,11.40753415778694,4.821375,3.520000000000003,0.0021127423421689775,0.011347084416901153,0.0021491113061263612,3.5347196631384215,2.984087545287066,1.663201663201663,4.7175105375869,0.053183525230295854,0.1835841417968701,,53.06046938595936,222.0865080759464,266.78615831959917,75.46240864517078,angry,5f62c6603bd6941613f6d652
68,14.621494133931812,4.6506875,4.352000000000004,0.0010896454349341414,0.016976275906775997,0.0024898232555300845,4.578414751105997,3.6842279745447635,0.21551724137931036,4.959404379853625,0.11792710539863359,0.349180378699845,,52.1622936621832,127.46410972346533,233.66157229922914,86.86478624638028,angry,5fb9c89d4c55eb78bd7cdfda
52,9.908536585365853,5.248,3.328000000000003,0.0006314114676636498,0.0039644860309732185,0.0008419938102245156,2.5738318987993773,1.789117694109201,0.5736137667304015,4.248796936472656,0.0031690918439603727,0.04739299201821625,,17.94017454967846,139.4708790771694,130.90826859169485,29.471044447254364,angry,5fbb34ba44697678c497b5a1
88,13.221153846153847,6.656,5.632000000000005,0.003922520935994835,0.011505613899283125,0.0026708804469044185,3.4416232339057102,2.366330598554053,0.4518072289156626,4.703548291195776,0.09767133308529742,0.6108194745071113,,30.93197781662353,153.61987821627037,215.2753675911423,49.73605115858125,angry,5e33aa755807b852d9e0510d
123,13.926630434782608,8.832,7.872000000000007,0.005300354222697579,0.024681292412904114,0.004313196882058717,4.10959787570746,2.892783962869086,0.22675736961451246,5.489926284805623,0.35212746649565774,1.7081309865358891,,51.13491671367333,312.6648656641363,1500.3747080143326,245.54800968709907,angry,5e49d4617bef803b4851dd80
37,11.718595352151707,3.157375,2.368000000000002,0.034179383558134636,0.1584550451341885,0.03331932278711854,3.223940380573032,3.0776629949561443,1.910828025477707,4.208750549122543,1.763530734808901,7.485402235298342,,47.87063673320747,226.89278400434333,284.06885072286843,83.21098818872808,angry,5e36cf777995ef170fc0ecdb
106,13.214691994826323,8.021375,6.784000000000006,0.002046452072884784,0.015709821304222674,0.0024460754736743097,2.7732486811862183,2.7364043025077036,0.9987515605493134,5.3580904669505465,0.09393066119836571,0.6833834085076895,,48.45979142488317,226.22437426949094,206.60706074668406,45.17753952898046,angry,5f8c2b2dd338b948c4e69f68
68,14.103860413263853,4.821375,4.352000000000004,0.008651469214706893,0.0433697368914098,0.00883552793699272,2.9305377938788864,1.9890700827304966,0.6237006237006236,4.211673556643016,0.2512591755158295,2.492025438390497,,33.82716872204947,153.27301433995513,118.35191114624261,19.627682870771103,angry,5e40fb219306c7039ddcc959
120,12.389814539963604,9.685375,7.680000000000007,0.0020627587423786417,0.00862796380255853,0.002046299775649154,2.9146409876488732,2.622179578139812,0.9307135470527405,5.705174435331894,0.11128650680137253,0.6704771269140695,,37.687700229936326,239.46587104158075,317.8674351061366,75.60074298959853,angry,5f886f09d338b948c4e69afe
67,15.547498187092096,4.309375,4.288000000000004,0.020240647357886957,0.11705635568418805,0.02309983047707679,3.8410935354994344,2.19017725891513,0.6993006993006993,3.9895672851489503,3.2399539561488853,19.547328232201487,,36.77688217481191,111.54781678837048,119.91278236564659,44.74686469902562,angry,5e3638b7bacf60088a5adbe7
64,9.146287000482324,6.997375,4.096000000000004,0.00193807662268597,0.010276056214145,0.002042710872477711,3.6400881345160485,2.9909289886662735,0.14326647564469913,5.405501321496459,0.08138587421300443,0.34146732210390357,,28.609016861068177,259.8954535711491,202.1976742347098,47.35840703890247,angry,5f886972f8fac448cc0a7200
119,14.602346805736637,8.149375,7.616000000000007,0.011284158649582657,0.14817285805703168,0.024549042998023466,2.208425427897735,1.1226570323593836,0.12300123001230011,3.820526644172263,3.520626805917283,64.9136661815193,,38.04164538095416,98.03950194637433,216.8989862783688,62.91541289284203,angry,5e350b015807b852d9e07421
84,13.125,6.4,5.376000000000005,0.02422425307396164,0.15421622739666796,0.029696976351198192,3.3898016364482175,2.0498493271874136,0.31298904538341155,4.736308830330133,11.927774172264186,96.42010461550358,,47.02023940189433,147.37394622894723,320.08536359450676,94.0991822314573,angry,5e37fa06c8c25f16cd1459c5
60,14.802479415302063,4.053375,3.8400000000000034,0.04910325733669519,0.19241779128273084,0.05077158947423942,3.174617311478931,2.178669045934217,1.4851485148514851,4.139121836731904,10.392147681446195,85.78030652909175,,25.783567215890088,246.85680038519342,170.4098362539409,43.376240923840804,angry,5e396ebf33e9ad176cc9bc11
52,15.046296296296296,3.456,3.328000000000003,0.03613860200958305,0.12813906559745392,0.03209602673905266,2.946768008558053,2.2255751057337836,0.872093023255814,3.9588363887882556,2.958277496767326,18.746742836240237,,59.408304195200984,185.15641635580954,204.16888019875813,49.523063943602196,angry,5e411a8748600202f726fb49
34,9.265883154488161,3.669375,2.176000000000002,0.001871411241036836,0.012055941901941345,0.002597757719139491,3.2653365934930623,2.8158658781960226,0.273972602739726,4.620687650742259,0.04912388567530782,0.23313308511476255,,14.355301307229487,186.01236927573626,172.04784702513638,44.42408556752139,angry,5e4156089306c7039ddcca7f
56,13.962693428495736,4.0106875,3.584000000000003,0.03051516959195093,0.17355811904053953,0.03579331064310786,3.778493961957455,2.5280171400911247,0.25,4.317797674979835,8.690093671610406,48.18649331760848,,40.343926274258195,121.33740436399059,103.58914210463126,36.49633384496337,angry,5e415417189842034d9f72af
69,15.401785714285714,4.48,4.416000000000004,0.0010553543709744583,0.003731133677991746,0.0009729564881662148,3.525096446226644,2.2381433950955367,0.6711409395973155,4.497417990806824,0.004722656769006569,0.03517875660076097,,51.47483077315556,181.00148956818327,207.29647193336302,56.82316254223205,angry,5e4603262a2d173b73a02a5b
106,11.344178082191782,9.344,6.784000000000006,0.002674878179912676,0.01710956350614239,0.0030197842343574117,2.9886082738460695,2.1617946271972004,0.4287245444801715,5.164674794884427,0.20531001807535956,1.443173227075221,,45.40001779820313,251.06770276713596,377.34692369444497,107.51215334282733,angry,5fb33fff0fb0f33aa31ca1b7
60,15.453213785554466,3.8826875,3.8400000000000034,0.03823327172277444,0.16384045569747047,0.04143930058817518,3.8007148960040675,3.1963408870541374,1.5503875968992247,4.720603005082766,12.481304084188436,40.193496623935864,,77.36347601985706,168.89334698134152,215.2753675911423,78.10464550476412,angry,5fb383af75b0a9389bf39766
59,14.710694862165152,4.0106875,3.7760000000000034,0.03609458357070223,0.2351413963556244,0.048485273322404814,2.483712353890616,1.6520353770628073,0.75,3.7282170669759838,9.281001790886817,85.57465769185872,,50.25131888799739,173.53907809512071,212.05613042340593,67.65598419384358,angry,5e495785963e443aee02b53a
54,15.066964285714285,3.584,3.456000000000003,0.03853273870097182,0.3324169699181171,0.06909059205327693,2.2272464426742973,1.3292897357240665,0.2801120448179272,3.105903388359569,3.6702483351780537,78.12162657735212,,37.66588125201731,168.14052066819426,272.17828420926253,107.45184348057322,angry,5fbb6e50576e9378b67acbb4
64,11.627906976744187,5.504,4.096000000000004,0.0018008258512191423,0.009995963297677433,0.0020894241378825655,4.094913028651177,2.6912047120194553,0.18214936247723132,4.7602675449217875,0.023894360449247334,0.16787603230505485,,25.067803750098232,125.42163385813683,84.04123711867021,18.44746607637017,angry,5e3629138661d6073410fa76
104,15.525429421808376,6.6986875,6.656000000000006,0.006212118875723134,0.035380983764990374,0.008189223810567286,2.116705692837996,1.0732287697503977,0.14970059880239522,3.894904951228869,0.2399913134180618,7.975321209510517,,25.42988828128816,98.85729675684661,96.90845090664698,39.24054696249546,angry,5e395fc2ee8206179943d42d
78,9.989754098360656,7.808,4.992000000000004,0.002424188082236113,0.012032855737518534,0.0024017054732063357,3.5014949272915494,3.1692494774727464,0.6418485237483953,5.48615078787363,0.15823174269134793,0.4450116559163445,,42.33662196306257,455.97263289474944,1429.9229176790661,439.31108566891106,angry,5f812169d338b948c4e68fa6
77,14.55387414206566,5.2906875,4.928000000000004,0.002856044440958922,0.00975095964408109,0.0024305525899103765,3.6542402127164504,2.7547692634781065,0.946969696969697,4.7527095130258745,0.060365990719424924,0.25702982508203887,,74.12743098340647,205.30582697930961,258.816901813294,78.4360745228248,angry,5e49400ec38c123b9ec6dab2
47,15.514751392613988,3.029375,3.0080000000000027,0.02064066270578305,0.08053982459608588,0.02228790172229876,3.583953960746629,2.0999160092459426,0.3322259136212624,3.747976525190766,1.355635762351656,10.830827228214005,,69.39131343321509,189.34197734283245,258.816901813294,91.01916451016517,angry,5e37e8c3ee8206179943cbc3
79,11.087135764784309,7.125375,5.0560000000000045,0.000987931454783978,0.005607156694359762,0.0012679050789534273,3.5254270783467927,1.875544294586544,0.14064697609001406,4.479933464059405,0.028309715471256356,0.23978519943492588,,40.381524646391696,140.1418406221388,167.97550689710764,59.98609231562287,angry,5f6afde1111dfd48d40fcf96
66,14.322916666666668,4.608,4.224000000000004,0.06488644853247846,0.2553534647928273,0.06561164303709147,3.9176892762795235,2.9073396562092517,0.2178649237472767,4.652620277214884,33.46513874293116,139.79444372918695,,47.41372763924734,226.9940328468271,320.08536359450676,107.82254892568069,angry,5fbe0d164c55eb78bd7ced34
168,14.529494116311628,11.5626875,10.75200000000001,0.06295137632033009,0.2878813371855297,0.057082869330131764,3.4770522853082135,2.8139972219973504,1.1255411255411254,5.970201067988076,106.93697150978656,530.5752364811937,,55.72843246530905,185.9763274466362,230.23115155842805,73.3183651799349,angry,5e317c1c5807b852d9e0341a
59,11.428156362359722,5.1626875,3.7760000000000034,0.036817272199333534,0.17734477876369853,0.042559518340592635,3.2494796818029874,2.3140998118950002,0.3883495145631068,4.486293078001004,10.73029554187381,78.23778449144598,,26.061499609222594,192.52300681662516,242.41302436705854,44.96826420425553,angry,5e4811be963e443aee02b275
86,9.507621298177245,9.045375,5.504000000000005,0.0030811211148443667,0.015488380777783054,0.0033560879252638575,3.347838078926449,3.2402768958378205,0.6644518272425249,5.736866547761139,0.27810130766555985,0.9673788425701803,,31.013346290488915,390.16188696965054,1412.46554087119,309.7189914475144,angry,5f633e9c2e23c7161accd578
29,9.995260867692043,2.901375,1.8560000000000016,0.0011579443943479728,0.01038958986770054,0.0017050122594501078,3.9282479124695686,4.04369997481898,0.3460207612456747,4.542172066071679,0.020526041419029032,0.0379181667931572,,52.73281798847804,144.5427872554237,188.68505062349345,68.90193056405086,angry,5e3cb2057995ef170fc0fe95
220,14.16550297596291,15.5306875,14.080000000000013,0.0008439079712949226,0.0059679785441262906,0.0008644423056593378,3.561069553660545,2.758152026710716,0.32216494845360827,6.275909299687327,0.07796828591903116,0.32498564882410996,,45.39104302940934,187.90881281698498,560.5730187627006,80.51919207680334,angry,5e39641fc8c25f16cd14611e
41,7.3917991594082055,5.5466875,2.6240000000000023,0.045934753482544714,0.3104544107232344,0.06727529903472129,2.3181095638786724,1.3804357027595908,0.5424954792043399,3.6793419705155532,18.598663977984284,354.37424828332547,,11.143918252642543,133.7979597168464,91.7182722780606,24.38971730707628,angry,5e32eb8a5807b852d9e04497
107,15.576380675097807,6.869375,6.848000000000006,0.038760360224974935,0.22803311385782096,0.05083668952887734,3.2432599306693013,2.316730123165565,1.021897810218978,5.030708166809861,30.000857924929317,216.84031485863855,,54.93788641640554,154.0430997756138,196.5061646776419,67.09981206282447,angry,5e29b3a75807b852d9e01cae
90,12.861966094428269,6.997375,5.760000000000005,0.0031028358599256936,0.015929796017586755,0.003108092348297871,3.43055483473278,3.233615370705627,1.002865329512894,5.198000998359408,0.21053147037898792,0.7637458043408214,,44.90558951411387,261.8092101766024,523.0877925432582,77.92329267777355,angry,5f6ac2c6111dfd48d40fcf55
41,9.065406354075979,4.5226875,2.6240000000000023,0.06435132428546922,0.18791214278953067,0.035826179546546794,3.986324944292357,3.6144721529794355,1.5521064301552108,5.032798040873835,12.057505028822408,41.59775628867446,,34.9530869161829,108.7769236853443,134.6819601765442,36.2129177139912,angry,5f63825b2e23c7161accd5ee
119,14.83536176777672,8.021375,7.616000000000007,0.015250598521445396,0.0740511004859719,0.017135098703802306,3.46765668806694,2.9101033320103658,1.1235955056179776,5.293066988336398,7.052972783469081,34.01426594224296,,29.897448417465316,100.02349939783457,77.58724736030138,20.470054124162804,angry,5e453f50c38c123b9ec6d46f
70,13.230794674605145,5.2906875,4.480000000000004,0.0021423301201306407,0.014508886656552198,0.002337176599594364,3.4075070121520987,3.386822805705246,0.7575757575757576,5.281888136038398,0.06846588827002424,0.22126136021631984,,39.462752333409334,527.610890295354,1371.4209666897077,496.63306316035465,angry,5f85c3d5d338b948c4e69658
46,15.401678280703958,2.9866875,2.9440000000000026,0.055189195012714895,0.14336298521402419,0.04219704331535957,4.191438606689854,2.9243111728607296,0.33670033670033667,4.1540029676174095,5.632404507420516,27.450053787435355,,34.75541420032873,191.8624374521867,165.38254311525782,40.124366699099724,angry,5e4107019329cb02ef38a5e2
106,13.802083333333334,7.68,6.784000000000006,0.012881818764251414,0.07978671221010207,0.016705883700814796,2.5869649920113074,1.653171553627958,0.5215123859191656,4.665572656589029,2.3316024200684806,32.01915754676179,,39.373483087985925,181.25917826657644,212.52492027276162,62.70858116042669,angry,5f6a39b3f8fac448cc0a5d0b
33,16.11328125,2.048,2.112000000000001,0.006968192225143405,0.026095206429679423,0.006234969121963348,4.2999950638367626,5.248473859800806,2.955665024630542,4.330709045097972,0.07540261418970028,0.11561849369559861,,43.817957822499906,157.5030987061746,134.33268480704808,42.39569812748466,angry,5e424c090b3f160367c2090f
147,14.723557692307692,9.984,9.408000000000008,0.04569622191430724,0.2730786453080896,0.05125609125763958,3.911408097848652,3.669547343494287,0.20060180541624872,6.1636239904636305,146.3103027115016,375.7901518672506,,50.90352942963216,154.3798826153712,364.75416544019015,68.99194516256647,angry,5e514bf87bef803b4851de40
80,11.574074074074074,6.912,5.1200000000000045,0.004102209558000477,0.026481024954728132,0.00525738081908569,3.2094672231265107,2.678087616072791,0.2898550724637681,5.163446020330364,0.3940819275700699,1.9568037125771804,,35.367896835975486,213.5782340925827,298.47218288654506,105.77532922899327,angry,5f90cd7e111dfd48d40ff00a
44,10.312449646241962,4.2666875,2.8160000000000025,0.0013064367572012345,0.005972253790771274,0.0013056578113980382,4.154652473474913,2.7759465235074714,0.47058823529411764,4.495524932932706,0.012643636469299125,0.05464578240211251,,34.423812683969714,168.1657772904641,157.45470667747657,37.808914117174304,angry,5e2fe6315807b852d9e02be9
145,12.094041599332742,11.989375,9.280000000000008,0.024176728634370138,0.18791612461444115,0.03400540315409428,3.195809301179231,2.3232906371100683,0.3341687552213868,5.455666284666611,39.68931221456253,286.475638901462,,35.29993327795185,125.52116854007342,136.6488190383855,34.009626405627806,angry,5e40d17d189842034d9f7091
104,9.521466214244434,10.9226875,6.656000000000006,0.014432270333248558,0.10643763513657539,0.02337139819520665,3.1097990244608753,2.106579735825684,0.18331805682859761,5.427395146489203,14.773907802278062,132.15454188717734,,41.266564951158806,137.26382134061157,379.90941335495313,76.97050158208691,angry,5e3952c17995ef170fc0fce6
99,14.59316037735849,6.784,6.336000000000006,0.013168948742714738,0.045173007662476526,0.011644384280094951,4.159947975198569,3.6096581032675745,0.14771048744460855,5.463231175850649,3.9197764508333255,9.81237550306459,,33.22284548938512,153.98970220869333,140.41700835867846,39.707167732479,angry,5f5c1d462e23c7161acccfac
45,13.350392167769929,3.3706875,2.8800000000000026,0.004668898547444337,0.018674367657886364,0.00463665764274225,4.046335216990871,4.019181237578037,4.166666666666667,4.630101414149476,0.09568835207577814,0.38408585991491706,,63.46868016888176,203.89313570840434,309.1227308028132,65.25037096269985,angry,5e453b8e8849ac3aacea4e56
63,14.062499999999998,4.48,4.032000000000004,0.0008146929757130546,0.0031590226263811068,0.0006178613711493256,3.7180529065341177,3.2276091811133902,0.6711409395973155,4.818223370143865,0.003884182228590465,0.014084684658094995,,16.682150777879162,127.45090987407617,51.68841926955767,14.502288275047192,angry,5fba1e9b4c55eb78bd7ce1f0
12,2.653289664607603,4.5226875,0.7680000000000007,0.0008890134439820622,0.004290381368210334,0.0009899093473899041,3.1630800320517762,2.1988370823956584,0.22172949002217296,4.3848403466774295,0.005160991542301632,0.0407844314825469,,8.783418326596992,197.15432603532065,93.60904730547375,29.484941576145797,angry,5fba3e0344697678c497b442
71,15.266560051605273,4.6506875,4.544000000000004,0.039316226814085024,0.09785776643726421,0.02584095226080585,3.714171840765633,2.937952622354962,0.21551724137931036,4.643508777474459,4.887638183789449,25.297609876645588,,39.22060019429449,212.78104942726443,245.98499165172495,73.6714363247815,angry,5e379ddf33e9ad176cc9af6d
53,12.060015643888217,4.3946875,3.392000000000003,0.0017765667171060933,0.007916077993149783,0.0017200637465510295,3.502236853468433,3.4396544515880563,1.3698630136986303,4.848225065540577,0.023604963556565675,0.10691747231970013,,39.666289491945584,171.37018262426898,158.39030635967868,30.034610753524976,angry,5f707f9b111dfd48d40fd3ad
40,10.19010922523326,3.925375,2.5600000000000023,0.006560964094331482,0.04395164326667783,0.01027950451660676,3.31096479411846,2.0575271986357317,0.7672634271099745,3.8551393275294394,0.3566657851437142,3.1505569663633386,,47.19094829359697,153.8574580020921,157.45470667747657,52.14805477500838,angry,5e40b8d79329cb02ef38a455
63,15.542603386067167,4.053375,4.032000000000004,0.039737219212716085,0.18056546849131705,0.04626041273548264,3.702095399438485,2.8091235333351148,0.24752475247524752,4.372273321369357,21.540649091114812,85.13820983499909,,44.96501443968974,158.30338214476544,240.64245563373828,84.32405229646,angry,5e47cc637bef803b4851d8fe
63,13.423176285721896,4.693375,4.032000000000004,0.02680017545243672,0.17763353556866363,0.043613971855543734,3.3829284366465164,2.252882266943293,0.2136752136752137,4.0686601503407465,9.197856731938344,67.08462297281785,,48.07754008758445,134.29300586482205,294.2973487916218,84.19575075896815,angry,5fbca26acb503578af9ee82c
94,14.032599669711416,6.6986875,6.016000000000005,0.03930832308027549,0.14355445244533008,0.0436359880875567,2.8910872741290428,1.9592208447201738,0.29940119760479045,4.462043626782789,22.65842528422595,143.25095957087404,,36.29410304636974,169.2462717218802,261.0009281390904,88.0784636912232,angry,5e34d1085807b852d9e068d7
68,15.324375334516464,4.437375,4.352000000000004,0.03664425480808277,0.1765250140801761,0.044379227527532476,4.004335206806027,3.6706994168259257,1.1312217194570136,5.026905101740801,27.45803611311805,57.709588452409115,,64.71268165490126,391.0437666906305,1610.9908625219678,422.3840276405753,angry,5e4217759306c7039ddccb4f
161,15.528549382716049,10.368,10.30400000000001,0.042781484239138044,0.20745786810089187,0.04050217906350357,4.1059558955557725,2.47232489211225,0.3864734299516908,5.404716999521758,49.05739350309069,284.0962404403441,,56.35265303129147,148.01824740413264,274.1315381390467,61.327135157072725,angry,5e363fe98661d6073410fe64
80,13.111798569994468,6.101375,5.1200000000000045,0.029826527546686424,0.13836819190676267,0.033722978345990764,3.365409215280841,2.1899940025259754,0.4926108374384236,4.466627279265382,12.578555133234982,80.70313106319027,,44.01256580188111,215.74093385029883,431.5176340334165,116.07147304967651,angry,5e529a0ef2fe7a3b1d5450d5
53,15.14853784454885,3.4986875,3.392000000000003,0.02082869764844022,0.12004960426730174,0.027450388979256567,3.6898706941630537,2.638758360326363,0.28735632183908044,4.2217406056693,2.330985889154974,15.79243752454762,,54.357885636794016,108.56808346699738,119.91278236564659,40.88721517671511,angry,5e3664c205fef317e874b506
90,11.850388840883841,7.5946875,5.760000000000005,0.013743044717392914,0.06890958537448474,0.017592261680924266,2.927124933181275,1.7391707367904436,0.2638522427440633,4.425186406236205,4.572043361237238,39.36297417080852,,53.763257965203096,153.94755331548575,172.04784702513638,57.678524264113264,angry,5e42bf8b48600202f726ff6a
69,14.185855263157896,4.864,4.416000000000004,0.07235623435286655,0.25264223221297194,0.06259412025351872,3.696923679210295,3.215981547852488,1.443298969072165,4.945586315871883,37.78981901425989,136.66511834812857,,54.78026410811426,197.76482691560622,268.30546129938955,81.29946284383719,angry,5e5330268849ac3aacea570c
67,15.24568015359454,4.3946875,4.288000000000004,0.013503714287338557,0.09315656694076896,0.020793326067116414,2.870604859726161,1.7142918779257572,0.22831050228310504,4.019175634705861,1.6230653445117413,28.85098892239602,,44.60817980911521,86.24060099517203,146.18562305262122,29.443875540541324,angry,5e377a76ee8206179943c571
38,13.701717221796546,2.773375,2.432000000000002,0.07244415311641186,0.33767579030908174,0.0920173824154912,2.9601996098313546,2.5457556994044928,0.3623188405797101,3.6552475895452656,11.242051110415238,57.89388748413477,,78.72817061633634,170.8719463284027,228.53074524959408,74.95280616641094,angry,5e33cfd35807b852d9e058ce
66,8.690285149981484,7.5946875,4.224000000000004,0.0020540209239238508,0.010032221630323142,0.0023626537675650056,3.1452544990757993,2.3442658952659814,0.2638522427440633,4.970644030357477,0.11168717258836301,0.5774753184296272,,26.391943156716632,270.5208673263799,179.6244197780427,51.73161514437686,angry,5f66c741d338b948c4e681e0
95,12.100851040115913,7.8506875,6.080000000000005,0.02191135318525406,0.22899427216522614,0.03352796419094224,3.4443563652780917,3.5639165775736124,0.38265306122448983,5.784711884026988,46.87361519032809,134.35086238229525,,41.26320737982835,292.6248643766442,1553.2716375019652,466.50572808488255,angry,5fbca75e576e9378b67acf8e
86,13.900815258569308,6.1866875,5.504000000000005,0.001981088627485648,0.011117081278403091,0.0023360420887878477,3.3180709199326475,2.061991650016288,0.1620745542949757,4.3501702622686915,0.025383826211862078,0.21422429715627408,,44.551693472797695,180.66180311802228,331.3692260464981,102.22413073876682,angry,5fb9c71844697678c497b108
82,15.625,5.248,5.248000000000005,0.015810355858290576,0.08407363596650219,0.02057895421850286,3.780544695143122,2.6933140932088113,0.3824091778202677,4.45219010140128,4.3897561248704635,23.759015239118757,,40.05243353849034,111.33713388326134,115.68936857950385,38.90709111441829,angry,5e41317c0b3f160367c2075c
60,9.903134961161143,6.0586875,3.8400000000000034,0.0719600433386187,0.40127336639064287,0.06884106820099294,3.812553512119688,3.7799149447742506,1.6556291390728477,5.414682575011926,90.6253748826064,225.213597352769,,32.56954762014435,643.5073716120966,1714.637653419813,704.6807295126133,angry,5fbdc3e744697678c497bdad
82,13.254265711659107,6.1866875,5.248000000000005,0.04741603515189258,0.17427602045874474,0.04021245558132566,3.317882699546711,2.4361047571228793,0.3241491085899514,4.759242130855643,19.730008266653844,91.87854283041641,,39.32538494253945,120.01533213776855,135.5126390517109,28.430996420651624,angry,5e42ad789306c7039ddccd21
67,14.675683815677791,4.565375,4.288000000000004,0.024860332288571766,0.09395782172656425,0.021918956259386207,3.8108205896181007,2.817240570934583,0.6593406593406593,4.40820056022331,3.168855901320329,20.388379904128527,,59.07948606255389,212.9542640451969,288.1248353951036,71.53515093262291,angry,5e53017af2fe7a3b1d5450e6
32,8.620689655172413,3.712,2.048000000000002,0.0006448358893968282,0.004072317462522434,0.0010287515873781208,2.6013423663202295,1.7154052767506116,0.27027027027027023,3.783026869769242,0.0034618368522728433,0.04105987621724989,,33.71247148544004,155.05601423613024,165.29955496661373,56.956788917189115,angry,5e338c055807b852d9e04e58
35,14.391447368421053,2.432,2.240000000000002,0.0014880835147220036,0.008232424866127522,0.0017828213927831072,3.6908228991342935,2.4833837254286784,0.4132231404958678,3.4800725200818943,0.007411680075221256,0.03662873018463572,,48.96354576349175,408.07828117624456,1644.1158543384438,488.7359366385167,angry,5e338cb95807b852d9e04e75
35,12.620002704286293,2.773375,2.240000000000002,0.0012085972306190896,0.005250591109891514,0.0014875555667334206,3.3952522959761273,3.153961121211493,0.3623188405797101,3.556358442397947,0.0033808036801179463,0.018574005506121354,,40.318823305225834,155.7762860979389,180.40732129724032,51.22929326583782,angry,5e46025b963e443aee02b06e
76,15.355474176032327,4.949375,4.864000000000004,0.0167944045461002,0.0531526295390965,0.012986977723471198,4.514899881023049,3.153613382836396,0.20283975659229211,4.930793990310826,1.714210159133025,6.038742624809309,,54.056247761733516,183.7901668427329,247.7865093813503,80.01466700925974,angry,5e3551ed5807b852d9e07fbd
104,12.965358183603184,8.021375,6.656000000000006,0.03317643576765978,0.3487335913958764,0.05476560273117915,3.8846651782797332,2.672572027848182,0.37453183520599254,5.206729996589514,83.87012452110932,421.799730651109,,52.72154396370296,202.48939757656947,482.7477386965147,162.4650632323111,angry,5fbc69cb4c55eb78bd7ce7a4
102,13.980263157894736,7.296,6.528000000000006,0.02506628885820071,0.14112444514399938,0.02974270324819997,3.6342299167930663,2.4075361153679116,0.5494505494505494,5.024492074556131,16.07406879106687,80.25272876228924,,60.76090936199625,161.27153700209644,206.1731278001642,55.49282135361164,angry,5f6bd58cf8fac448cc0a5e57
78,8.74696869874823,8.917375,4.992000000000004,0.003087013932993961,0.021976459442000707,0.004177200537763617,3.322080117858111,2.603447943450269,0.5617977528089888,5.305821642273994,0.7904367906601995,3.19566820608759,,39.35525144037728,275.7777464404567,344.65672489443034,75.27134379533236,angry,5e42679f0b3f160367c20960
55,6.820436507936508,8.064,3.520000000000003,0.007388314590678881,0.035587976961311565,0.00879053911038663,3.0801285154445064,2.31173734029662,0.6211180124223602,5.041398906700569,1.4762407936574686,7.986874340633385,,28.66280729804095,155.01878768512287,183.25881701670832,43.25159449498554,angry,5e43f4be48600202f72701b5
73,13.797828732088222,5.2906875,4.672000000000004,0.03568878131660746,0.20201310976574238,0.04353633120611445,3.2327731033730718,2.656341364661955,0.7575757575757576,4.688171602303481,16.15666292980424,81.45422776782763,,55.045377362487564,134.80270713572332,177.33672827642772,41.33279084991447,angry,5e45707f8849ac3aacea4efd
85,15.686455437778983,5.4186875,5.440000000000005,0.006930270038135276,0.050102948929992695,0.009436322905201352,4.324772164939001,4.506381588387667,0.18518518518518517,5.575604128280589,1.2896184998339435,2.6729965114601426,,14.954940692495974,241.2904866563975,102.8317131448415,23.270412927071014,angry,5e38b6dc05fef317e874c638
49,15.950520833333332,3.072,3.136000000000003,0.02211393665386612,0.08890183666863292,0.026789715123903567,2.53195739013706,1.7081548512328437,0.32679738562091504,3.5961098360606876,1.25943322514578,19.130431127333644,,37.32325972025797,159.70027854769273,133.87995462789613,23.038360759172626,angry,5e315c9e5807b852d9e03261
26,5.078125,5.12,1.6640000000000015,0.0003587013161537236,0.0025460704567955746,0.0005454505067964199,2.745235270633849,1.5492043251234904,0.19569471624266144,3.9822302406772203,0.0018848059170440943,0.028801527540077254,,18.343992891279473,127.32432135442583,103.85042981493353,34.71627860939969,angry,5fb48bedcb503578af9ed7f7
64,15.789311376322201,4.053375,4.096000000000004,0.023916266570827575,0.11442877581609494,0.027368093203464193,3.275657407704349,2.18580894954891,0.24752475247524752,4.073476020504969,3.053582165529744,22.903582442429997,,41.015182112121295,140.00891026890557,193.50251019256234,83.77154902609367,angry,5e379dfa05fef317e874bd6f
58,13.32720588235294,4.352,3.7120000000000033,0.041592598993084554,0.16625887188955515,0.035439529294819985,3.794829192951339,3.411374869606234,1.1520737327188941,4.718336475970121,9.290543279145028,28.201585398466822,,29.11622202410726,189.27232199718847,152.64390419812668,32.974772950677036,angry,5e3381c65807b852d9e04cc6
44,12.276785714285714,3.584,2.8160000000000025,0.051215945933485406,0.26256964709624725,0.0509341810279001,3.2438420395014256,3.299312412757883,0.8403361344537815,4.5682370655693125,8.40114686560586,23.517802426052697,,33.111634278464294,252.94999754031267,186.87996713916536,40.38262772142072,angry,5f7919ebd338b948c4e68cf6
74,15.76690547846699,4.693375,4.736000000000004,0.021910395444635813,0.05722547392523321,0.013241054020431327,3.9278783794386123,2.7073077639290313,0.8547008547008548,4.557749682404599,1.1854666121629722,6.268787319487866,,46.29456560295641,216.36227274562555,268.30546129938955,70.41083331348123,angry,5e368d3b05fef317e874b66a
131,14.69042178892331,8.917375,8.384000000000007,0.051250441770577165,0.1987192461582199,0.04227326383016207,3.969891431604255,3.1790040186028334,0.6741573033707865,5.516465964903608,74.33512981178619,224.81183830433721,,32.68248013586539,130.63733051581494,164.79954926806698,30.400995455446886,angry,5e381601ee8206179943ce6c
76,13.494318181818183,5.632,4.864000000000004,0.058413291347880536,0.16906721817252648,0.02755063868614093,4.249065323657586,4.26270040910816,4.270462633451958,5.27026069961296,11.029283318949528,33.81966368476652,,70.17202402474341,127.92360357314975,176.0594198384295,49.57054544385872,angry,5f6b6fbcf8fac448cc0a5e2f
79,14.133959521413395,5.589375,5.0560000000000045,0.022581481818512966,0.15244401105611202,0.02840878015012575,3.0889687060099207,2.6677636042126966,0.3590664272890485,4.968443385575151,8.796640791627835,46.091995300151645,,44.42380813377894,196.66451846007976,284.06885072286843,89.1893713819636,angry,5f5e1bd23bd6941613f6d27f
99,14.685431384546922,6.741375,6.336000000000006,0.02521841407115471,0.12201306063843353,0.024003335626994693,4.457091887216799,2.9329086284524837,0.2971768202080238,4.765317872613174,7.623826575083632,35.79491584539773,,49.92019145228645,185.37301942533244,315.66228094586256,89.09872402853085,angry,5e355a715807b852d9e08208
164,14.89825581395349,11.008,10.49600000000001,0.0008477387186441766,0.004170596447836885,0.0011216655468640187,2.9862348745902785,2.0780196208786,0.6369426751592356,5.559801404220415,0.04616147453592158,0.32639916821807013,,61.573091293215214,169.15821901944977,402.8966364455531,77.70597791410125,angry,5e443b14189842034d9f790f
105,12.428977272727272,8.448,6.720000000000006,0.02839560418919017,0.24159610252179806,0.039194271438845324,3.8266182571127065,2.4504579857189728,0.4744958481613286,5.147616979071909,40.82772157706164,204.18582147512066,,42.93498024020717,150.13600693472478,292.22794833910325,97.93739196875822,angry,5e37a8fd05fef317e874be2d
129,7.87353515625,16.384,8.256000000000007,0.0006862270884911726,0.010961735168909605,0.001234927301790204,3.1740306739391864,2.071589967350982,0.12217470983506414,5.8337085861848585,0.05142209975057515,0.40183069078260397,,26.243261517992316,179.77836046375955,204.16888019875813,45.48445017900986,angry,5e48d1d3963e443aee02b3d9
57,14.06235544453696,4.053375,3.6480000000000032,0.01368912084528699,0.05358213943141478,0.011161849357312742,3.460065651082676,3.4022901241118553,3.9603960396039604,4.852288370352492,0.945282696611297,3.6165888567898716,,16.206921685374834,191.66914413640717,132.0026194975673,30.35827050268514,angry,5f6184f82e23c7161accd3ab
107,13.0615234375,8.192,6.848000000000006,0.004598759854120262,0.029006108508201334,0.005371361740340093,3.7805532532600115,3.0335750927070193,2.0782396088019564,5.7036598167664945,1.0994569642595775,3.8807183151548057,,43.44467034047495,191.58542346997217,268.30546129938955,70.96760954933475,angry,5e48fcba963e443aee02b434
97,14.388756003040923,6.741375,6.2080000000000055,0.024174995666562005,0.2247347566834751,0.03799950335699136,2.4451840755422296,1.6249331376938823,0.7429420505200595,4.081106032267345,14.83141048878679,169.30981909903582,,40.96982869404319,105.23748947629686,108.52918104210445,31.105523443368355,angry,5e482128c38c123b9ec6d8aa
65,10.088957442061252,6.4426875,4.160000000000004,0.000658162606534593,0.004154009070086634,0.0008072433794549503,3.5313260862168265,2.6033251461174802,0.4665629860031104,5.032166757717563,0.007574404038100629,0.06195993843296017,,37.9544619035157,165.15937456947185,409.09569405027275,81.30876964297157,angry,5f70907bf8fac448cc0a61f2
47,13.943742930781927,3.3706875,3.0080000000000027,0.0390776462832159,0.18153160856553022,0.039813751395454074,4.527709302202332,3.2590135496607076,0.2976190476190476,4.232294363314376,5.03141613987521,18.204758759000818,,51.27814533044479,215.60195182591792,311.2900017344983,108.23632783711865,angry,5e37f28ec8c25f16cd145935
95,12.167008196721312,7.808,6.080000000000005,0.0021016881642404654,0.011780541098648312,0.0021798634232117675,3.1066129460219147,2.471842540663058,0.3851091142490372,5.231198063471629,0.12462305434756085,0.5674884645371201,,31.901403233425484,249.20937548715906,332.1097134727104,69.61422994890482,angry,5f8470d2f8fac448cc0a6bd0
154,10.9375,14.08,9.856000000000009,0.002342728164188742,0.016072555696935668,0.0026136094166417617,3.3986628078822347,2.4813834426998014,0.42643923240938164,5.614544768533761,0.4742474458803106,2.2870036143609616,,64.30511595436134,189.15263805348735,304.8255647312932,78.68879274388489,angry,5f40b6ea9dd513131eaced3c
119,14.602346805736637,8.149375,7.616000000000007,0.06074370827864127,0.2846463846160547,0.05968216969834904,3.2440369068076285,2.228743242441578,0.12300123001230011,5.04293563095508,40.2885140177582,367.738556085536,,45.55673808252171,137.6636223723424,245.4321543948709,52.738136791911124,angry,5e49645a2a2d173b73a02f8c
38,10.99537037037037,3.456,2.432000000000002,0.0011462474981725388,0.0052856829701760305,0.001064364644729087,4.595912658782694,3.8458991717557947,0.5813953488372093,4.659024921271839,0.006340234834460154,0.013593624030617401,,20.54182578441517,173.7223623821067,183.25881701670832,52.67268217832685,angry,5f8ba2d5f8fac448cc0a758f
92,8.800985327705167,10.453375,5.888000000000005,0.0014114211669772655,0.008681231308188441,0.001808736353711313,2.908343605539461,2.551796332287652,0.6704980842911877,5.7871483101285675,0.1394138248484897,0.708885076806849,,32.45802068586235,254.40407313106144,304.8255647312932,93.02809702068926,angry,5f5b49e3b8781316283497d0
61,14.441287878787879,4.224,3.9040000000000035,0.013669923756925332,0.08545573054872137,0.017887309320288473,3.725702321147066,2.8709045549605916,0.23752969121140144,4.534494640691624,4.434243010513553,15.525867003611395,,27.738292643706107,93.02843118764562,75.13768379557115,26.989033112528965,angry,5e36a0d07995ef170fc0eb7f
170,15.149658575709305,11.221375,10.88000000000001,0.021857937158446354,0.09065761529097852,0.020294393709572554,3.495634302814185,2.3285440902607553,0.7136485280999108,5.542473144376969,13.501557666608795,101.01597532309134,,59.16536063908995,166.46023492532296,266.3857631030082,70.2246739999857,angry,5e369d7b7995ef170fc0eb41
68,13.171434451533239,5.1626875,4.352000000000004,0.007169142224478644,0.0573259811585252,0.010965335966491945,2.754115020798933,1.979130651024447,0.3883495145631068,4.186115840263785,0.22317050575877379,4.112185888222403,,40.671047620922344,177.11181722450027,210.4604045334168,71.10724387267851,angry,5e29841e5807b852d9e01987
69,14.973958333333334,4.608,4.416000000000004,0.0016783326416385334,0.00904814302612626,0.0017521358124125207,3.5731259383295493,2.66950436791642,0.2178649237472767,4.682903272186351,0.022483676944698067,0.11294900796907466,,51.2555309092075,187.00043803360842,213.04278182506044,56.06310723727896,angry,5e4372252b6c8802f2d85ed1
21,11.71875,1.792,1.344,0.006693401587845665,0.026288433012930604,0.004635886701660796,3.27457550751071,2.1752721313264063,1.1235955056179776,3.109440596681698,0.002186232262798721,0.02027870185787607,,26.173957139990726,104.05150143361945,55.01590304108102,20.774134336195324,angry,5e2846c55807b852d9e0164e
24,11.479477444620489,2.0906875,1.5360000000000007,0.0006055307992618274,0.003956810000277038,0.0008318593654302954,2.4238627111703366,1.7769976896601276,0.4807692307692307,3.2428046472661363,0.0008925833168938914,0.010095626597320863,,39.87628879676646,177.225205837174,184.6969657132611,66.31142231486464,angry,5e437c3f9306c7039ddccf00
59,12.346486352162596,4.7786875,3.7760000000000034,0.028392311724516086,0.16289998899188482,0.03951348350627053,2.6179121874528244,2.5513681010272817,1.2605042016806722,4.5894689649180105,7.529010563322061,65.479476531002,,20.561509695408837,102.92453284394757,56.9969395672486,17.038654986233627,angry,5e3ceb3433e9ad176cc9bd7b
87,15.331240707087394,5.6746875,5.568000000000005,0.02139804614529884,0.11554663008700708,0.024711152660337188,4.266500948462271,3.5030134419522065,0.7067137809187279,5.403435206679143,12.824175089226312,35.442844308019254,,46.2424772175838,109.63544796092408,101.65273064969477,30.53079904469143,angry,5e4642ec963e443aee02b0e8
91,10.717624456205696,8.4906875,5.824000000000005,0.001994357228584469,0.008536293560231984,0.0018557331196225677,3.6095871737894396,3.872486703393036,1.4150943396226414,5.974335945741004,0.1289781631549619,0.28418505022470253,,38.055740870133064,248.42882738015285,237.2347886829151,50.815590952087796,angry,5f7945d9111dfd48d40fd6a8
30,15.97975897196884,1.877375,1.92,0.04301364963212331,0.1805922713187086,0.04121300583018056,4.287803473141419,4.899671292715764,1.6129032258064515,4.390505401449122,4.33741618733944,6.2434298016492145,,36.174490321219515,124.04897600133022,102.05497993442167,31.667797825472984,angry,5e37ed4a05fef317e874c1f1
82,12.479668223454548,6.5706875,5.248000000000005,0.023256528011951428,0.12387530072387935,0.03280129237268225,2.7296994861213397,1.6851821814003989,0.45731707317073167,4.502849483937863,8.632701023639118,96.9047173826719,,27.889707644938532,251.41301234107166,289.94927830407346,104.96823397719419,angry,5e33bfdd5807b852d9e05444
85,13.460681941901322,6.3146875,5.440000000000005,0.022694367341856647,0.14113431211481864,0.030576177761556016,3.148031373189064,2.0745486046531814,0.15873015873015872,4.731452549495977,12.2941560431333,108.58639272507028,,48.6993817192952,117.58326987587378,99.54402211380453,30.32622045808726,angry,5fbdd7c3cb503578af9eeb7d
147,12.90379213483146,11.392,9.408000000000008,0.0001924647713242682,0.0011638716459592018,0.00025547968992340375,2.642576184154631,1.272514811475341,0.08787346221441124,4.361870176497776,0.0007076319319060411,0.013150582660079513,,39.66415047222535,148.47270470132656,300.57775582181085,87.22502468802163,angry,5e485c2ef2fe7a3b1d544c85
38,7.012768313360016,5.4186875,2.432000000000002,0.0016383840036397288,0.009467766508089573,0.002470547650852877,3.1824890934917134,2.388926681506825,0.18518518518518517,4.564296654013332,0.10565041754096416,0.3585631209210388,,31.68892826040599,367.3632457808617,507.7367134684793,182.79852123520888,angry,5f8a2a3cf8fac448cc0a7425
42,12.460366023251934,3.3706875,2.6880000000000024,0.0013080361870117354,0.00886084208211988,0.0014303524421526905,4.356917567898671,2.536806320180213,0.2976190476190476,3.8581899544026106,0.010025885307045132,0.0396040898171316,,45.09583567680908,157.17364536117762,169.92728827168375,58.93556520113703,angry,5e492269963e443aee02b46a
64,14.705882352941176,4.352,4.096000000000004,0.007201347309918047,0.028840624501376866,0.007066598344663362,3.8143061668384566,2.022899290176076,0.2304147465437788,4.165070512331524,0.19279138201337614,2.0844726732489027,,65.9893923036064,173.21051124187414,186.14344552045984,63.84536992964153,angry,5fbb14764c55eb78bd7ce36e
61,14.892578125,4.096,3.9040000000000035,0.01578229918373165,0.08980168471742528,0.019976529136489573,3.9260021175565267,2.4688300613331426,0.24509803921568626,4.28930028779977,2.5634809684512656,18.31959548284701,,64.78364295790615,146.24751520713232,192.36633020588772,69.57318864323726,angry,5f677e02d338b948c4e682b6
76,15.489064669392537,4.9066875,4.864000000000004,0.020920422515851234,0.1420411146222212,0.02781149411071467,3.752957244540877,3.1078868131247703,1.4314928425357873,4.966825771864168,8.277590622498863,40.01949993896743,,59.83217023289356,198.65864692106462,335.97481460606457,91.98083200338817,angry,5f5d75a654b2361621284878
126,14.990407923501332,8.405375,8.064000000000007,0.033263936128685605,0.20207002041816804,0.036947066482431706,4.469593293013201,3.021511933855758,0.35756853396901067,5.269016375446308,37.678990753281475,120.98355408966184,,33.90155288550455,94.49540769950984,71.14823596668148,25.215263099767736,angry,5e3779e6dbc4b7182a6a9859
153,14.007541642109599,10.9226875,9.792000000000009,0.07527911057815756,0.35520981336575885,0.08290882264810076,2.7511548238246104,2.2328678523129475,0.27497708524289644,5.40008612541069,176.19949912042594,1542.0002760265736,,29.24511563406368,249.9328421646069,197.1859313963968,35.77516687627092,angry,5f60bed2b878131628349c6e
171,11.684567914415664,14.6346875,10.94400000000001,0.003503014588408448,0.013503392900815337,0.0034899290515998465,3.1202193857172897,1.8351580159817342,0.13679890560875513,5.393583239486833,0.39729610385459857,3.8255227939286023,,43.759824904833884,213.07192488873696,1372.1893951664872,276.04032272983517,angry,5e40fab22b6c8802f2d8591f
86,15.625000000000002,5.504,5.504000000000005,0.03289497942501876,0.15641757622512167,0.04129170885378528,3.421327082457294,2.414361316579084,0.18214936247723132,4.7032176679595095,21.711662127039734,120.85668842372398,,58.65621670217489,119.09943208620054,152.37383415501247,55.909210058370945,angry,5fb88f974c55eb78bd7cdd13
148,11.601132678156752,12.757375,9.472000000000008,0.019662149450803686,0.12425106864938412,0.0259370704964242,2.9120327017795553,2.1122493144594405,1.9623233908948194,5.547051427546566,22.24393995721985,217.4852966749349,,42.02167381272854,174.2768345354789,349.7200925459883,89.4845209739971,angry,5e3952a0ee8206179943d3db
109,12.709888059701491,8.576,6.976000000000006,0.0024719947328150278,0.014323088280224484,0.0025800553518343502,3.038017878032147,2.5235730950461535,1.8691588785046729,5.369020055553305,0.13123891542767988,0.7430346702960264,,54.19327921225153,212.39167922042344,260.6927540422733,59.79318925319623,angry,5f87b8ddd338b948c4e69939
37,14.951382750347266,2.4746875,2.368000000000002,0.016970641810470984,0.05673825383012447,0.01398391644617083,3.2016815213164027,2.5451916723374404,0.8130081300813008,3.845619608688299,0.4611930783574088,3.1802337493093074,,93.33251799798553,203.83459142827363,333.6919723948896,77.28969984566757,angry,5f88f0e0d338b948c4e69b4d
138,14.569256756756758,9.472,8.832000000000008,0.001399615183455108,0.008705177664816545,0.0018420631040243134,2.790107201523333,1.885376419576416,0.3171247357293869,5.199202840163362,0.06728111333124263,0.7210831185885556,,47.35159135105086,156.61480845565913,434.3939314265223,112.3451936231863,angry,5e43aaea189842034d9f77ba
59,14.555771425047029,4.053375,3.7760000000000034,0.023320354339058783,0.10961351793037104,0.02620880126989879,3.4624827224538057,3.4275714123019037,1.9801980198019802,4.658747630167585,5.441144334777939,20.41830094535892,,61.713334225917215,240.14481883126328,249.5070503172448,60.100745881840425,angry,5e520f448849ac3aacea565a
121,15.581990567100751,7.765375,7.744000000000007,0.017577050878302802,0.07722074319873089,0.01873246201877146,3.0255847248118197,1.709094767120475,0.12903225806451613,4.699363153432364,4.012263998784332,43.49820731292183,,57.91928447705203,151.9054232788566,262.579472972667,85.7489174054704,angry,5e362adb8661d6073410fab4
67,10.538940993727756,6.357375,4.288000000000004,0.0011402170193840445,0.006501676996449402,0.0015886403788464589,3.291331860350557,2.332404253015438,0.15772870662460567,4.642684765346567,0.05108547932976135,0.2834060993706599,,38.97835001695417,198.90084878034693,428.6579028942699,103.16303468956586,angry,5e426d9b2b6c8802f2d85c27
57,11.321457389361305,5.0346875,3.6480000000000032,0.0017082745856320132,0.009153950586117645,0.0016821741734267205,3.8172984280960587,2.827952749484662,0.398406374501992,4.779945094534277,0.019742172134018313,0.11526207357359362,,21.213970681683648,102.21637923072501,55.020959784576505,15.613913406721279,angry,5e3d3523dbc4b7182a6aa93e
41,12.319711538461538,3.328,2.6240000000000023,0.021149068475434105,0.14889386408961194,0.025670127373635006,3.3730362821286737,2.2087602434940705,0.3021148036253776,3.900970091414112,2.718524612804071,14.199734821223677,,37.9511374946711,100.47224553433031,107.52972650401387,29.86453070922803,angry,5e37a10e05fef317e874bda1
69,10.366586538461538,6.656,4.416000000000004,0.017371351456002198,0.10894189021199953,0.023675680928887367,3.5906651656440194,2.663267877813007,0.3012048192771084,4.949775117407166,9.52885915820518,42.72049530380941,,39.08986296230785,169.66185563340605,350.1151609054579,75.89129281468192,angry,5e4868417bef803b4851dac5
72,10.680313734215943,6.741375,4.608000000000004,0.0014201766246584033,0.009612438194788941,0.0017201059693848651,3.1665427658731637,3.3199044833538216,1.0401188707280833,5.361340635085777,0.048054527110546655,0.16861751797308397,,41.507387152699096,302.0779872256154,491.9473358936035,127.40190241657231,angry,5f5eb73754b2361621284951
40,10.416666666666668,3.84,2.5600000000000023,0.02462491712934514,0.10727314639050853,0.021487332342230738,3.5652002625606705,2.693777577687521,0.2610966057441253,4.341717273609473,3.291823390506375,11.404925428910524,,45.39797416975512,214.09321067035162,241.4928857011996,59.18967298522007,angry,5e36cfc305fef317e874b913
36,15.34077289796788,2.3466875,2.304000000000002,0.03062212428930203,0.11686412650511871,0.032101893362087526,3.504719789458498,2.037173096109965,0.4291845493562232,3.0789576125976947,1.0946005669552183,10.017649149538409,,23.258138929753095,104.8104389323115,64.25125509628117,18.957488259158005,angry,5e37b421dbc4b7182a6a9bbc
75,15.28526118690053,4.9066875,4.800000000000004,0.032379529264341976,0.20165758442198825,0.03518488790125192,3.52574351950721,3.0328083794524763,2.2494887525562373,4.72763240881216,7.036436962557701,30.97983725883465,,67.60812528113476,146.78247231996696,165.29955496661373,46.72114723282421,angry,5e514af4963e443aee02b676
80,14.534883720930234,5.504,5.1200000000000045,0.035221710410296016,0.19379675280909595,0.04302780573990561,3.305435708117506,1.6342782989707696,0.18214936247723132,3.9803917216085005,10.25877063431164,125.71996608655132,,39.502536048813276,372.59247222489,1955.7864375994998,644.1838080007907,angry,5e3658b9c8c25f16cd144b86
73,15.84201388888889,4.608,4.672000000000004,0.037788423665563106,0.13079554356033576,0.029262433909827128,4.342378664769399,3.3185411166660668,0.2178649237472767,4.767934665189536,10.190246888044687,27.10880763260085,,53.94900679531912,107.42315711592084,87.82122781686914,25.250329900312515,angry,5e47f551963e443aee02b1ab
72,12.228260869565217,5.888,4.608000000000004,0.03303467417537438,0.21934979806670485,0.03906756652606537,4.192703335533128,3.191792171249173,1.192504258943782,5.1378559362502045,20.707149536695315,86.92170405347417,,56.83370506317127,246.67457734463653,485.6437935097475,112.37662432836834,angry,5f656196111dfd48d40fca40
71,10.335729233008825,6.869375,4.544000000000004,0.0028330033818423795,0.031585369638114126,0.005224483849836888,3.892036964852291,3.122755937637703,0.145985401459854,5.3200623952533785,0.9810211429907333,3.4398181565287693,,65.50250026440092,210.25297222361115,416.7086882620755,103.54297674708471,angry,5fbb1ae34c55eb78bd7ce398
63,9.650735294117649,6.528,4.032000000000004,0.06514026876817823,0.2658139865956616,0.06823880067657334,3.3530549656663537,2.200324989758989,0.6144393241167435,4.721767459708583,68.17818532374774,378.419208867997,,40.36505296246772,387.33308221761655,1464.5650950427198,454.92009560761085,angry,5fba378844697678c497b3d8
24,13.392857142857142,1.792,1.536,0.0788459251146669,0.24688904277908452,0.0758625216243139,4.1076887239251425,3.802964658266429,0.5617977528089888,3.9145078291675866,11.439846653026034,22.561696345803057,,44.51623598190915,241.280466926769,274.1315381390467,91.13517650522819,angry,5e33cf4e5807b852d9e0587a
97,15.571385572388882,6.229375,6.2080000000000055,0.021214470116709058,0.14701747216671246,0.03032045536465208,3.0078500344129036,2.1550862045359485,0.1610305958132045,4.711520264756347,11.847486026673426,76.49730418534368,,49.416191385062746,153.09708386818187,258.0107141275109,84.5879338949771,angry,5f62bf103bd6941613f6d64c
36,15.06670154329061,2.389375,2.304000000000002,0.010684970583304622,0.03440802048221317,0.01052422489423853,4.414463227167841,4.194669395246955,0.42194092827004215,4.422193407710254,0.5657707770742328,0.8421269845853812,,63.370729405926774,259.0832387147981,1095.637028335432,311.1486344454552,angry,5f5f8b44b878131628349b71
101,15.78125,6.4,6.464000000000006,0.036256796280850996,0.16589581889259544,0.0388372507957668,3.5265608710059184,2.7862465475090046,0.6259780907668231,5.075150620478814,14.464277370542238,67.35449856003957,,30.292357998759343,216.43652257622307,135.44687786976178,33.2080818733134,angry,5e37e2a8ee8206179943cb8c
32,14.705882352941176,2.176,2.048000000000002,0.0467973201088939,0.15702768389846217,0.039318670880915584,4.3128595947324095,4.8161869803669575,1.8518518518518516,4.321640234123631,4.67928891502164,6.296757748950475,,56.12177310147922,328.38528318941127,380.12730362033943,110.18266135531813,angry,5e537874f2fe7a3b1d54513a
62,15.295895395812131,4.053375,3.9680000000000035,0.0006660087112264879,0.0031120838315542246,0.0007900004593772576,3.972083435909998,3.856881901100238,0.24752475247524752,5.0143236527042685,0.005501879388312624,0.017381139467351443,,46.391911019797185,246.67508834191955,492.5043488765869,118.3217851416094,angry,5e32e1105807b852d9e04172
97,12.288786482334869,7.893375,6.2080000000000055,0.04677133984392629,0.39498881347870957,0.0646932970145437,3.6924137429827573,2.877198129052097,0.12690355329949238,5.32430442769494,152.29045407479066,604.391550791567,,43.621172448929734,160.16063846911322,317.11217148651167,95.59492999914606,angry,5fba375ccb503578af9ee155
71,15.848214285714285,4.48,4.544000000000004,0.02231139892649916,0.07743505064821518,0.020095283381059918,3.362705192251076,3.3652298363412636,0.894854586129754,4.760625064921664,2.7115379872642853,13.087326357191257,,25.575136590195207,94.8138513725156,52.16256013940793,15.02426181274876,angry,5e395095c8c25f16cd1460a7
87,15.68503724069546,5.5466875,5.568000000000005,0.01335565623883176,0.0808933832846055,0.016247125651977553,3.2731085428318547,1.605853849688812,0.18083182640144665,3.740542347175234,1.623987140753636,13.165245158474,,32.44971792348823,85.48017271324623,67.27235997334921,22.33316380289865,angry,5e366e5705fef317e874b539
60,10.340036405544843,5.8026875,3.8400000000000034,0.07914577423839807,0.3520261267581046,0.08448874705273157,4.420626936747476,3.4439926549594446,0.17271157167530224,5.039971631310507,164.5688833503333,416.28724374104684,,42.91307288207852,124.89871066565411,138.2366018335302,39.9351431163127,angry,5e53585cc38c123b9ec6dda3
96,8.96410854975197,10.709375,6.1440000000000055,0.0022495095006763366,0.013876786876431658,0.002782904045592207,2.907399711746601,2.872164094337886,0.6548175865294669,5.724667693802144,0.3162989920696933,1.1450469052600099,,40.11661851920341,225.2731888162191,268.30546129938955,60.186788959911866,angry,5f8b820a9e04b149046cd2e5
52,15.625,3.328,3.328000000000003,0.03975957021850473,0.2781720407163762,0.0448624891283801,3.4582425007132542,2.364477439556893,0.6042296072507553,3.5697149652046076,5.493178467103028,34.50469171134927,,34.74249041194429,109.91417594749552,93.57086586709416,23.236738155283305,angry,5e462e5d8849ac3aacea4fe7
107,13.855280302355883,7.7226875,6.848000000000006,0.06744634029804601,0.25579846184170985,0.06651994300471241,4.267128569803775,3.5584682083030015,1.0376134889753568,5.731561705828759,125.41243926287996,377.19639908755823,,43.997139577654664,116.12285403115554,130.90826859169485,33.10475816940099,angry,5e40dcef48600202f726fa12
86,14.605978260869566,5.888,5.504000000000005,0.035704244383610716,0.33329020602084236,0.06278430057365349,2.8353720486378364,2.218209375209859,0.17035775127768313,4.776061574505728,70.52409061816807,386.3813320581445,,32.23543911840289,147.11323459500517,213.66110025943624,82.59846185642812,angry,5e2e40a65807b852d9e02797
84,15.501908903216878,5.4186875,5.376000000000005,0.0204262723394316,0.08618172637984875,0.019934298780351953,3.447551999949897,2.8012646629208886,0.37037037037037035,4.8846516341489545,4.377445795971301,17.7118010626984,,62.03744384034569,163.71030027996252,218.532010492967,58.52494254091267,angry,5f60b96e54b2361621284afe
55,14.322916666666668,3.84,3.520000000000003,0.025617881647765666,0.15688301671173374,0.030513462965904375,3.1867966794319678,3.897314481946655,4.43864229765013,4.8239915162515,4.616755579398611,16.243035708335167,,41.56759054038773,237.9264535024584,317.7196102472441,104.48062839178868,angry,5e47d835c38c123b9ec6d702
65,11.36885371346116,5.717375,4.160000000000004,0.0033532956542904743,0.015750095620597003,0.003254319496506242,3.593264195722242,2.9229569346150406,0.17543859649122806,5.1073578175111995,0.15017654538787,0.7411492614328782,,35.206653052068305,113.4340500218986,134.33268480704808,39.24851218546037,angry,5e41f5f59329cb02ef38a786
61,14.588502585871872,4.181375,3.9040000000000035,0.000651677524117494,0.0032841944210688194,0.0006291532341455178,4.915940040842875,3.8977326693048515,0.47961630695443647,4.681446774002328,0.0027264943937037804,0.006100109077479281,,54.05020146906167,187.49131914245257,264.4771215546362,58.705329330696706,angry,5e47e6512a2d173b73a02bb6
49,15.519220871768479,3.157375,3.136000000000003,0.037471596823223575,0.13929505647007062,0.03542289112735442,3.4898104594692043,2.583492586657756,1.592356687898089,3.8504375523881786,4.487205625494258,26.29667902243537,,48.195680934232,248.322547729128,334.6271974809243,96.7510378442666,angry,5e36daf8c8c25f16cd1450d2
168,13.038037309740695,12.885375,10.75200000000001,0.04127638532312783,0.21113353711845967,0.04915742770732262,3.5369408906087716,2.836306857674954,0.4662004662004662,6.000047964309409,172.43017206788755,684.3311632572644,,60.05787446279415,192.09184730516202,498.7979725567376,111.00461622466509,angry,5e4891842a2d173b73a02dae
61,12.997043705222788,4.693375,3.9040000000000035,0.0194959239577413,0.11654485745170341,0.023380419154741008,2.99974263730067,2.3873354178344353,0.4273504273504274,4.479878724514368,2.5031386736114642,16.741496286348042,,47.05561281290167,196.97647361208817,222.92898664870052,79.1217508817599,angry,5e45ec31c38c123b9ec6d5cd
59,14.868951612903226,3.968,3.7760000000000034,0.0007305723137084431,0.0054381088675684785,0.0008455430793630382,4.5625127908401915,2.8813546498296683,0.7594936708860758,4.53287096963974,0.003700374339507704,0.01611904911402967,,35.76762679686905,88.69772254783237,59.848482856630554,16.13758699326768,angry,5e4163762b6c8802f2d85a7e
48,15.84485248607386,3.029375,3.0720000000000027,0.03407849051109341,0.18694386092697377,0.04495495518101073,2.8758619802220107,2.0502603742291954,0.3322259136212624,3.434754115663027,1.6137165662030253,16.657327560150172,,28.563004849116297,113.5481730946882,123.14500086724917,41.5985590024302,angry,5e3925fcc8c25f16cd145fe2
47,12.808720831204225,3.669375,3.0080000000000027,0.030390547459187903,0.1606203641526346,0.03768113193228526,3.200865416085163,1.5431491600013798,0.273972602739726,3.0475384719418486,2.825324302872334,32.5166461981879,,29.344172845117225,92.54821477991831,95.04877373483913,33.181552438674295,angry,5e36389d8661d6073410fd22
108,12.914508643303963,8.3626875,6.912000000000006,0.0007973779832645042,0.008154230650138613,0.0010149342628096444,4.877792985398182,3.2495805307564862,0.23952095808383234,5.4942487933890325,0.04031569549895215,0.12333250189236632,,55.601832988455804,158.7957959713361,470.23716305461573,75.13756615499258,angry,5f708a05111dfd48d40fd3ce
70,12.063375806468985,5.8026875,4.480000000000004,0.03972479173160763,0.25238348849818437,0.05134036739520312,4.3739187642114485,3.153551076724663,0.5181347150259067,5.073934553226365,46.35312246080331,138.71706476059413,,43.52990063979756,154.4914672238548,188.30632817327896,63.64010466635076,angry,5fbc824c4c55eb78bd7ce860
57,13.916015625,4.096,3.6480000000000032,0.03127324237330417,0.11524708643847516,0.02591741672849263,4.992035447034033,3.3032124087197885,0.24509803921568626,4.568332619542082,2.1726508871710335,8.688466880659686,,44.70743939352432,201.14653829317965,298.47218288654506,77.35332175900714,angry,5fbcdae744697678c497bc67
172,13.665231618724148,12.5866875,11.00800000000001,0.03628200910017258,0.2065505718766148,0.04061533266270738,3.591018850204036,2.664405171722847,0.47732696897374705,6.049633788001225,96.02288510148333,493.2089211864749,,51.731249386431735,203.0846538070784,409.09569405027275,101.46152197034958,angry,5e40d00d48600202f726f9c1
44,15.16522338546379,2.901375,2.8160000000000025,0.040535480271144515,0.13965299900158154,0.04385700379204511,2.6207704353696726,2.110034480183275,1.7301038062283736,3.6524402713375173,3.284893153943044,36.44308792772014,,44.93315830517344,160.1712279378647,182.27834438710562,61.81686593510632,angry,5e36a4d1dbc4b7182a6a9565
58,13.593683624591678,4.2666875,3.7120000000000033,0.03932826766588816,0.1981428713882973,0.041848609970363854,3.9738525125926034,3.98648778439097,1.1764705882352942,5.103205413580679,15.805194815477687,39.06754886358525,,66.22245063093254,231.85713852098272,382.2144606677041,75.37323343220744,angry,5f7916e6111dfd48d40fd653
67,14.95535714285714,4.48,4.288000000000004,0.01630071914437039,0.11604803431997841,0.02340459886028468,3.339987615437858,2.086852045936387,0.2237136465324385,4.25320094772173,2.671748388261766,28.06339535438108,,41.40709230949196,153.10563220867365,266.3857631030082,96.73985358635069,angry,5e369727c8c25f16cd144e6a
27,15.82011938330831,1.7066875,1.728,0.01336147322842265,0.06823455741867294,0.018061046556925926,3.1584689122660023,2.321505813304406,0.591715976331361,3.0294112174847814,0.12510905820362486,1.1953955050693787,,68.95320711638159,151.96253735822398,220.17449472060275,86.24747461565185,angry,5e3504ac5807b852d9e07297
78,11.570339878733938,6.741375,4.992000000000004,0.004834982957399149,0.022539276703263215,0.005390614705044875,2.8175620940369392,1.6946008006364286,0.44576523031203563,4.230959191357798,0.17967687336297106,1.9252822892617023,,43.00160630536106,147.7183751272333,195.0,50.77995418475602,angry,5e40fc170b3f160367c20691
76,15.355474176032327,4.949375,4.864000000000004,0.01426426814648359,0.05670771001221586,0.01473858002392908,3.640220955099638,2.743392162959678,0.8113590263691685,4.621566375181598,2.7699718108187437,10.510225120597847,,25.883788203194584,93.77794925706698,65.0,19.88604992837064,angry,5e378ee4c8c25f16cd1453ca
145,15.377477298336316,9.429375,9.280000000000008,0.00034818799848121965,0.0040844065614587585,0.0007176711820240599,3.644862184266794,2.2622546929179705,0.21253985122210414,4.9271693054367525,0.029213916019167813,0.17293027396706423,,32.794779795651024,91.3466545350124,190.5333556217653,53.41562875000507,angry,5fb87af944697678c497ad84
193,10.643357896696008,18.133375,12.352000000000011,0.00018031635674263578,0.0029543548050213913,0.000323673969652439,2.440713154161222,1.6672976861199462,0.22075055187637968,5.86754893434453,0.004350950492752934,0.05316460430507315,,50.38315800183426,272.198741055983,1820.4604151304698,471.7086042125695,angry,5e42bc150b3f160367c20b07
60,10.116870936126713,5.9306875,3.8400000000000034,0.0020791391417757567,0.011380253706936364,0.0023418623877694386,3.3676213620853885,3.2670957727884784,2.027027027027027,5.123077396323741,0.06243119984137144,0.2560335245022386,,40.258029797114744,254.83979304931458,286.09098600372937,76.02156699534787,angry,5f917627f8fac448cc0a7e68
59,11.818910256410257,4.992,3.7760000000000034,0.01598269608354395,0.07784494953673193,0.02006950541356229,3.1561688708154167,1.9614383382141163,0.2008032128514056,4.241483746135632,5.114641081336654,30.13472305326985,,69.40347120516073,164.26392987022462,230.23115155842805,75.24722337240082,angry,5f6a3bc8f8fac448cc0a5d12
51,14.062419218639599,3.6266875,3.264000000000003,0.0234462118905464,0.17629871975763267,0.03496726890606288,4.555982569429116,3.5741426328483237,0.2770083102493075,4.683182713817303,7.536234459095299,21.26519545379231,,50.110177855054445,185.28762485417627,233.66157229922914,77.94727205031779,angry,5e369a7f05fef317e874b730
163,10.409556995118525,15.6586875,10.43200000000001,0.0017654443293495781,0.016471627320222407,0.002588126726386658,2.810466064059044,1.7457494054278195,0.2557544757033248,5.513810219697643,0.3012447172008607,2.5827847837100113,,39.58186326827697,189.19247942832894,350.1151609054579,85.84377128324404,angry,5e43d6b29306c7039ddccfaa
28,14.266152915326561,1.9626875,1.792,0.034369930968739935,0.10972377312497174,0.03162431151251392,4.480853469211361,4.716199948896928,3.0769230769230775,4.259661576077807,2.948618529180685,6.427636158712998,,22.621201338567317,439.49573634107156,452.5174856640822,144.36990496923417,angry,5e383623dbc4b7182a6aa24f
117,12.87411971830986,9.088,7.488000000000007,0.08945310504519165,0.4341017939629924,0.09123395591281785,3.28580741540141,2.983957962527733,0.4410143329658214,5.606382087108311,318.456965179553,985.0704468320293,,32.23726056240315,344.2771501923933,1663.9748239769986,353.42677253209604,angry,5f5e099354b23616212848e2
32,8.426873827314921,3.797375,2.048000000000002,0.00047343371209605545,0.003717678928879547,0.0006444941373980424,3.102815129624343,2.5465929676614136,0.26455026455026454,4.545957384495445,0.004024754724350963,0.017647485159701177,,50.899398666557246,640.2811774632783,1220.5584107280267,460.34714809464424,angry,5fbc6c8e44697678c497b94a
32,12.294983550656774,2.6026875,2.048000000000002,0.09908799175396385,0.3815178850296662,0.1021788419460113,2.8169648480033675,3.2518484096964646,2.7027027027027026,3.745062728541063,20.28564959329427,120.65838814823103,,64.32885747700537,306.5486378364118,652.0753946034532,183.69781508663957,sadness,5e36c3b233e9ad176cc9aaea
118,10.205239915028406,11.5626875,7.552000000000007,0.0007557323892616763,0.005438618759253776,0.0009857517275352516,2.9371905864399594,2.031178320129477,0.2597402597402597,5.289196922946162,0.030867292050009872,0.2659264084324732,,28.474807651409478,195.57388078979716,149.41326907638876,26.085708212513318,angry,5e48154fc38c123b9ec6d847
69,14.70157402721922,4.693375,4.416000000000004,0.020070878940192795,0.13389675542054352,0.025746419234086854,2.6450951560759464,1.7865047894595838,0.2136752136752137,4.110511477845963,2.4301326365752702,26.155314189014543,,52.60635648048471,185.28206348807032,244.19384990070745,82.78300243497914,angry,5e44352b2b6c8802f2d86089
72,13.18349316792932,5.461375,4.608000000000004,0.027330937744290847,0.11443628050696673,0.029380365269070015,2.9360339803963176,1.5297026290714082,0.18348623853211007,3.68333337022129,3.3655371071765914,36.916825813621735,,42.93077944895737,142.63045936570086,201.0772119191614,50.96627965794614,sadness,5e380ff5c8c25f16cd145a7d
64,15.305969926160653,4.181375,4.096000000000004,0.018811584129954786,0.08586215850744332,0.02286818232245876,3.482836585489066,2.7471631582143026,0.23980815347721823,4.513556292141881,4.396681794532931,15.14060620656271,,28.746036864525642,105.23634009302495,88.70651218352927,26.515351466626647,sadness,5e383be7dbc4b7182a6aa273
121,13.76662163123089,8.789375,7.744000000000007,0.04784088850276013,0.2745200256230909,0.05810325087637278,3.628053001138019,3.20424554914618,0.34207525655644244,5.70664704042434,127.13329292699356,437.1917187899142,,46.45266388935214,183.72722263436816,342.9837309063103,94.10620282620856,angry,5e4890d92a2d173b73a02dab
33,9.915865384615385,3.328,2.112000000000002,0.08826808549485025,0.25948022151424316,0.07743579973967378,4.636117908808747,3.224694137676565,0.3021148036253776,4.1437691140509,25.79841027783491,106.25261072746953,,21.116119628055884,121.14761527473678,89.29520501683466,23.499429041811418,sadness,5e38de4fee8206179943d19d
90,14.349489795918366,6.272,5.760000000000005,0.011763030918340984,0.056770318883265045,0.012020115690231946,3.666632127863384,2.2698330786032335,0.1597444089456869,4.6475328108381655,1.295409375475191,8.98727785687538,,31.317290434611603,118.69638072095458,88.70651218352927,14.04436297590487,sadness,5e300e4a5807b852d9e02d55
93,15.349859189799773,6.0586875,5.952000000000005,0.0394845787928483,0.25066166267503087,0.04712728443428106,3.004201294059915,2.267898411721071,0.6622516556291391,4.765586450337265,19.617422997458384,143.86124653385914,,45.42513399397974,169.7848709467658,207.29647193336302,64.76940856705451,sadness,5f6382d42e23c7161accd5f2
46,8.694522214740523,5.2906875,2.9440000000000026,0.0027714739518720686,0.01749014049596328,0.0033785529854063645,3.0510170850906446,2.5622444995047227,1.5151515151515151,4.730726808122332,0.08352553889392966,0.5403631601849296,,33.57018163141597,238.98878295749145,152.77892815414606,36.28250874446692,sadness,5f8d70e19e04b149046cd636
88,9.821428571428571,8.96,5.632000000000005,0.0026909667536072907,0.018075079981912674,0.0030163719893020013,3.4608728911066335,3.4193635835263607,0.33519553072625696,5.7329942976221355,0.2928525704780497,0.7981809910326637,,40.3051912932469,339.4587112494086,1355.6818670245716,272.4731798271858,angry,5f6a1c42d338b948c4e68532
101,15.371298665474503,6.5706875,6.464000000000006,0.00922480012870734,0.08641459567196454,0.012930645167595851,3.96288317962287,3.8505714597767704,1.0670731707317074,5.572045606324481,6.177573292121492,11.000713883605036,,49.44605929257607,165.80750162070652,173.28635180482655,48.2581349191325,sadness,5fb8c46a44697678c497af28
70,13.447638258530846,5.205375,4.480000000000004,0.0008891862630089301,0.0045545834110974175,0.0009327991730345672,4.5850754898733594,2.519267874666227,0.19267822736030826,4.286569227222424,0.003579471347892699,0.02008203893233681,,52.56893900980921,140.08455782104514,128.6580702059513,32.874585054527884,sadness,5e43700f48600202f7270095
99,11.838299589695298,8.3626875,6.336000000000006,0.020247270574173543,0.26215177961858743,0.040994471103075955,3.506655240255034,2.8484408681850875,0.3592814371257485,5.3780641714466055,62.733605612726144,209.60427666581157,,55.90776856338642,352.766601185088,1605.0795942758232,416.0328964139118,sadness,5fba373744697678c497b3d2
76,13.70187161256155,5.5466875,4.864000000000004,0.04455905432179916,0.23426962913296745,0.06059510217381985,3.4636674784169514,2.43691122189217,0.18083182640144665,4.3444574225156405,74.09918118253583,291.17733382498585,,58.00210011954412,177.0660800614144,218.532010492967,71.60858057499959,sadness,5fbe094acb503578af9eec2e
78,12.269214888220374,6.357375,4.992000000000004,0.016507339291928234,0.17784124785529692,0.03133224234931707,3.408814734074589,2.0151829411139435,0.31545741324921134,4.4260357007774,21.506541229467853,135.47879031763114,,31.15348994418007,69.70042315797562,53.52392351256819,12.265721147543045,sadness,5e367b9933e9ad176cc9a803
32,14.999707036971934,2.133375,2.048000000000002,0.0017357622597484205,0.007855317565610549,0.001420354932786432,4.588623641542017,2.867795108950911,0.4716981132075471,3.581002591059195,0.005682048793120268,0.02239147011453853,,60.09785593937692,124.04947592559228,95.04877373483913,34.307839115186816,sadness,5f6ea712111dfd48d40fd26c
31,13.972224569706189,2.2186875,1.9840000000000018,0.03402504668088945,0.16045199813527092,0.04263634999923729,2.757095088188472,2.462601570901451,2.2727272727272725,3.6331349460938003,3.5613394841042734,21.352877645871413,,14.318543227125403,115.67383710056853,72.28332367296096,24.888768251908548,sadness,5fb8e53644697678c497b013
109,15.769675925925926,6.912,6.976000000000006,0.008059529513770317,0.0537213547852766,0.01363380775183077,2.4689408224404183,1.4208401733833071,0.14492753623188406,4.284513872531586,2.2431384035758506,28.37993678096639,,39.636694204845384,145.8778267534306,340.6339175269542,84.15484572580286,sadness,5e2ebbe35807b852d9e0280f
90,14.750773391243778,6.101375,5.760000000000005,0.006767595226836678,0.03523577623558768,0.007509253141512349,4.531483176558319,2.852819792025679,0.4926108374384236,4.669372183477391,0.7324311108733074,2.753937650114909,,66.82852387729679,147.08436567434467,218.532010492967,60.266092615961824,sadness,5e3503b45807b852d9e07269
50,12.335399512751719,4.053375,3.200000000000003,0.01307569814520651,0.043673942468459966,0.0130073591434351,4.854584179648124,2.686615796991716,0.24752475247524752,4.456709793965268,0.9307604554128844,5.8125407768677535,,37.095312197467585,104.42418805407652,90.49249582586248,27.455048752481943,sadness,5e4860af963e443aee02b325
53,14.27801724137931,3.712,3.392000000000003,0.029282214300922184,0.122951626233782,0.03149764411624157,2.889020401705541,2.1032969505209933,0.27027027027027023,4.156623878884726,2.101072753850211,23.669420069778468,,31.53235408824186,210.873996702327,250.17980327586957,58.78317291257296,sadness,5e3413015807b852d9e063b9
15,7.642581918924944,1.9626875,0.96,0.0018848018340187273,0.007705360179399008,0.002095906433641913,2.8955517568199474,1.7188241599555822,0.5128205128205129,2.7717432425878634,0.002926321588727029,0.02918121260347115,,56.96092982072597,306.4557659072591,449.2227450402797,160.53033093659363,sadness,5f793a6dd338b948c4e68d2d
67,15.70304832495935,4.2666875,4.288000000000004,0.015639140204365836,0.08820843724440315,0.01739675468510804,4.240240356701477,3.171605402660313,0.23529411764705882,4.532027323344511,2.4985988264672656,8.538177077694016,,42.26940352025722,168.58904667723786,226.84013256043693,74.5894181008431,sadness,5e37eb2cdbc4b7182a6a9ed6
63,13.546384271142706,4.6506875,4.032000000000004,0.00030045859269641037,0.0013759464536407327,0.0003575217714288174,2.9580770519006094,1.5141988766090955,0.21551724137931036,3.560336250900164,0.0006380361222458534,0.007125360845822551,,38.80033553110576,150.9512141886021,186.14344552045984,72.06853693181839,sadness,5e42b8102b6c8802f2d85d72
64,15.625,4.096,4.096000000000004,0.043590531890668936,0.20837351894461495,0.05942213574836173,2.9902613559680855,2.028734972754292,0.49019607843137253,3.8828112790207046,9.089401012079247,111.13088875137737,,43.00380317370019,113.75662726095563,172.04784702513638,45.0112413455679,sadness,5e3817f633e9ad176cc9b61d
38,15.625,2.432,2.432000000000002,0.032323951524729215,0.12155298253524979,0.03336024949914297,3.547868510295651,2.528779331059077,0.4132231404958678,3.7593826256790632,1.7514711968864967,14.920898405643904,,47.07604910855471,119.49498529331258,127.54268179725335,43.36242958090885,sadness,5e36a57adbc4b7182a6a956d
135,12.758266293369246,10.581375,8.640000000000008,0.0022297087321154754,0.016532606514939062,0.0027904767147611306,2.911174825389663,2.7848214213711544,0.9460737937559129,5.940872923600239,0.3233035088051779,1.700586501036885,,59.01910454275078,216.20557436084889,443.1231835858079,77.16824087704582,sadness,5f871b27f8fac448cc0a6fe0
122,13.74696292122962,8.8746875,7.808000000000007,0.018831254574146215,0.10673853120304459,0.019248870103167046,3.7664204718926158,3.0155986528829426,0.5643340857787811,5.188211754544672,9.237120614903024,40.75906949771435,,60.125558784137475,197.396301149675,354.9385667360219,71.1923931262923,sadness,5e42a2ed48600202f726fe94
69,14.836516106489631,4.6506875,4.416000000000004,0.007562985360865117,0.035341789401310435,0.006596465256701114,3.4425096855258754,2.331440976855794,0.21551724137931036,4.3973791282479935,0.25821393056888287,2.9797519703917894,,36.08192503356219,125.93382597201371,255.0975474696782,89.14646220510429,sadness,5e36a619c8c25f16cd144f61
56,12.382018434835482,4.5226875,3.584000000000003,0.016439155203762913,0.15242625437788695,0.03134807152381284,3.3076755705630285,2.376166398617383,0.22172949002217296,4.524877608762873,8.820074083233429,57.34236577584153,,31.262309238668724,175.677278083114,216.23228277441723,68.6277680573595,sadness,5fb8cf014c55eb78bd7cde64
37,15.76690547846699,2.3466875,2.368000000000002,0.015355817853944928,0.09117268479276054,0.022214290055878636,2.8001119433375434,2.923204989268271,2.1459227467811157,3.8167037269580475,0.9763370782887997,7.822443293429281,,28.555729503901663,88.8017185805951,51.48775344855382,18.4768457859402,sadness,5e392f7c33e9ad176cc9ba92
70,11.47282374874516,6.101375,4.480000000000004,0.0030910777282504246,0.01794611857515438,0.003358515278703904,2.9276314375478445,2.892168487208818,2.2988505747126435,5.0568863013614935,0.20306465360378723,0.8280647585691175,,37.229355039333335,235.85282300906348,208.48761670157342,41.92132382464264,sadness,5f8123f39e04b149046cc41c
33,5.122086085969559,6.4426875,2.112000000000002,0.0017646921197256545,0.012355267952459677,0.0026272538278310103,2.894899009137648,2.0834213642709036,0.15552099533437014,4.613909866307645,0.12223100601884535,0.6867460595193042,,7.726084571922571,252.44708100000213,61.999389834192186,19.703513001491018,sadness,5f8ed5bcd338b948c4e6a45b
63,15.222217188420244,4.1386875,4.032000000000004,0.00063213790610338,0.0022484409525581543,0.000647362674066291,3.2037943001159657,2.0525413628785594,0.4854368932038835,3.7983484535214203,0.0015460388821475456,0.01042443894110817,,26.867007464321176,202.4929626932353,190.46252805767395,39.610986510620414,sadness,5e331d445807b852d9e0494f
112,14.583333333333334,7.68,7.168000000000006,0.03852841516201827,0.19487217433526446,0.04039969633835685,3.7566138540825977,2.678200546966182,0.1303780964797914,5.007382870680709,32.605530389289065,130.8835896636985,,51.17531113508804,113.54870184060144,240.64245563373828,43.56202704149422,sadness,5e4647118849ac3aacea5033
92,14.001578982412418,6.5706875,5.888000000000005,0.06335873457728583,0.20998138292869611,0.06188545351056205,3.1881512091106243,2.3829466330930584,0.1524390243902439,4.869519404924668,44.545239215895286,297.5907807955232,,37.953466120146224,307.65414080985175,1621.9736088955667,499.40536019007607,sadness,5e3391985807b852d9e04f05
49,14.537093693793922,3.3706875,3.136000000000003,0.026462007913573227,0.07465758863782478,0.02214069924403718,3.0837598556389305,2.211439922533399,2.0833333333333335,4.016800229813615,1.2018015698051374,9.975400482246343,,52.3397135355246,175.79518617764856,198.02105447849988,67.77298732337484,sadness,5e37ddcd33e9ad176cc9b2f3
25,14.648258688248434,1.7066875,1.6,0.04535372990377016,0.16114540380083928,0.04594284304048198,3.464219717739016,4.577006121421509,0.591715976331361,3.7848102679649642,2.9197812887430525,4.426507147303626,,74.32358065530936,204.6482867323192,196.70171014661844,53.23237848453281,sadness,5e35773b5807b852d9e08444
88,14.732040094586393,5.973375,5.632000000000005,0.002880591115042225,0.010127835707763579,0.00253446532093641,3.6762640630449797,3.0500399806950336,2.0134228187919465,5.068157499843804,0.08270486079866601,0.33940379121702735,,43.19514628430379,238.3744150453891,266.3857631030082,64.01131979758678,sadness,5e45328d963e443aee02aec3
109,15.769675925925926,6.912,6.976000000000006,0.02604528058848063,0.17986857721231198,0.034517163175629834,3.0813619122975013,1.9868832477852298,0.14492753623188406,4.926948262902992,12.915089725491244,143.98355688089438,,58.149550831140814,160.0096009535013,320.08536359450676,104.23271326357575,sadness,5e3506b55807b852d9e07310
83,12.798026328469826,6.485375,5.312000000000005,0.02618734152902355,0.15634124420745296,0.040305432829280105,2.6159104066666936,1.5377066775649273,0.1545595054095827,4.485072496234153,15.449989915406386,231.44130068974857,,33.25112183419355,102.9066476971061,256.95185369813447,53.750760664211626,sadness,5fba1a4344697678c497b30c
25,11.95778900481301,2.0906875,1.6000000000000008,0.008295751007105842,0.03225799708805122,0.009237227647653464,2.123807722255996,1.6419907272503729,0.4807692307692307,2.979180859694833,0.041867303794532386,0.9410530216834485,,21.654158674273752,179.18051448611976,161.34314645699226,47.8677092979637,sadness,5e33adb65807b852d9e05195
83,13.603491016369262,6.101375,5.312000000000005,0.01763896253523004,0.11351177112823509,0.02272008228623345,2.409971537498688,1.2422956591370222,0.3284072249589491,3.25770888402439,1.589527486689799,23.51563386739667,,59.164620362439415,159.86157313579196,251.4209135543536,81.40991251825508,sadness,5f97fe6bd338b948c4e6acad
65,14.790585223636493,4.3946875,4.160000000000004,0.01076288589992679,0.03505185493614772,0.009887514701288047,2.836910089490525,1.621582015096366,0.6849315068493151,3.60545929969416,0.40961952872540014,4.688486672793974,,46.54911226802484,117.00744596235698,156.17346184722248,58.463476697465076,sadness,5e369dd0dbc4b7182a6a94d8
36,9.27192827133268,3.8826875,2.304000000000002,0.002522850341987605,0.014360240206877622,0.003744458941252169,2.4749032541692815,2.2491662369252508,0.25839793281653745,4.169389520467214,0.02548991362500128,0.4126698162607239,,31.95906037432068,213.33271495503496,313.4698275389687,106.2059774800178,sadness,5e395a7edbc4b7182a6aa686
146,10.660046728971963,13.696,9.344000000000008,0.010280413613808903,0.09513616600463894,0.018766401448739693,2.699146035748652,1.7153354374174683,0.36549707602339176,5.169041155803403,11.067922804923898,126.47237580963159,,42.380227984216,107.65580762343531,162.65433896553014,36.149762033999785,sadness,5e32c3a75807b852d9e03ec6
127,15.584017179231537,8.149375,8.128000000000007,0.018111855563417795,0.13043787632554538,0.024379999077369294,3.212017395882677,2.5667012238712164,1.107011070110701,5.2876753433418955,12.144147264222472,60.34684909828777,,55.56064425547691,114.45840813218129,152.37383415501247,45.40774326029205,sadness,5e2876b55807b852d9e0171c
75,14.771412393214998,5.077375,4.800000000000004,0.013408266978032657,0.06825540869067014,0.01538243260946924,3.61574422157706,3.490444487483952,0.19762845849802368,5.2605669354143885,2.713949914861407,9.322273626873626,,74.0006476421904,185.0586202713575,345.34715661609357,84.72795314700883,sadness,5f5cc8423bd6941613f6d18b
89,10.697115384615385,8.32,5.696000000000005,0.0017606443854076771,0.008468441233963644,0.001798169670930665,3.4901264667893903,3.03539329476595,0.12033694344163658,5.545366665096038,0.09090359143768216,0.4050694868862793,,33.922447168136316,235.44850475991925,241.85037082946397,42.4800967518788,sadness,5f8275c3f8fac448cc0a692a
30,14.959795549460825,2.005375,1.92,0.0627785448874313,0.1959243294592304,0.05974030054762034,2.0600950278916415,1.5408372459538713,0.5025125628140703,2.825995546759311,1.4776294356426438,37.58902833020835,,18.479227658068137,223.48624437356165,75.72909051269446,15.681818932966626,sadness,5f685a2cf8fac448cc0a5b1a
83,15.815548780487804,5.248,5.312000000000005,0.02412622942254869,0.11358247658587838,0.028286746916470804,3.2914937026558437,2.1380739223803884,0.19120458891013384,4.375341181731203,8.283701789224882,56.914809006509465,,59.93423455269697,144.29226175266905,207.29647193336302,70.95780836413617,sadness,5e37b0d9c8c25f16cd14557f
77,14.210083161282137,5.4186875,4.928000000000004,0.02401080451724572,0.1079338165669469,0.025298478824110678,2.6935036828740957,1.87332453984075,0.37037037037037035,4.059087421590128,3.989442555409691,36.44427804272159,,39.75684967844113,268.7769623541858,332.54690890733707,96.76052889900664,sadness,5e42abb19329cb02ef38a986
34,9.600790653347923,3.541375,2.176000000000002,0.0022007360882097984,0.00918546135093284,0.002156754546774201,3.2514166827166826,3.4809511831658058,1.13314447592068,4.5557744396090625,0.018340495119217384,0.05895526762598863,,21.869188277561218,233.80782886170175,298.47218288654506,83.8929879490829,sadness,5f917eadf8fac448cc0a7e8a
103,15.778186274509805,6.528,6.592000000000006,0.017311449534307466,0.1312706412065755,0.029917842701380554,2.0777936745792784,1.12348428046435,0.15360983102918588,4.037856943093199,6.755661904913688,146.6678359416563,,42.686096853464335,90.54987398636416,80.92006628021849,25.809202240449476,sadness,5fb8c20dcb503578af9edca4
111,15.12532043366065,7.3386875,7.104000000000006,0.02454834556705283,0.10298742103538548,0.023641467659294663,3.0128906545088143,2.33178201780852,0.5464480874316939,5.047296933822779,5.4721773353751555,42.83767640957568,,32.88405288393552,116.23511957580882,104.56576906952336,26.582953404609228,sadness,5fb88ae544697678c497ade5
49,15.519220871768479,3.157375,3.136000000000003,0.03618282174838194,0.08682780354722602,0.021160461858665,4.165698151250137,3.1413619192395377,0.3184713375796178,4.224835655241737,1.4318172650505667,5.687155305329139,,38.005468776055864,211.7879611657917,235.391701186791,67.55287349234358,sadness,5e362d188661d6073410fb1d
143,15.029395342726705,9.5146875,9.152000000000008,0.0004913376398340381,0.002731917216507287,0.0005470622037604606,3.9003017382609784,2.8450004801013398,0.10526315789473684,5.446741557772484,0.017470136401741075,0.05017459851188901,,39.525966757840294,159.4856685702191,331.3692260464981,102.8028743887452,sadness,5fbc80b244697678c497b9ca
89,13.99948878271299,6.357375,5.696000000000005,0.044374545444773476,0.17313232170157236,0.05007233240211555,2.7884030700123716,2.267566743661696,0.15772870662460567,4.884454880244415,22.599270730611757,188.7782763830732,,35.42362899480536,226.37590848673102,241.4928857011996,49.667970945716924,sadness,5e42be079329cb02ef38aa34
70,15.624999999999998,4.48,4.480000000000004,0.001210161838436214,0.0046997953771573805,0.0009646174731489152,3.072563977925233,1.96076186052084,0.447427293064877,4.130509580591627,0.004656620954864402,0.04044350052894258,,47.485055508567996,142.74588041396126,207.7783646186544,59.73429217386803,sadness,5f9931a99e04b149046ce2b3
88,14.524597943036344,6.0586875,5.632000000000005,0.01717783541988478,0.16312377191670155,0.03361732054656069,3.2828790011312923,2.138954719996131,0.16556291390728478,4.608967105275632,15.862535242938163,144.2822457523618,,41.67472425968778,200.27730695128773,214.26797788711553,76.90979570204492,sadness,5fbe09b644697678c497befd
67,15.395220588235293,4.352,4.288000000000004,0.0022318736163088747,0.007090669805970673,0.001792567316533916,3.200516900577005,2.3371591285431492,0.6912442396313364,4.162658797303606,0.0231159754402593,0.14948255475510935,,49.54048380714085,160.107341976156,239.27836821108144,60.0621968079948,sadness,5f87c5bb111dfd48d40fe309
111,14.866029949693221,7.4666875,7.104000000000006,0.017720770589569595,0.0797039066052629,0.015742755557009134,4.023352844431044,3.0141671927505547,0.6711409395973155,5.3728442032953225,6.1675817453734485,22.160777391181803,,69.28009111123039,202.20114591352723,357.3712461052425,64.1355678510646,sadness,5e3d028605fef317e874cc32
49,14.005251969488558,3.4986875,3.136000000000003,0.012642973721206638,0.06477302389140661,0.018374207214295057,2.7698708359770983,2.021053734528359,0.28735632183908044,3.9651808938434536,1.05087838307112,11.585942290620759,,40.89301835736947,169.4141762222521,335.97481460606457,93.65062999345767,sadness,5e423dea189842034d9f73e8
36,12.053487350116141,2.9866875,2.304000000000002,0.00892129434997416,0.06154052184612291,0.01373140671927668,2.8431241096609337,2.620408103133517,0.33670033670033667,4.033985612972035,0.9857536630987654,4.888203853968501,,52.411767334531696,208.5950470590982,298.47218288654506,97.61599972049848,sadness,5e37d2d0ee8206179943ca7b
53,14.613886638978407,3.6266875,3.392000000000003,0.02149478133344532,0.1036487084870744,0.02552558061394761,2.648213163892972,2.300057362158712,1.3850415512465375,4.262349917770913,2.3147407557201674,20.067051048137184,,40.34596284701176,170.81540773528985,176.19137040474044,52.14655513462784,sadness,5e451f1c8849ac3aacea4de9
32,13.63624257597145,2.3466875,2.048000000000002,0.02921456545917067,0.17540118569285024,0.03680247541481266,3.4512924069133444,3.86469725772032,0.4291845493562232,4.326604868355641,6.688496074402463,15.966384467728357,,25.944218716489168,98.57951364576736,73.52806521170294,17.346725131079914,sadness,5fb8e110cb503578af9edd77
70,15.477523043544354,4.5226875,4.480000000000004,0.009587823351084554,0.06292775884877287,0.014704742605820031,2.615293078053334,2.246001233978791,0.8869179600886918,4.416453977740958,1.4458054935878553,13.2489280594152,,29.32580416934158,85.50479989712156,54.210525616607256,21.100610228417853,sadness,5e44cc40f2fe7a3b1d544673
63,15.222217188420244,4.1386875,4.032000000000004,0.01819167559798154,0.09239478037111463,0.020459281549544888,3.677619964443095,3.5981836242137226,0.4854368932038835,5.092875700379587,5.363923793040452,12.105025600049224,,21.454169106966415,98.66027842260296,67.27235997334921,22.548271003938567,sadness,5e4113732b6c8802f2d85972
43,12.44212962962963,3.456,2.7520000000000024,0.01163997315739357,0.0395706835457263,0.012081245199141912,4.181090639115463,2.8875368984070615,0.5813953488372093,4.110214063417575,0.4640843078656204,2.976516246642857,,40.23087332902602,193.52252851414482,263.3409415679616,68.06152652076734,sadness,5e3d32ce7995ef170fc0ff97
110,14.732101751948237,7.4666875,7.040000000000006,0.059503624260312554,0.2463859490067286,0.050336311138185194,3.6765625694389943,2.9766307770446323,0.40268456375838924,5.407857362323739,32.67702861661802,143.61446037794963,,44.55183399228024,230.14314865752883,271.0421042225879,58.205418324472085,sadness,5e36b04dc8c25f16cd144f83
99,15.572465050433552,6.357375,6.336000000000006,0.012084978217447728,0.06277040912975837,0.014467023163779532,3.3629872763781803,3.0383561997711723,0.31545741324921134,5.170858579332695,2.675304078190676,12.862387595810695,,26.395792973110186,91.87016065616376,54.210525616607256,17.021337107077372,sadness,5e42cb799306c7039ddccdf1
70,14.391447368421053,4.864,4.480000000000004,0.0606768377645618,0.3673213477992033,0.07770889946135243,2.7486311777119345,2.6185815493065814,1.8556701030927834,4.5189488161765405,52.2942888561631,344.5985949276321,,51.23201066758547,154.4666840483844,221.82649376257405,78.40927018035698,sadness,5e4205f60b3f160367c2088f
41,13.163439349854519,3.1146875,2.6240000000000023,0.0017576873253360866,0.006999942059177182,0.0016426831905064266,5.439647542714646,5.367061965891289,1.935483870967742,4.815621082311841,0.014234584239558435,0.02553054139354393,,51.022065220088024,114.44531909655471,66.51052723924994,20.203274832243366,sadness,5e35c90cbacf60088a5ad840
33,13.335017047607021,2.4746875,2.112000000000002,0.01935021078541456,0.09429569594083023,0.024469594368842617,3.8511302645539116,3.9889023751998227,0.4065040650406504,4.373090481144521,2.235590072977699,7.09973063382986,,67.86824276362523,186.48910426441284,216.8989862783688,65.86036144628132,sadness,5f901d2df8fac448cc0a7d82
28,12.620073804895911,2.2186875,1.7920000000000016,0.02330847498312702,0.06932982369513226,0.023794452297020895,3.433040646345442,2.180352979038717,0.45454545454545453,3.2017985960135675,0.9166596174092084,5.769718149217572,,78.13422345763895,113.01551637555951,189.06159179290393,47.03308408102521,sadness,5f8c499a111dfd48d40fe91b
58,15.806506557656276,3.669375,3.7120000000000033,0.02141430788148451,0.09249078642943206,0.02573259246058751,3.271116677243616,1.9902707674265163,0.273972602739726,3.797163600752928,3.551359958922868,22.597865829857614,,42.014039920466985,168.54699259894463,203.03243932751155,79.48493074168607,sadness,5e48e0642a2d173b73a02e34
51,15.523342084236958,3.285375,3.264000000000003,0.002630913054056695,0.011714646412236324,0.0025626753695074337,3.3986268369120234,4.846343167002801,6.116207951070336,4.824144210617063,0.06704236147574348,0.0870445902582887,,73.235472527147,212.75129734949638,392.94625426999727,83.2620310258512,sadness,5e38b590ee8206179943d09e
28,7.056451612903226,3.968,1.7920000000000016,0.0018312307562768089,0.01888782506496985,0.0029833602499538072,2.7922005176862053,1.904170935076103,0.2531645569620253,4.012128944222873,0.02687654478272491,0.24424942374469674,,10.819859862286387,235.78483593956258,88.39903913201022,31.57426300923636,sadness,5e395b0cc8c25f16cd1460d9
80,15.24390243902439,5.248,5.1200000000000045,0.006759831290905578,0.056511769872010856,0.008299600473605687,3.986557700054987,2.868329880147507,0.19120458891013384,4.8083881396261425,0.6374315745436401,3.0670517990618764,,36.43742368235536,110.67883519051846,202.61858152730787,73.09852718689042,sadness,5e37cb4233e9ad176cc9b1bc
54,14.88962034914781,3.6266875,3.456000000000003,0.012925265037069778,0.04550585399794446,0.011433393081780195,2.8613078399969285,1.745328599442461,0.2770083102493075,3.548256291177187,0.3795007524995382,3.4621664929586284,,56.43116674266642,219.9420239478069,164.66873253742287,41.69790708750332,sadness,5f3ff64c9dd513131eacea46
29,11.718651344866776,2.4746875,1.8560000000000016,0.015194380334604931,0.06511494385456562,0.017977649923101843,1.8802987132919644,1.2416001985095788,0.4065040650406504,2.6251866080359374,0.08363780578116001,2.61635781110403,,54.4237058781663,183.6702139481086,135.21516866369177,48.360438022938524,sadness,5e33f36a5807b852d9e06166
108,14.977767376550434,7.2106875,6.912000000000006,0.015447066024581148,0.08036184685966018,0.012755328033160823,4.269993748720176,3.250180667204812,0.6944444444444444,5.35922784002621,3.3222981575517703,14.392554669682536,,59.84183521235755,180.40148798415115,179.56283446528437,48.20710299015125,sadness,5e426bb8189842034d9f748f
94,15.73649737376274,5.973375,6.016000000000005,0.017093659046890548,0.14692247766245162,0.027029401107925947,2.9599113601446887,1.5012756471419928,0.16778523489932887,4.065914229576977,6.341411528567389,75.30141212884195,,37.72021752519263,90.89474642488526,95.04877373483913,27.43346280362929,sadness,5e36705f7995ef170fc0e8e7
33,12.474601899541653,2.645375,2.112000000000002,0.002507457021810844,0.011947769220922336,0.0028700810810215545,4.632641880397128,4.743101515972405,0.3802281368821293,4.366484508976567,0.058619676261098264,0.07074525499965534,,58.23231658541652,142.682716117544,144.59274219860046,49.99551243215707,sadness,5fb8e15744697678c497afed
102,15.226863471388985,6.6986875,6.528000000000006,0.0020037715562397493,0.013770224386687662,0.0019326059938334413,4.157660525023656,3.039028883552197,0.14970059880239522,5.249010446777179,0.07968441689062053,0.31634900520490417,,41.273513885633065,173.9027009687442,276.0961071537367,59.42961222709215,sadness,5fba1ea244697678c497b336
29,13.32720588235294,2.176,1.8560000000000016,0.003372183619680193,0.012730444356084763,0.0026436447755050006,5.288182364060513,5.317760693126647,1.8518518518518516,4.675549950740814,0.023560079756213364,0.03370079708560046,,41.441929919508205,181.74929545771252,183.23077114340936,73.88001660630013,sadness,5f98030bd338b948c4e6acca
55,15.720180782078994,3.4986875,3.520000000000003,0.01698099369400915,0.11935656436956124,0.027408680138970208,3.7410969741527937,3.011330198973538,0.28735632183908044,4.417084529376291,4.955665968771175,18.715429719682362,,55.38942717649112,119.97310721153082,116.73609144327253,35.49125074696645,sadness,5e494e1cc38c123b9ec6db03
116,15.18846462298892,7.637375,7.424000000000007,0.033271541437020526,0.16492362724659454,0.04101711003090642,2.643705077095255,1.6280752828319889,0.13123359580052493,4.5533761719834995,16.47257258941228,197.22300705919093,,33.28614728536391,110.11879899181965,112.5852333780714,31.188829976873517,sadness,5e46474df2fe7a3b1d544a35
59,13.96780303030303,4.224,3.7760000000000034,0.011527545957364787,0.24542329014699027,0.031028667350813582,4.214792101032594,3.7391631171784,0.23752969121140144,5.0882601046699,15.475272880327514,55.38951414222279,,50.67807116979227,94.72286581542453,95.97592684906726,37.46324460493426,sadness,5e27fa1c5807b852d9e01586
51,15.324519230769232,3.328,3.264000000000003,0.031260182597878314,0.2817168186417386,0.058781799457536484,3.081060918470641,1.5802634751843343,0.3021148036253776,2.9401913711746026,2.3368938726930892,27.80090702554203,,31.451672966184088,98.98011042974997,80.92006628021849,36.33203333917154,sadness,5e363c9fbacf60088a5adc74
73,14.023965612467881,5.205375,4.672000000000004,0.0012176461073105066,0.00581795594135693,0.001295311584234615,3.662313912878143,3.736035399235717,0.9633911368015413,5.2225595509018214,0.02405876786293891,0.04588330599675331,,59.064169575712,187.34693252992227,268.30546129938955,66.01918860733298,sadness,5f922f65f8fac448cc0a7f0d
54,15.434359313313921,3.4986875,3.456000000000003,0.023753203205633386,0.11896319440801499,0.02536291750674852,3.013647950349015,2.303251776945597,0.28735632183908044,4.052821602680692,1.2805892721237082,13.547959332186302,,50.65533713220014,223.3271784461777,245.98499165172495,80.7462251037359,sadness,5e42a9389306c7039ddccd0c
49,15.73191532055784,3.1146875,3.136000000000003,0.018973067411568116,0.04543491087253769,0.013241820783612347,4.066708869759175,2.624001923991933,0.3225806451612903,4.020672161506482,0.3878364337133637,2.383270835251013,,69.00845122987347,196.59814845666804,244.19384990070745,40.32910745716237,sadness,5e310f835807b852d9e03035
42,14.266304347826088,2.944,2.6880000000000024,0.020255968069826533,0.06574662354140644,0.019762564697261557,3.8591803714760955,2.7062094784843334,0.341296928327645,4.104588810020862,1.0467227479669516,5.5385247919111595,,53.11679890609321,213.44312043942622,290.1704667561429,94.3326828781126,sadness,5e44894e9329cb02ef38ad26
44,12.13228324745377,3.6266875,2.8160000000000025,0.0021312937173065703,0.008585396489352557,0.001626271552319441,4.287314079116882,3.4581459015715894,0.8310249307479225,4.822677589761271,0.020491876114407767,0.06601004090731567,,46.54053152433402,237.4480790440244,221.9266372199903,48.81094962969096,sadness,5e39614c33e9ad176cc9bb9e
149,15.249694558340957,9.7706875,9.536000000000008,0.022453610374016737,0.09996476099386295,0.028024158693550013,3.006247632787715,1.9772088591474863,0.3073770491803279,4.89255482842815,18.784784544628668,133.82626661485864,,41.26117625874817,100.30527091624116,80.07962854192903,22.39317622302131,sadness,5e43a652189842034d9f77af
78,10.328389830508476,7.552,4.992000000000004,0.0006146160216710874,0.003773212003323539,0.0008684809045624193,3.0917412786379757,2.3499851723624348,1.9893899204244034,5.158693865259185,0.011288147734379533,0.07378582099653223,,38.128532718724415,404.6194553904592,1519.3916868971257,445.41474235801576,sadness,5fb33fe7e3dcec421f8357eb
106,10.84877599452444,9.7706875,6.784000000000006,0.0024739632225002743,0.010897432828341944,0.0024975571501087983,3.5207292439686495,3.1167229942249404,1.3319672131147542,5.866477482971877,0.270167946480899,1.0007549885499538,,46.735081129661694,265.68128907592194,493.0363518793384,84.46748126230452,sadness,5f7153edf8fac448cc0a6279
58,14.461361050942013,4.0106875,3.7120000000000033,0.04096582702094437,0.21096981610431137,0.041242679245602994,3.771026922821013,3.7003211257491992,4.5,4.674155103134059,8.641894725914279,24.425632417392283,,66.47129760082848,203.5117210636992,244.08034626989797,72.30981775208768,sadness,5f8787be9e04b149046ccd54
68,13.739108473292083,4.949375,4.352000000000004,0.015090480417230637,0.14827877678977686,0.02653343913916567,3.2895119590672475,2.3439679422134425,0.8113590263691685,4.557843045364425,11.355066907355493,50.20051661611358,,31.712804582759457,98.46435602197663,83.4707041104003,32.04726804424505,sadness,5e495d8e7bef803b4851dcd0
71,15.407986111111112,4.608,4.544000000000004,0.014686381156683,0.08007440607707385,0.021266636790979832,2.8036479399545553,2.0362718978945074,0.2178649237472767,4.418597076007871,3.0710767749684003,28.100596819334033,,42.121339260963076,161.68005694093375,264.4771215546362,101.66925315728392,sadness,5e37bce4c8c25f16cd14562c
51,14.401185980021884,3.541375,3.264000000000003,0.0017587367635379738,0.007703653471969138,0.001993024527103121,3.6755959170068704,2.3423713576473064,0.28328611898017,4.02411615202172,0.021105162635801557,0.14249255890082818,,69.28158380921751,182.11284252419176,226.84013256043693,69.23206627874362,sadness,5fb9c0efcb503578af9ede48
35,15.477309159250455,2.261375,2.240000000000002,0.01963194923824703,0.1013100951349266,0.02564303194314435,3.0453212910170366,3.034958159263098,0.4444444444444444,3.665730832764793,0.8676654975020901,4.323800850627614,,40.94312256917252,191.42051038843738,255.0975474696782,88.79878892050064,sadness,5e432a3448600202f726ffcb
105,14.914772727272727,7.04,6.720000000000006,0.057724271111578504,0.22872130058131934,0.05373682155753254,4.003555471136329,3.7923849312109206,0.14224751066856328,5.566889406145428,86.97523929711262,171.99785395422546,,38.089879967859005,112.00174502087464,109.53442536143424,29.907101314693623,sadness,5e51dd33c38c123b9ec6dc9f
28,15.261454607392267,1.8346875,1.792,0.0011964716166472263,0.0032392769316707134,0.0009910737201150213,4.022699178137902,2.568839057485167,0.5494505494505494,3.328909839886148,0.0007879991996539805,0.004905329132941496,,29.038668704572643,126.07854532376754,137.8169587634771,40.77738345410761,sadness,5f8057e5d338b948c4e68e82
33,15.165441176470587,2.176,2.112000000000002,0.0016578442666919564,0.005100183088898103,0.0014822337413487772,5.0977970814660525,4.619924497915596,0.4629629629629629,4.2532827497435335,0.008594174290899894,0.01244327398837576,,43.71798329542565,218.70893909728306,235.391701186791,67.5168764196722,sadness,5e49befa8849ac3aacea554d
35,15.77509225611989,2.2186875,2.240000000000002,0.0011096877067578628,0.004340779338630389,0.0011041561292088058,4.255563022207283,4.081135624615637,0.45454545454545453,4.159603300179115,0.004491588919877869,0.007936542681578215,,44.216914974395706,150.99443257309622,133.1515183677718,45.026707014500445,sadness,5f805ad99e04b149046cc2e1
186,11.563298959458516,16.085375,11.90400000000001,0.01537802925246362,0.13174999562749307,0.02776134382553279,2.654934916815885,1.7598769344233298,0.24891101431238333,5.567024637223665,37.03442346497889,434.24576288696926,,38.8377809856883,150.28603076924617,187.59830469993753,55.649289906411674,sadness,5e32c43d5807b852d9e03edb
113,13.866094025615462,8.149375,7.232000000000006,0.014645499317760807,0.12604662934804117,0.020383246158537992,3.122082807450793,1.452623568308223,0.12300123001230011,4.182543723512479,3.9297589332441967,62.799354591788784,,38.473037673541334,150.08634104489747,306.96794243316714,106.7617075729133,sadness,5e37bd92ee8206179943c985
85,15.32446167194384,5.5466875,5.440000000000005,0.05095218260212121,0.22002555323025302,0.05701493492051125,4.038666128534395,2.317384777393199,0.5424954792043399,3.8811200352771222,25.350409099708468,185.87716371439217,,44.415873331266,165.61193272358904,354.9385667360219,84.03521296626515,sadness,5e3cd863ee8206179943d619
118,15.112704918032787,7.808,7.552000000000007,0.01942214721008374,0.1339395866528985,0.027394707288889503,2.678164159099389,1.5348483660230412,0.25673940949935814,4.20896351817548,4.967597683909596,85.65168883701968,,41.16628222751123,94.28115950462819,113.6139741695516,30.369445120333772,sadness,5e3795abc8c25f16cd145410
14,3.771551724137931,3.712,0.8960000000000008,0.020700966809806407,0.14097143758444075,0.035349504144004305,3.5451673439571207,1.8156398188877951,0.27027027027027023,3.3923471392521853,4.940926996064829,31.678465268647386,,7.783485994689384,100.41111533310239,45.06272205011065,15.758853518688571,sadness,5fb9de0144697678c497b182
88,13.221153846153847,6.656,5.632000000000005,0.023296948865458824,0.1988137896146208,0.03940200285083823,3.7498821090036993,2.5334419029694892,0.3012048192771084,4.821854108390919,22.034011979687822,100.41339964500045,,37.84198742867376,111.91390192436029,135.48740730303228,37.27539460701844,sadness,5e43d91f0b3f160367c20d18
32,12.294983550656774,2.6026875,2.048000000000002,0.022439708286067988,0.09774301218040551,0.024703144787520392,3.688907464293214,1.9983109995539645,0.3861003861003861,2.834316292005867,0.9206182503011741,5.77415528185042,,33.66513732860996,201.82019007167128,216.8989862783688,63.55111668374789,sadness,5e36a47633e9ad176cc9aa2e
93,13.45486111111111,6.912,5.952000000000005,0.0012268307189262147,0.006813937172493403,0.0017336469322602646,2.884833639235327,2.0591644355306506,0.14492753623188406,4.816151138283703,0.04671806373553971,0.35427217116899334,,39.46751834534666,151.11447013309186,300.57775582181085,99.44117402281303,sadness,5f8f82acf8fac448cc0a7c67
59,11.920697057709306,4.949375,3.7760000000000034,0.019961929148174035,0.11661170709532599,0.021760884340295078,2.5792067178195173,1.8574653429189467,0.20283975659229211,4.418715886954677,2.491796422335484,36.445481807684544,,39.164976512360504,212.34762315693348,192.13805185525814,53.605668778509596,sadness,5e413f3448600202f726fbae
64,14.285714285714285,4.48,4.096000000000004,0.018398323521126646,0.09458983815802233,0.02380961380079007,2.843015911749985,1.4933756241037608,0.2237136465324385,3.6702983199970225,3.105220127507229,35.62732904809307,,28.899182119919136,179.5397932051382,201.3626377842594,79.69799173723707,sadness,5e437fd00b3f160367c20c77
59,14.710694862165152,4.0106875,3.7760000000000034,0.02190994880943118,0.12253872010223088,0.028974169980118748,3.2041581012706186,2.0892553144180552,0.25,3.942550214255017,7.069469576893123,37.71755414365694,,26.370010862877287,92.39863617517219,122.06136540140659,35.77501501180892,sadness,5e37b85933e9ad176cc9b0db
29,10.144515621242267,2.8586875,1.8560000000000016,0.02087720147217274,0.1210004552858884,0.025439323475138578,2.6904177581604496,2.236890387851227,0.35211267605633806,4.031025531398757,1.9027646076641984,14.247192316315527,,9.25287405442467,191.83654653075968,38.314665022543295,8.257356018681397,sadness,5e2d926b5807b852d9e02685
49,13.200431034482758,3.712,3.136000000000003,0.029657873922247075,0.12078342369278282,0.0323481547682409,3.2325129258937557,2.408437068535579,0.27027027027027023,4.104292383492261,8.388394153402334,32.30110649054779,,31.791509783097634,137.11003953312365,97.84637702113662,16.943475375271042,sadness,5e41877b48600202f726fc97
72,11.101902357226837,6.485375,4.608000000000004,0.017545606320823182,0.20912097240377314,0.03308890771154113,2.715794267164715,1.6653522555841638,0.3091190108191654,4.015393056951725,8.812401377509719,79.59999540108011,,39.00282747679431,279.9790780082376,1538.8992584242583,488.127558182225,sadness,5e43d99f9306c7039ddccfc1
33,8.993357179356158,3.669375,2.112000000000002,0.02420891668615431,0.1318586974695337,0.03410367063631477,3.127809304953834,1.5815400761632812,0.547945205479452,2.8748496467729674,1.662999944621245,22.576337102121713,,38.61969416163411,102.59069427056276,210.4604045334168,79.56820809738889,sadness,5e3661a07995ef170fc0e872
88,15.507461864640122,5.6746875,5.632000000000005,0.011819017592952554,0.07005172674518048,0.015352622939057698,3.7334606746071444,2.0413597406791437,0.17667844522968199,4.324866966231328,2.9233982474220688,20.718837154537823,,35.00678454940763,121.0230342201504,151.12185299712482,61.13656118923633,sadness,5e37f75bdbc4b7182a6a9fd4
53,15.92548076923077,3.328,3.392000000000003,0.017110683737450234,0.0968452830184959,0.02266885850482614,3.064309848060109,2.1535904298278683,0.3021148036253776,4.0276358530584355,1.5096662418134235,14.306744239224711,,60.23502584328618,183.11119959952202,208.76388081216817,75.93637281592926,sadness,5e48de748849ac3aacea537b
225,14.0625,16.0,14.400000000000013,0.06796218624503252,0.40002623816555255,0.07708062056334154,2.8848265404590685,2.422328937761817,0.6253908692933083,6.221829296641644,411.8540720087967,2697.477496006998,,59.347065797307934,208.00621162527042,546.2849112674766,92.45155850816256,sadness,5e480a1cf2fe7a3b1d544b87
107,15.772405660377359,6.784,6.848000000000006,0.001953779435261151,0.014094268572448035,0.002103954799005329,3.1536811308178896,2.8831928933594466,1.1816838995568684,5.165184685116136,0.10463258114346581,0.3704922489968243,,74.38528671727904,236.75893745901374,348.0830789966168,101.30778641201765,sadness,5fbe34b044697678c497c079
83,11.0528506034124,7.509375,5.312000000000005,0.002216916279805196,0.012355045746536921,0.002213895775710166,3.784734904962154,2.65146081630047,0.40053404539385845,5.292749729233544,0.1201156668483462,0.592060749153586,,35.293314413447604,204.29986026957778,253.48338636107013,57.991246679934896,sadness,5e2c4c445807b852d9e0248d
45,8.7890625,5.12,2.8800000000000026,0.0008297074396033069,0.0038675722595618626,0.000946701282571676,2.7100693739071104,1.547108031570071,0.19569471624266144,3.9350904180387203,0.0049813548369269925,0.05827430872230285,,7.1666647741034275,189.75141402804454,55.4805802957184,13.997446846614928,sadness,5e3378a05807b852d9e04c24
78,14.624885743080132,5.333375,4.992000000000004,0.02663463250538932,0.2799439363267432,0.03464638841858656,3.6319988153674014,3.122123790801088,0.7518796992481203,4.934637393347956,8.175015815518671,33.70657099691745,,50.934820500150316,174.89570652571376,329.0863072927035,102.44410431149477,sadness,5f6736c3f8fac448cc0a5a17
68,13.171434451533239,5.1626875,4.352000000000004,0.06046835031682876,0.241394620684578,0.06382754891964602,3.446082238438387,2.193340097068453,0.1941747572815534,4.1640299903545515,42.22460932894264,227.22457079694271,,36.50009698724271,170.15222602004704,207.7783646186544,58.67277329552507,sadness,5e5231e12a2d173b73a03123
96,14.240418312287924,6.741375,6.1440000000000055,0.026680849822909535,0.20951313684448802,0.03375255909384091,3.5126252981759145,2.6268598203550426,0.1485884101040119,5.143495093859312,20.001670963417446,129.438921976025,,50.676820605516276,243.04430531576915,398.2673334329765,82.85890208594337,sadness,5fbce35844697678c497bc8a
181,14.528015089872028,12.4586875,11.58400000000001,0.035093595768568166,0.2243057018709617,0.03748018443207917,3.6141585561743614,3.1524703866234707,0.3215434083601286,6.093312365355115,95.91928238479184,345.59061364739495,,63.867050713458006,254.90432567395126,528.8828164416013,116.94071949321761,sadness,5e33ce7b5807b852d9e0580f
48,11.96802293871063,4.0106875,3.0720000000000027,0.008342411362276099,0.046057269460372204,0.01228040041323293,3.132053199446796,3.0909920680682124,1.25,4.517494833877896,0.8985162780103282,4.618622404909063,,18.613166987352255,86.62705441363623,41.2045044606715,13.752123976276039,sadness,5e3399785807b852d9e04f81
41,13.92663043478261,2.944,2.6240000000000023,0.0299482386373647,0.1071348477203392,0.027563478959678707,3.099327641669013,2.144789148109833,0.68259385665529,3.8702994476763988,1.7823187485329783,15.973424745781072,,51.64452262391074,211.37320903929077,268.30546129938955,97.86751363088696,sadness,5e3644fdc8c25f16cd144b08
44,15.391678873608956,2.8586875,2.8160000000000025,0.012303657027619316,0.05823939844328345,0.015871307959772242,2.802691851108665,1.968571257159749,1.0563380281690142,3.6001984355130836,0.2994103835875268,4.395299498113171,,54.67024890245897,96.83025433280157,89.59692495035372,30.411213624271376,sadness,5e368b38ee8206179943c0dc
159,14.00958202544193,11.349375,10.176000000000009,0.009632430224362607,0.07788317586602363,0.013020409711059189,3.4941042034745853,2.6916264793151727,0.176522506619594,5.593118217074751,6.381723306039065,37.545062454365386,,48.07459705334468,165.5938598516558,266.3857631030082,82.24705352657598,sadness,5fbdb47ccb503578af9eea50
68,14.488507736969666,4.693375,4.352000000000004,0.05417923519252181,0.20621655744562709,0.053078761731366456,3.658187539897514,3.2489361569324053,0.4273504273504274,4.98328218777187,24.44597111593928,70.28063127270832,,33.14108955977312,208.13120552408827,212.14179727964586,51.110807944201916,sadness,5e4570b3f2fe7a3b1d54490a
32,9.036038261974516,3.541375,2.048000000000002,0.010007301533337062,0.08164383151837307,0.014235167093212632,3.7363036350610885,2.532670511624354,0.28328611898017,4.263460999823357,1.3541666940150239,8.10774620863676,,57.17977624195063,176.0668448654734,262.5840933764189,60.09985333027014,sadness,5e36ccf905fef317e874b8f1
48,15.84485248607386,3.029375,3.0720000000000027,0.05499429562402203,0.16189149374670922,0.03627912583271554,3.720150155717303,4.006879116213142,2.325581395348837,4.493936760500062,7.78621899375234,27.7486214844698,,53.474386920430966,194.3798011086476,145.1239654708852,29.03590400379702,sadness,5e411fd1189842034d9f7200
58,14.616935483870968,3.968,3.7120000000000033,0.023428943793572504,0.09177816665660803,0.02193660341770822,3.4182771779735903,2.9905531565518797,0.7594936708860758,4.704730573891499,3.1906089935180555,12.587221498719883,,57.51895629521917,192.97320304507954,253.2539212592103,76.15554841855095,sadness,5f5cc21f3bd6941613f6d180
44,7.419038686492923,5.9306875,2.8160000000000025,0.0007970309539932063,0.007788991031400094,0.00114287258783016,3.341064804049752,2.5136685341028966,0.33783783783783783,4.974689341738606,0.03298158345389732,0.12107987159024565,,38.85325036455829,238.5656118385631,241.44834731345668,52.461139351600366,sadness,5e4653b58849ac3aacea5068
62,15.295895395812131,4.053375,3.9680000000000035,0.008872262754362105,0.05630052633387297,0.012708862313083082,2.839504453648549,2.6985188270291696,1.7326732673267327,4.516854660008512,0.8711497813957597,6.166859530945546,,19.092035731503735,86.36669570118882,65.75308233882095,18.446672482273105,sadness,5e378b4533e9ad176cc9ae54
38,11.718674710406106,3.2426875,2.432000000000002,0.0007957855432793495,0.0030059182363975138,0.0006433488286833468,4.54408938263852,4.896801399196655,0.9287925696594428,4.823362357095907,0.005504979588083953,0.006580298685653299,,12.142252837808671,122.20867052169373,35.33333535660725,8.822268598595683,sadness,5e43c724189842034d9f77f6
70,15.190972222222223,4.608,4.480000000000004,0.06293542193949554,0.32981889414960813,0.09165018336646269,2.7817882273232044,1.8378853234075092,0.2178649237472767,4.025530164014725,35.03702934838438,333.2451215645716,,43.11567368456979,177.9795967265017,276.0961071537367,116.18282919769989,sadness,5fbe2f7fcb503578af9eed71
101,14.522579195686362,6.9546875,6.464000000000006,0.015162698968366854,0.12494895859472746,0.020978571994793853,3.935396405179327,3.488124841691262,0.43227665706051877,5.5816115049425905,10.376576269229716,30.379970147680233,,58.06435225835964,191.6765125952022,362.27896358461095,116.4484355022874,sadness,5f3e77a19dd513131eace238
53,8.39313109318553,6.3146875,3.392000000000003,0.002023103147260437,0.008414052562027426,0.0025303706611038298,3.137704584389214,2.054066384305549,0.15873015873015872,4.476424603622575,0.0774551660931408,0.5831476751924771,,26.330153298988463,224.20484642009023,313.4698275389687,84.47878335214354,sadness,5f61d205b878131628349d05
173,11.89054512650887,14.549375,11.07200000000001,0.0008232672862326772,0.006169071775382741,0.0009261617907849093,3.232863635917434,2.289507981332783,0.27529249827942187,6.0587545750310206,0.05738216852086082,0.4175186535278632,,34.4935506796796,183.60771378927575,213.66110025943624,58.09643295737775,sadness,5e39664cee8206179943d475
66,15.315445975344453,4.309375,4.224000000000004,0.019717414959735242,0.08863393169110005,0.02605248629875172,2.354793900297549,2.0926986894472757,1.1655011655011656,4.12688565799451,1.813028059153219,25.894910506310637,,58.44547470329,106.64999647643423,97.84637702113662,32.967078249044484,sadness,5e4110169329cb02ef38a5f7
68,15.473227618573562,4.3946875,4.352000000000004,0.046359284597306955,0.23924286441225448,0.05678281498717592,3.6920982708277372,3.6615660519520445,0.22831050228310504,4.981577276444831,35.44514031711887,94.3791502532198,,49.76283654691375,135.54564916715304,149.87708272009507,53.72395263418461,sadness,5fbb5586cb503578af9ee414
78,11.147037281837832,6.997375,4.992000000000004,0.0024314667670548434,0.012176301830284026,0.002537547104325783,3.45372106123876,3.146725249051154,1.4326647564469912,5.4390593304300205,0.15549295252522055,0.4733181319071243,,38.69071930477774,255.566644463286,529.2769398765961,68.2919963325858,sadness,5f8cc61b9e04b149046cd54b
92,13.91120267639443,6.613375,5.888000000000005,0.007964568896026631,0.03984573743893728,0.009601662080946673,3.3613207574597204,2.149198059712947,0.303030303030303,4.457884003132025,1.1078093361855073,6.838284588003731,,57.96338712991858,151.39000961678673,177.58857779956992,57.51849978130465,sadness,5e3501685807b852d9e071fa
74,15.76690547846699,4.693375,4.736000000000004,0.013565368302781173,0.10825421700501274,0.022021367558165538,3.5399043948181426,1.8503560004453625,0.2136752136752137,3.671261022261892,4.899729907758297,26.675645832933593,,26.912108022583016,84.51083737708787,133.18461302324906,32.822066989248256,sadness,5e377b59ee8206179943c587
29,10.144515621242267,2.8586875,1.8560000000000016,0.001847119444684891,0.012436869204874374,0.0018052135323619847,3.870525950592967,3.626697553525479,2.4647887323943665,4.497540716123521,0.010518962846214553,0.030232632609863908,,19.16633535307353,181.2161449264316,101.09811179192963,29.124613177926435,sadness,5f89b31ff8fac448cc0a73d1
46,15.85455172116669,2.901375,2.9440000000000026,0.013089879252464505,0.07320180343544651,0.016852153744958465,2.6677862329647417,1.3171312795297703,0.3460207612456747,2.798612036506949,0.17073967193514922,4.440689882668673,,36.3062303346287,87.97897365033522,62.03079589645196,24.79582009342829,sadness,5e351be45807b852d9e077c7
102,11.17111937080313,9.1306875,6.528000000000006,0.018953086753925798,0.1710839634926468,0.028231139865677626,3.8135335878059253,2.504378549018496,0.10964912280701754,5.286508177867091,29.07749249018775,165.18291354586304,,56.12178511527094,189.39045340113523,546.2849112674766,120.46862668814491,sadness,5fbdd02d4c55eb78bd7cec1a
164,14.67077418525207,11.1786875,10.49600000000001,0.04443754384767609,0.25252586399516747,0.052387662055941406,2.64369878064262,1.7236702234037857,0.26881720430107525,5.116463662049837,65.95056057888608,587.635411695561,,55.2126240267721,292.11713809250057,612.1268962914188,153.76753860449568,sadness,5e39684ddbc4b7182a6aa721
77,14.79240208438393,5.205375,4.928000000000004,0.02170448072466523,0.10449274007635177,0.02161244573192342,4.155502747983913,3.3612715244055087,0.770712909441233,5.047945533688911,9.203765772502232,24.861844882654403,,49.23315424634857,134.26837758653787,158.74337368352585,57.992978734165696,sadness,5f3e8de69dd513131eace30b
41,13.534144831854755,3.029375,2.6240000000000023,0.0037491799259609395,0.014511432156421427,0.002784487477142043,4.1835278101516495,4.7708958856213535,4.318936877076411,4.9559258886462025,0.03651961516377383,0.07447910527391813,,59.31460394111629,193.08514549814083,235.391701186791,65.9088535661847,sadness,5e52853e2a2d173b73a03165
36,13.18349316792932,2.7306875,2.304000000000002,0.0005209907112467249,0.013118514036235358,0.0011891053476128705,7.873468059543105,7.63350007073455,0.3676470588235294,5.678254042678542,0.007885536316594765,0.007621301925908807,,29.52798230850372,170.54975963631225,178.99387913449723,52.91889379729555,sadness,5e47e39fc38c123b9ec6d718
99,12.890625,7.68,6.336000000000006,0.0012364859808405109,0.008087556597279416,0.0014207597933020607,2.9410040832350446,2.548578287497724,0.7822685788787485,5.277966950832363,0.028189294100364925,0.27546535885296775,,51.471487569921536,136.15561657994743,149.87708272009507,42.56696459216548,sadness,5f8bbf90d338b948c4e69f03
49,14.355293514483467,3.413375,3.136000000000003,0.0175380505760934,0.09105520476044712,0.017349646053308798,4.093064809239128,4.019216589385231,0.29411764705882354,4.713631908177165,2.0706995280750427,3.6587400242173977,,58.254224632210196,208.98198321520286,240.64245563373828,71.0985592842313,sadness,5e432ebd0b3f160367c20b9e
169,14.724621265751097,11.477375,10.81600000000001,0.020646455823108957,0.2164481842102427,0.03308413442288317,3.244925991872329,2.4846521213601287,0.4363001745200698,5.7759046356722585,48.10383338365356,284.3347170340214,,51.486781614000286,102.15660713857712,76.7660052464835,22.509866512445335,sadness,5e49601b8849ac3aacea54f0
78,15.234375,5.12,4.992000000000004,0.01968151431825203,0.10684375399359834,0.024969295716130508,2.791242870105189,1.4463024129462223,0.3913894324853229,3.7058423288667743,3.5468444846982052,38.44350365108335,,52.47214895557095,136.48731438762061,199.54471994669842,81.49152753166844,sadness,5e3631148661d6073410fbe0
72,15.625000000000002,4.608,4.608000000000004,0.0043295284048769575,0.04852413639734648,0.008000626351154887,2.510173946846171,1.6439991967506788,0.2178649237472767,3.7894325749057063,0.1970298196743294,2.3008642727150446,,48.55601261097416,173.06681307281198,296.3787371590077,93.6359848697392,sadness,5fb87654576e9378b67ac1f3
42,14.914772727272728,2.816,2.6880000000000024,0.015555096901608232,0.05538057011344446,0.013877145352674498,3.0477066536429303,2.82372462600288,1.7857142857142856,4.087009460229515,0.4997007283214056,3.04526481988636,,19.352639757958745,167.9428995574498,134.0410765909756,32.469815085977665,sadness,5f62d4d454b2361621284ccf
36,14.547291324662206,2.4746875,2.304000000000002,0.0007372048219968946,0.0022301012830641272,0.0006391746160733447,3.8901917296235515,3.23613566290301,0.4065040650406504,3.97166552309003,0.001427696536317034,0.0041316109153192275,,61.57727581163019,161.1808064047599,152.37383415501247,48.237703673952886,sadness,5e382aeadbc4b7182a6aa1fa
183,14.202147783824685,12.885375,11.71200000000001,0.00847471477476689,0.08785015002780573,0.01297249715253521,2.4061846311479185,1.1843452384155118,0.3108003108003108,4.625046493162287,2.2049313942072746,37.29878914182582,,41.809317618561245,186.7582763635729,1921.0705361336668,405.2503241105013,sadness,5fb33edae3dcec421f8357de
49,12.760416666666668,3.84,3.136000000000003,0.0018086589179830102,0.008629050777626204,0.0019053754249921005,2.7138051381531625,2.5000643587786557,1.5665796344647518,4.0557681044081555,0.009224824138540455,0.10343375926303011,,35.99451998221395,187.97526867742397,233.66157229922914,59.973165827271025,sadness,5f922ffc9e04b149046cdc29
53,12.67525634510179,4.181375,3.392000000000003,0.003371205380903953,0.014142539036937001,0.0026893537861681642,3.469220791537642,3.0767305347072695,0.47961630695443647,4.546301861420988,0.04186377127156937,0.14940463305042667,,46.162290143037715,218.77767409563887,218.532010492967,60.372261032383946,sadness,5e39613405fef317e874c9f9
106,14.528508771929824,7.296,6.784000000000006,0.024280676337928273,0.12258292728012604,0.021606752630293997,3.8980383299297534,3.5332379041535273,1.0989010989010988,5.537831565218728,18.10438182336924,36.64469789965426,,73.15739944882877,208.8434787350388,508.2764463557376,99.5451325501961,sadness,5fb4d644cb503578af9ed9ea
35,13.230638378301753,2.645375,2.240000000000002,0.024279422426616418,0.11443347587680494,0.02913251825329909,3.280346468699043,2.5709278706460448,0.3802281368821293,3.8413699063940694,1.3785203841271665,6.925165297596057,,29.24748122754312,185.55574489812554,274.1315381390467,108.39938350004941,sadness,5e37f56205fef317e874c293
167,15.656219421446442,10.6666875,10.68800000000001,0.020482432505959026,0.1247753399690529,0.024003159015004927,3.207107276387259,1.5047837283093015,0.09389671361502347,4.413531115784423,16.027545840648948,166.4071413524961,,21.7191359829618,95.13659007213818,103.58914210463126,30.252781548144764,sadness,5e37aff705fef317e874be6a
146,15.276161079794399,9.557375,9.344000000000008,0.04955136190186663,0.19581854499114812,0.0467888405316038,2.7690827476047293,1.5399890213620355,0.20964360587002095,4.66059957583194,23.225389804360105,319.9998828617993,,31.27887717787178,116.0852326685406,106.53602840047625,34.237433618520335,sadness,5e44087c48600202f72701fa
59,14.868951612903226,3.968,3.7760000000000034,0.01889702869234404,0.17788837263004653,0.032577425266933496,3.34252918118915,2.2777004404294683,0.2531645569620253,4.14803237004621,8.44587568026411,58.95403767917436,,31.230966986168195,126.77804589041573,120.27538389355279,30.73498765633696,sadness,5fba0625cb503578af9ee005
41,14.7834317393068,2.773375,2.6240000000000023,0.031985354628071644,0.15672886350548063,0.032911630159698134,3.900672555439363,2.957319383073069,0.7246376811594202,3.7678704006685244,3.034909522165548,12.308363767458411,,46.678974813937685,197.3833851667647,187.2740119555914,45.91386340600951,sadness,5f6ad42ff8fac448cc0a5daa
73,10.561342592592593,6.912,4.672000000000004,0.026854976505688258,0.17231642955161097,0.03540906371915516,2.9132613864416195,2.2992048269608234,1.0144927536231885,4.894865293224369,17.54449415326432,120.12394809804893,,51.694366431332526,204.45556011255061,300.57775582181085,101.4943903995518,sadness,5f3fe5bb9dd513131eace908
103,15.778186274509805,6.528,6.592000000000006,0.030797846058786896,0.10614417677555738,0.024666003197478876,4.364409392484463,3.9653047888500406,0.15360983102918588,5.57885085399723,10.012603647548827,21.51058242883888,,24.910801349957776,125.98584957556547,122.47383989946778,26.200773218532238,sadness,5e362bd18661d6073410fae5
60,15.453213785554466,3.8826875,3.8400000000000034,0.001165120281997576,0.004642673471602544,0.0011638713746298206,3.5400645872229126,3.2772784456668203,0.25839793281653745,4.6589395259645,0.007908409922454396,0.029078192950362753,,51.57788596203319,113.22915449135628,225.159257083858,36.61108678005085,sadness,5e37e42ec8c25f16cd145834
32,9.25925925925926,3.456,2.048000000000002,0.0009186452982679335,0.0026061544823902916,0.0005711386978765912,5.577558075924516,3.9169664374521065,1.744186046511628,4.751700028459375,0.0015386036377759648,0.006263341480717624,,26.144256836970587,143.0258728112813,122.715610789694,50.713374564974465,sadness,5e3774f805fef317e874bad7
30,14.349346805775612,2.0906875,1.9200000000000008,0.03698319507450007,0.14363168260759532,0.03338268465132285,3.1095227039017184,3.8941243277729325,4.326923076923077,3.7763998931464213,1.4191119699037718,8.337432739724852,,17.298117051159778,215.97076220233245,82.10751479735154,29.825257293151786,sadness,5e461cb6963e443aee02b084
38,15.625,2.432,2.432000000000002,0.02324916378638833,0.1055836924691003,0.02389951590484088,3.5935658194631523,2.1722037376892267,0.4132231404958678,3.5643450344027654,0.9436767078757216,8.028164148748488,,49.15474639685181,196.54828126064157,213.66110025943624,73.4921324950157,sadness,5f8992b9d338b948c4e69c77
130,12.965398592506249,10.0266875,8.320000000000007,0.03201522660622549,0.2453145130229066,0.04548929550221397,2.8055640494023675,1.6569452306892662,0.0999000999000999,4.82240111998768,46.53509350500443,590.5785215823663,,47.86599236376123,179.6750717652154,571.5078425184206,144.0560366975212,sadness,5fba3742576e9378b67ac83d
75,15.28526118690053,4.9066875,4.800000000000004,0.01034920421511875,0.05189913390723638,0.014364133782103387,2.7327455357764117,1.8985746554182554,0.40899795501022496,4.01768238974155,1.1085125109756804,8.805579477790605,,44.65479457408739,167.73036975078463,173.08522631086961,67.93594431438318,sadness,5e417b059329cb02ef38a74a
65,9.581367924528303,6.784,4.160000000000004,0.00139821446484314,0.0070169935565665845,0.0016237931806346907,3.5482393693187855,3.1916529864425454,0.14771048744460855,5.403321362963924,0.06167198544327069,0.20352878114695486,,49.591775223749586,227.07887676408902,257.61480389445995,56.2592729950231,sadness,5f8b7ac7f8fac448cc0a757c
74,15.213815789473685,4.864,4.736000000000004,0.01187085012844469,0.04467927834215531,0.013287006652660156,2.944240843633808,1.893521991891187,1.0309278350515463,4.220315110373622,0.8491465916041279,8.530420474393404,,67.15984296634603,164.66535522686826,249.5984631970161,78.31335368431039,sadness,5e33ca975807b852d9e0567c
143,13.96484375,10.24,9.152000000000008,0.061509699668456486,0.299219695425898,0.0724731403776802,2.9124876815739125,2.380923410731767,0.4887585532746823,5.38414305519874,129.72362501242438,1001.5702714453288,,38.2411824952531,195.53350555132687,329.0863072927035,90.65609352833748,sadness,5e4801f6963e443aee02b1f2
102,11.067708333333334,9.216,6.528000000000006,0.004508559911077897,0.02542365914593533,0.005266357165953555,2.823987425955211,1.847389769661067,0.3260869565217391,4.928866796468934,0.484398529079779,5.741079062746808,,39.15882554468227,272.0817739277405,1299.3844286149467,355.37772939573466,sadness,5e48d280f2fe7a3b1d544d58
104,8.347588780920944,12.4586875,6.656000000000006,0.001197114296018451,0.008221084051750427,0.001737190247368358,2.7225797255010162,2.006272800379744,0.40192926045016075,5.603641081251602,0.12245641097397914,1.0120165319027885,,29.48871362118972,231.69356547854355,208.35998705579118,40.92448683200871,sadness,5e4569caf2fe7a3b1d5448e8
119,15.58126974254898,7.637375,7.616000000000007,0.025369787371988774,0.12570108009927683,0.028921618768941105,3.1856718747909136,1.9769546881998323,0.39370078740157477,4.537608172114802,11.182837301100463,103.58230526992627,,48.91734233686984,102.78348421551426,126.43371755306833,36.37838534972387,sadness,5e3d048d05fef317e874cc3b
44,15.865146256817054,2.773375,2.8160000000000025,0.0223038786813833,0.09800236776274929,0.022749658143670536,3.631021161297043,3.0673682072674775,0.3623188405797101,3.5930628864148098,1.2971053418643186,3.910540890848613,,37.658639736484425,181.2310309040045,233.66157229922914,85.28541028928353,sadness,5fbdb4bc4c55eb78bd7ceb4d
75,15.153428463189798,4.949375,4.800000000000004,0.0222537636484235,0.13013289646584736,0.0272014596284599,3.422434435848384,1.9029418783838723,0.20283975659229211,4.055245692087669,3.7986015652492173,34.062153226889144,,63.590160953371964,216.28391860983945,687.5800034689966,157.41681881158402,sadness,5e379e1733e9ad176cc9af70
107,14.16843220338983,7.552,6.848000000000006,0.010879638982225477,0.10509054917399048,0.017230213677306223,3.0230041835924784,1.5054688460989483,0.3978779840848807,4.207153155671588,2.419139400831588,40.41966578801422,,36.06861100845787,81.71610064977149,122.06136540140659,24.983626616538846,sadness,5e377c657995ef170fc0ef01
54,12.914412125198051,4.181375,3.456000000000003,0.02582578686667657,0.1445920986922896,0.03360902607408895,3.2964347892496324,2.3909536535403433,0.23980815347721823,4.238984123690496,2.834726601870878,22.776224757452002,,52.767106117170876,112.69474639430054,166.63366671648822,51.553813657334786,sadness,5fb9e29e44697678c497b1b1
35,8.9163455720791,3.925375,2.240000000000002,0.011883191147290657,0.1320157815796842,0.024969654472448026,4.367146868172632,2.8949731670030285,0.5115089514066496,4.414598560317399,6.997603059306134,34.82637152656477,,19.179266886518462,99.50033396782635,81.76537262479707,33.90483755705585,sadness,5fb9e2f0576e9378b67ac63b
87,15.565246561556524,5.589375,5.568000000000005,0.022162231408409266,0.10983873956611948,0.029663278966891908,3.490898480767008,1.9501044863038792,0.17953321364452424,3.8577801463006693,10.047399482130688,59.78135398789298,,39.52545346739439,150.16513255855818,245.98499165172495,91.59560281826923,sadness,5e37e981dbc4b7182a6a9eb5
49,13.510951798300791,3.6266875,3.136000000000003,0.0006899834994267508,0.002969625794990847,0.0007840110915420437,2.9748863382985733,1.6219018592662884,0.2770083102493075,3.5560680625470815,0.002549638576033203,0.021528163781126618,,49.75117120690058,526.7237202541943,1585.8970940469278,655.2857809509096,sadness,5e390206ee8206179943d247
36,15.919517992371897,2.261375,2.304000000000002,0.0011213085870250804,0.004992803868891943,0.0013163466927959768,3.523578500249619,2.171168474971035,0.4444444444444444,3.068458753112213,0.0015303002716619278,0.009022324545524207,,34.7413513775114,102.21320752192614,87.82122781686914,38.15091868268327,fear,5e32ea315807b852d9e04428
70,15.190972222222223,4.608,4.480000000000004,0.014976746927047976,0.07885739563875248,0.01799616162294282,3.5675467592361083,2.2980111310954134,0.6535947712418301,4.374354871182474,2.367111417976513,13.591780474436508,,54.44717158193403,189.3951168234623,244.19384990070745,84.01185751520146,sadness,5e4431739306c7039ddcd087
52,14.338152928809002,3.6266875,3.328000000000003,0.0028924602890430446,0.01338037843256162,0.0033244571628531262,3.2609653212987597,2.4590652334349246,0.2770083102493075,4.237242284427642,0.027467578393517475,0.15691837814475418,,49.75022188179613,149.79832068540844,354.9385667360219,68.57648189847339,sadness,5e33c9f45807b852d9e05650
45,11.850291319661608,3.797375,2.8800000000000026,0.0029198908750658276,0.012229232738395254,0.003007276451571335,4.8778229497219385,3.3366027244943113,0.26455026455026454,4.6313727381758785,0.05520123284925159,0.20028301315569252,,48.81269471352097,225.72256336455717,411.842102466429,99.94536174170258,sadness,5e421da39306c7039ddccb63
80,15.625,5.12,5.1200000000000045,0.013627945347325227,0.06579029588092417,0.01354547751361053,3.6855502432252067,1.912799032209227,0.3913894324853229,3.7199600472527066,0.867700159833058,6.771271679612051,,36.20252986940707,86.74410382400897,49.4865635674993,14.71932676117572,sadness,5e3383225807b852d9e04d06
59,12.024405467028418,4.9066875,3.7760000000000034,0.03205197183821775,0.18625068625869518,0.04005297242993042,3.2996437999016464,2.5815767357410073,0.8179959100204499,4.660742695775051,16.15658127275225,86.12891935667804,,50.59365653741251,154.75590219835527,187.59830469993753,52.135117385445696,fear,5e43ddc648600202f727017d
84,15.624999999999998,5.376,5.376000000000005,0.015168854921093256,0.10976534768087097,0.019177431232005857,3.252180096920752,2.8351047996744385,0.5597014925373134,4.711437743274972,3.2937392222442714,13.930069454390226,,55.97002703868663,174.63360528243365,260.6927540422733,81.50002124643467,sadness,5f5cc7eb3bd6941613f6d18a
92,14.870639578934608,6.1866875,5.888000000000005,0.04781214467250206,0.24807021667959708,0.06933554127200782,2.9443748467993487,1.9970843733870287,0.1620745542949757,4.686659935427925,57.744378335383665,450.87697361202004,,48.92706988835773,169.98831571627449,272.17828420926253,92.15369472799844,sadness,5f3e92c59dd513131eace384
75,13.626453488372094,5.504,4.800000000000004,0.0008746733924115157,0.004450634677218031,0.000872599759277807,3.4468090034551193,2.415307862337298,0.5464480874316939,4.784572568809724,0.009476915543794706,0.05148602458792268,,51.51267743567175,148.30295896559312,146.18562305262122,36.520294893831654,fear,5f98062f9e04b149046ce0ce
37,7.05030487804878,5.248,2.368000000000002,0.0020693244058947336,0.014470652632175715,0.0028039666429814114,3.4228696119537276,2.656100496651086,0.19120458891013384,4.5946585282500605,0.11029378417951298,0.35173186345324137,,37.064368166424046,249.82830544794476,216.17720990283746,45.59724139419841,fear,5f6ad097d338b948c4e685da
113,15.133886345183189,7.4666875,7.232000000000006,0.026076700866311926,0.25137521998346873,0.027498761900770885,5.889943056062675,6.516476786727504,0.5369127516778524,6.486956886171007,28.05640302644616,28.964756578719747,,53.01263259976855,122.56437807583923,215.2753675911423,69.91049763271906,sadness,5e452eaa7bef803b4851d64f
52,15.234189035778373,3.413375,3.328000000000003,0.0427630666103382,0.1641762081767668,0.04727030957944526,2.08419227984235,1.4825381292004465,0.8823529411764706,3.3604574654901866,2.151436664892162,44.49898817120555,,29.167280850451576,205.05834900128315,180.40732129724032,48.84931320640977,fear,5f69b931111dfd48d40fce55
74,15.081457704408523,4.9066875,4.736000000000004,0.018416551126315912,0.09948533919044199,0.022668003844562027,3.664355601464866,3.034572359102889,0.20449897750511248,4.853468114931498,3.925579494151089,21.438805993612455,,52.32664009931327,120.4262837313215,143.5035831378588,32.598489795333315,fear,5fb9ce55576e9378b67ac5d7
72,15.625000000000002,4.608,4.608000000000004,0.0011645354921442617,0.00717091158989423,0.0016652585873679867,3.363877406060279,1.9566766482642008,0.2178649237472767,4.002183936729411,0.029856222968104234,0.1640321853787109,,30.95783562856993,152.60969726324458,172.1103412754039,52.83666143791381,fear,5fbb1495cb503578af9ee253
30,10.190217391304348,2.944,1.9200000000000017,0.010236161859334784,0.060467110468618815,0.012516155823384993,3.4635765336708513,3.7727302660744924,0.341296928327645,4.479418606686984,1.0890673487430147,3.2032012317776397,,53.73095908946641,255.0323642773814,339.46673686911726,62.98172384568041,fear,5e424ea22b6c8802f2d85baf
77,15.55751988887486,4.949375,4.928000000000004,0.022463443553690964,0.08887912350895072,0.02026003290387708,4.103840266217118,2.650673304821932,0.20283975659229211,4.558690671333249,4.572303581820188,21.93579104034396,,45.94708603267983,150.54472696335876,335.97481460606457,79.84173685768894,fear,5e369ab2dbc4b7182a6a94ac
105,14.30773554535467,7.3386875,6.720000000000006,0.07120194900265187,0.23949179555452116,0.059976973734215296,3.365720937910314,2.9918167119688728,1.2295081967213113,5.135916311481353,71.41478429158997,278.70805366022347,,54.92274616810926,137.53579926406192,161.34314645699226,31.021765944118012,fear,5e381f29dbc4b7182a6aa193
104,13.771186440677967,7.552,6.656000000000006,0.019708742277019044,0.19453831281431405,0.03237922292157135,3.140985148247434,1.8346375101179804,0.3978779840848807,4.324984922295894,19.90713326537036,143.15528345432338,,29.777811543785692,87.12796570419515,91.39325469067515,27.528479269791724,fear,5e379fe7dbc4b7182a6a9ac5
39,15.234375,2.56,2.496000000000002,0.018649562917095717,0.054969706438545735,0.017773342479086917,3.453880698204136,2.6754817235356665,0.392156862745098,3.7638836281971493,0.41438073823438365,2.1402797282052317,,28.671271848787626,193.63897470947433,178.99387913449723,60.086013385411135,fear,5e2ec4935807b852d9e02862
58,13.32720588235294,4.352,3.7120000000000033,0.018654777596759813,0.07409369113964022,0.019176150545145924,3.238852081226151,2.003386050992689,0.6912442396313364,4.1665668474141615,1.7520496297644579,13.721468736565095,,20.61884551947721,101.41317070724537,78.41324688128702,23.07156480559539,fear,5e383f1cc8c25f16cd145c96
83,14.84960304148496,5.589375,5.312000000000005,0.02521402268963722,0.11898350168169412,0.02622105482702533,3.8545723905713483,2.0600818339205578,0.17953321364452424,4.258587121569191,6.5831893770176695,44.93034487823624,,47.03780197580491,160.37214495362252,220.17449472060275,79.38574306500053,fear,5e3681f705fef317e874b5d5
96,14.5160375753681,6.613375,6.1440000000000055,0.050902394079483874,0.29576923878636635,0.06276719070253707,3.1054485975350454,1.947583763190366,0.606060606060606,4.405590626670704,37.48978812101604,426.45960371625455,,50.40677391642192,155.87931853784906,194.55022402043178,66.67441154138838,fear,5e3115665807b852d9e030a0
128,13.513513513513514,9.472,8.192000000000007,0.0418300639819918,0.20696922626215827,0.044705707082012346,3.742163817662019,2.6811906426026293,0.2114164904862579,5.411139746937844,56.113438513383606,272.34670116090115,,55.04096912672643,225.46593089753065,414.6044206646884,84.74266024123051,fear,5f808527d338b948c4e68eff
41,15.498747814582053,2.645375,2.6240000000000023,0.033680297259515976,0.16317679700872526,0.035904957530640824,2.954294408853113,3.1798558048972216,2.661596958174905,3.8282779285617465,1.6801810122618672,8.482121935066429,,66.06045639130907,258.69688823889135,514.1823341810414,141.72452690710278,fear,5e33ed2c5807b852d9e0603f
117,14.90315338624802,7.8506875,7.488000000000007,0.020626071995252133,0.11410790858776518,0.024714677059083295,3.9974789247542946,2.7829188127590547,0.38265306122448983,5.396701662950812,20.172042710969272,86.8509890239454,,61.948794620104444,184.0486916567662,242.41302436705854,86.49794901908184,fear,5f5f67fb2e23c7161accd206
57,15.181023720349563,3.7546875,3.6480000000000032,0.036956956043536174,0.14207154154339122,0.030265408842112755,3.1659751912906926,1.8054900859420107,0.267379679144385,3.764526546371933,3.738391629099509,26.116225756590353,,35.16792191303083,109.83397393105626,86.94104231296191,19.21215941171949,fear,5e462bf98849ac3aacea4fe3
66,14.732142857142856,4.48,4.224000000000004,0.02061807033297762,0.12410102113469773,0.02719528472647489,3.5476015073530403,2.6396474583893355,0.894854586129754,4.539179365077869,4.759768099558898,28.524270357540246,,46.09970830134121,155.12443893238648,191.31443103785637,64.97286523962067,fear,5e35b25e8661d6073410f90d
40,10.653349979192676,3.7546875,2.5600000000000023,0.0004365925680632691,0.003536939564787361,0.0007249631609677646,2.953554549151171,2.4014851767129963,0.267379679144385,4.3368296166207285,0.004694024187753884,0.023275424805224654,,31.41470603694916,118.86536293500615,108.52918104210445,38.60001322573943,fear,5fb4ce8ccb503578af9ed990
59,15.713691219309196,3.7546875,3.7760000000000034,0.0026390445508152846,0.03165616866030249,0.0025246650466711445,6.312849818045406,4.551913132801989,2.13903743315508,4.823191665199922,0.015974590475124357,0.05390708670334257,,25.89162956789382,133.0908609917007,108.52918104210445,21.12594807130571,fear,5f83b279d338b948c4e692ba
81,14.382102272727273,5.632,5.184000000000005,0.00027140642100912006,0.0015584290706107896,0.00030937444756420527,3.5554002681321335,2.3081035298424823,0.35587188612099646,4.46771261285854,0.0006823178236613366,0.005061290294862133,,57.91250915441437,142.7536544079656,228.53074524959408,71.74660653571979,fear,5e42a0da9306c7039ddcccbd
116,14.16015625,8.192,7.424000000000007,0.0017067663879999564,0.009294809348665225,0.00224153243011034,2.679473637415463,1.8945249147826364,0.36674816625916873,4.935557129316769,0.11459708979068756,0.7753987894967865,,38.33421995120206,176.13796238466065,274.1315381390467,92.24023589376196,fear,5e450dfcf2fe7a3b1d5447c2
81,15.689502802561652,5.1626875,5.184000000000005,0.01804108319554589,0.05752099208576456,0.01650989319539033,2.9757040255524467,2.590155040947828,1.941747572815534,4.6319481320235445,1.5558794589675913,12.081274378413006,,32.61473138207653,95.68887882594515,55.595685202370234,16.409728833929687,fear,5e411db79329cb02ef38a646
50,14.291073438253632,3.4986875,3.200000000000003,0.0021456359375396764,0.013428518534249916,0.0032000115235094524,2.9877505882230073,2.853838252809875,0.28735632183908044,4.2978934501847785,0.055186019485894806,0.26750741823448737,,61.50962284274676,111.90356328723952,207.35456636846698,39.42911307269759,fear,5f7826bb9e04b149046cc0b6
61,14.588502585871872,4.181375,3.9040000000000035,0.01997562126285646,0.15150413495915857,0.028096039304362292,3.1439563929291015,2.670276621441214,0.23980815347721823,4.5671753401567665,7.301898573736262,34.03189871932888,,49.82824315692626,175.87068785714894,260.6927540422733,95.72783339722446,fear,5f60ba4f3bd6941613f6d482
65,10.881620524410405,5.973375,4.160000000000004,0.0024901679517406123,0.009336792231802542,0.0023622951706176085,3.4195517884881967,3.611016984654331,3.3557046979865772,5.287686393835025,0.09858847504769967,0.32227271804134044,,27.596557583861625,247.5697190437075,136.6019647004575,35.08680753529496,fear,5f6e0a35f8fac448cc0a607d
58,13.87103524558309,4.181375,3.7120000000000033,0.023040236667679702,0.2518031770377614,0.046206747070916224,3.369248637959332,2.281950694846428,0.23980815347721823,4.287712156790388,21.91547317331503,128.3803034812403,,30.29737925801249,106.30284408343475,116.73609144327253,32.482825758106586,fear,5fb487f24c55eb78bd7cd8e7
89,15.802556818181818,5.632,5.696000000000005,0.021130542643869283,0.22254026822485373,0.036120454517477245,3.3667008572487216,2.2849791892292295,0.17793594306049823,4.645548406068468,8.170542921684623,58.59959697480834,,34.49665327764356,92.45101181287478,91.39325469067515,30.807146946649663,fear,5e365c6ddbc4b7182a6a91c1
68,15.178571428571427,4.48,4.352000000000004,0.029443345738664754,0.13976599692506386,0.031236947887916987,3.3754618813377615,2.4795088443816757,0.2237136465324385,4.474400297785522,6.119858506117494,41.39156585111545,,26.7313436277127,106.10472111235303,86.94104231296191,23.066268555254403,fear,5e462c482a2d173b73a02a8b
29,11.1423288427827,2.6026875,1.8560000000000016,0.040552276739545784,0.11566819602725839,0.026702729045572693,3.2122374713707917,2.472958084128668,0.3861003861003861,3.7338335171993244,1.34346958630298,8.518907490599148,,67.20475795795636,208.55750165386135,179.81234866715448,50.43815858744745,fear,5f88eb03d338b948c4e69b4a
72,15.481582024163094,4.6506875,4.608000000000004,0.016793225090018862,0.08617377840057175,0.021412533869440392,3.8749122656452917,2.5278470377717626,0.21551724137931036,4.077339068460313,4.850198336808125,16.157322598400434,,28.70377662494471,93.1513299179282,97.84637702113662,23.683535409417217,fear,5e36715905fef317e874b551
47,13.27168119727507,3.541375,3.0080000000000027,0.026154187952923475,0.11958819688721864,0.029355206491140616,3.6358615595388426,3.8505831759866362,0.56657223796034,4.770138467949706,2.822145055855111,10.635416896446293,,25.669667854777977,103.3432360018699,83.15595275201008,30.795527066893584,fear,5fbb463d44697678c497b5d9
103,11.833639705882351,8.704,6.592000000000006,0.002366672662729953,0.01819242141866468,0.0026231744047691134,3.54104476788205,3.4953463757993553,0.5753739930955122,5.881922764993919,0.42141571859572075,0.8887480959983154,,31.738140436150648,246.00542083045895,185.489999070733,33.75109055986079,fear,5f9a33069e04b149046ce47e
98,12.28272193891539,7.9786875,6.272000000000006,0.00036650799757896764,0.0016986234902324987,0.00032888195320262734,3.5680668772961206,2.721894978275898,0.25125628140703515,5.319731286902897,0.0017065483687960378,0.008717890858496355,,47.66736908669114,233.0956015252451,315.66228094586256,66.22823013235572,fear,5e33eeec5807b852d9e06098
167,13.978770265816362,11.9466875,10.68800000000001,0.05911484731976919,0.2831950137135887,0.0690982976477504,2.8280607784369565,2.3643223752407683,0.586756077116513,5.640389500124026,186.31209371327103,1344.7553701975098,,34.73128224512951,225.20543060934878,282.05836208420885,91.59815067335755,fear,5e48ead58849ac3aacea5397
31,13.454861111111112,2.304,1.9840000000000018,0.0008365671042847422,0.005040284912367437,0.0008651882137812531,3.838358107043527,2.8785684363589934,0.4366812227074236,3.846990638949458,0.0016576078595446388,0.0059636435230605725,,17.759958449611982,98.2797894279759,45.4845024184478,13.353362379522322,fear,5e32eb4c5807b852d9e04487
94,15.73649737376274,5.973375,6.016000000000005,0.013148085448422017,0.07498977023387085,0.016657797667450874,3.2446672064384288,1.8547975334651858,0.16778523489932887,4.115199553598971,2.264346440190185,23.87112749188752,,41.96507724684104,95.26836691258009,88.70651218352927,35.51325299123198,fear,5e37ef95dbc4b7182a6a9f33
61,15.885416666666668,3.84,3.9040000000000035,0.020018580895910455,0.08432947938688135,0.021510710289163112,3.9987789417548285,2.5223762341447715,0.2610966057441253,3.6230201449265387,1.6671295283282317,6.956200732408035,,42.97395801771503,153.09842183699956,264.4771215546362,92.51484892236323,fear,5e37d77cdbc4b7182a6a9dcb
61,15.049187405557097,4.053375,3.9040000000000035,0.0009023781411681876,0.004054584050035609,0.0009885084024193339,3.9974972010376733,3.294653276903314,0.24752475247524752,4.699737404396856,0.007226733167661887,0.024390467790251613,,46.408892922174964,133.95324863493718,134.33268480704808,43.655809803704905,fear,5fbb3a0b44697678c497b5c0
57,10.950219724803688,5.205375,3.6480000000000032,0.02919481262654864,0.1452645388529437,0.030342026022354262,3.268215431595325,3.2859696053097913,0.5780346820809248,5.1773503975339095,10.1078512524055,31.57006859047004,,38.9566764582082,153.61260708991503,161.34314645699226,45.4670774586495,fear,5fb9e4cc4c55eb78bd7ce087
83,15.815548780487804,5.248,5.312000000000005,0.07203528094790167,0.23661800833688537,0.06371074924820323,3.3878098335999756,3.012537246756148,0.7648183556405354,4.991381474970069,29.034266617407752,148.2963544443138,,35.65011350061462,152.88041639203178,133.18461302324906,34.6870429035194,fear,5fbb4e074c55eb78bd7ce4ca
81,13.75679347826087,5.888,5.184000000000005,0.011999635861308977,0.12090504437045793,0.019878838989822466,3.5237315634318778,2.7145591079197002,1.0221465076660987,4.9090250572690906,6.792987733751768,36.76624623339124,,44.85642532430932,174.340919319634,542.7641692518476,165.35626238593545,fear,5fbe28b8576e9378b67ad43d
81,14.716569767441861,5.504,5.184000000000005,0.040225642921646425,0.28274265836864504,0.06152794123647106,2.9118004333770426,1.7379329959044547,0.36429872495446264,3.7689031198451586,23.789678306081903,251.37146578945539,,55.416983705634145,159.89499943344623,237.13185260903833,83.31140627695626,fear,5f653d69f8fac448cc0a5804
35,16.08455882352941,2.176,2.240000000000002,0.016452481184352073,0.08480026256243438,0.023253802318225266,3.254818604789308,2.7222179955778167,0.4629629629629629,3.679262059515479,1.0360935993813576,6.27511143277958,,35.662712237260486,90.6111365871235,80.07962854192903,26.927654542121296,fear,5e36ebaddbc4b7182a6a9781
35,14.143199898977144,2.4746875,2.240000000000002,0.0037886054567315055,0.01196122976424711,0.003555328907128893,4.028447901516385,3.642031121546878,1.6260162601626016,4.0859811813683296,0.03720755567134126,0.0946741838067635,,51.611694036804096,171.6097016832598,133.74979256312196,39.139892088764476,fear,5f645643d0b14d419059b875
80,13.489161248168951,5.9306875,5.1200000000000045,0.02665949806823081,0.13837920778002677,0.027851218646016064,3.382293202176444,1.9969782157511156,0.33783783783783783,4.228889802372528,5.419271239694044,47.23458429152354,,39.22472324646812,107.02725269818738,87.82122781686914,29.757438611090222,fear,5e37dc8305fef317e874c0f4
43,15.504574750980304,2.773375,2.7520000000000024,0.03968614786884941,0.18076926682271427,0.03859868369464404,3.827697796490933,3.040174275250587,0.3623188405797101,3.9626764727254287,2.803160805820788,8.920094034330331,,62.14287504295766,221.80852654635018,287.74829422569314,74.59134677993407,fear,5e37d40adbc4b7182a6a9d79
58,15.44735746982938,3.7546875,3.7120000000000033,0.03415675019030073,0.11698903257897207,0.028469141217660938,4.457073134342921,2.9507829477833996,0.267379679144385,4.3626886693944895,4.35006377697825,20.419662796547485,,36.99257082626466,203.09058210621612,215.2753675911423,64.09839625773965,fear,5e36a2dcee8206179943c24b
68,14.894723872628205,4.565375,4.352000000000004,0.011066678241522689,0.1268947628652092,0.016907772649911283,3.1204261687785437,2.4327424367686783,0.43956043956043955,4.362145197066732,1.3106401592904962,7.414485129086834,,61.004894566678416,181.11102824375527,388.6019403581692,49.60086102584076,fear,5e414302189842034d9f7260
46,15.85455172116669,2.901375,2.9440000000000026,0.018247545693923877,0.0847597746834601,0.023349171659780624,3.331835087690929,2.93661644334777,0.3460207612456747,4.305370937306558,3.665326591337903,10.905220874502051,,50.26405966935463,100.99521964971119,89.59692495035372,23.895812750741857,fear,5fb871004c55eb78bd7cdbfc
39,10.628513030148186,3.669375,2.496000000000002,0.0011219593887188337,0.009877586138704372,0.001712955340646811,4.004365971007694,2.8060055887114657,1.095890410958904,4.402545713549547,0.017971256302361734,0.11285294674391994,,47.44363010708151,218.11591385672313,269.4349276071243,82.26370528605085,fear,5f9805b8f8fac448cc0a83d9
69,15.854779411764705,4.352,4.416000000000004,0.03463867596624815,0.12329957020832333,0.03212427879975493,3.194627160328547,2.7426289399936907,1.6129032258064515,4.547310233063091,4.00793796991105,25.159404858556886,,36.58503893027053,274.1482045251374,342.9837309063103,113.84782284446713,fear,5fbdb581576e9378b67ad17a
45,8.050989600805098,5.589375,2.8800000000000026,0.0007162005089549296,0.0029646458337944004,0.0007433352301581027,3.1274181322073344,2.025455699140288,0.17953321364452424,4.44392894737975,0.004937726284172391,0.04326922927784359,,44.61663459132418,225.29946176175653,190.24019623451602,61.687393527862795,fear,5fbb30c34c55eb78bd7ce41c
45,15.74148975710007,2.8586875,2.8800000000000026,0.018311601831414243,0.0632680157298236,0.018599110513571434,4.019814793429915,2.18912250193771,0.35211267605633806,3.642018425647757,0.8642934253251038,7.116156653826104,,52.545299720596056,144.39294027778627,183.25881701670832,72.20549798504332,fear,5e36a15bee8206179943c231
65,11.718705984427643,5.5466875,4.160000000000004,0.0006950632546520953,0.0025223354899588267,0.0006981037615891919,3.5932193243686052,2.538840915892256,0.18083182640144665,4.893108739132023,0.005400426103345278,0.03318003381844241,,15.564226623258321,312.46293977459527,175.5422946581075,42.87617302216569,fear,5e48c49c8849ac3aacea5339
105,15.190972222222223,6.912,6.720000000000006,0.07121068481327132,0.30875908832820986,0.06820564238830266,3.032778671857481,2.952167158185671,2.1739130434782608,5.37435438343477,68.2249760446764,408.9258248911807,,57.20894438301568,283.8341200585461,270.34931437133,62.434396197511106,fear,5e45705a7bef803b4851d71b
31,8.448305229092147,3.669375,1.9840000000000018,0.000627290503757654,0.0057610505832912376,0.0008900980188770248,5.398549897757502,3.8470136829806187,0.273972602739726,4.884254465988838,0.008034172523467838,0.03064967381238837,,31.060394275703224,178.73635009214425,314.0023339727824,64.85858143757312,fear,5f708a6cd338b948c4e68a4a
34,15.624999999999998,2.176,2.176000000000002,0.0007279321939942176,0.0021556723625965005,0.0005184547218830909,3.847510012438246,3.1618744244214727,0.9259259259259258,3.795222786091006,0.0005481339002430996,0.0020323251458981835,,38.940065478225975,132.7932568258968,119.91278236564659,45.16055536137198,fear,5f71cf57f8fac448cc0a6293
54,15.82011938330831,3.413375,3.456000000000003,0.023365797865286263,0.06334160292034849,0.018043894088217945,3.431846688498699,3.2473444521041444,1.4705882352941178,4.096786766135987,1.3106900693165282,5.659475668360864,,60.342325087238414,257.7437790004433,345.34715661609357,87.13036750654082,fear,5e38377cee8206179943cfa4
102,13.43044068633502,7.5946875,6.528000000000006,0.025960054341519215,0.16746427936757194,0.03643703991921633,2.653683330198232,2.4714995700538003,1.4511873350923483,5.0986013837997,23.642953068295856,187.81295293734624,,31.992104369843307,108.1344047249438,91.39325469067515,26.30862362141875,fear,5e43ab2648600202f72700f2
48,13.392857142857142,3.584,3.0720000000000027,0.01631749929758519,0.12977033082418327,0.026440306738232985,2.880170281810041,1.4757161149224396,0.2801120448179272,3.0693715494859717,0.8018048173928978,9.989908395556954,,28.474392278413948,81.46695179363606,92.29923159850804,26.444496541155626,fear,5e351d2a5807b852d9e07801
52,10.97972972972973,4.736,3.328000000000003,0.024170298987231175,0.23446440613156663,0.041326245766882715,3.4639860295079092,2.2313771208372724,0.8474576271186441,4.5619709725882345,19.603210489014064,122.661891760248,,23.01132808942561,87.31769160008596,47.51975293079859,14.040441910237044,fear,5fbb5553576e9378b67acad2
92,14.375,6.4,5.888000000000005,0.025931630614791378,0.15479590899285528,0.030037385857245965,4.350776489387671,3.224398763187159,0.4694835680751173,5.024125191843142,13.091916204969898,43.78728818531572,,58.64708510079858,196.6975219213844,320.08536359450676,91.12461374781302,fear,5e37aa28dbc4b7182a6a9b5d
65,15.083393763596808,4.309375,4.160000000000004,0.060593117659121336,0.2123416134497003,0.05253233345067146,2.7613978371943166,2.095161453948417,0.6993006993006993,4.175138890741661,7.9176854275221045,81.60500143090535,,32.57873597936326,258.7567961650566,288.1248353951036,62.831522567153556,fear,5e42c3bd48600202f726ff85
175,13.998460169381369,12.501375,11.20000000000001,0.0018013704452715838,0.011042372494668782,0.0021539342637274207,2.630331119848614,2.1671492613101444,0.7205764611689351,5.350289053024038,0.16637311195319415,1.5364874140219336,,43.87790607309685,269.7675677780815,386.3967180845543,62.24750552842493,fear,5e4691d0f2fe7a3b1d544aa6
108,14.88962034914781,7.253375,6.912000000000006,0.021118310683493766,0.09872159017129489,0.020270318347495094,4.192418530182958,2.839579933250901,0.13812154696132597,5.075875915593089,12.069973402125703,40.44219290590894,,45.178119002723676,176.32320448764654,298.47218288654506,101.2753948583593,fear,5e37d301dbc4b7182a6a9d67
31,10.844137388224492,2.8586875,1.9840000000000018,0.0018965736503587208,0.0073015372782876935,0.0020980303275441696,3.394488921066244,2.7657938831643607,1.7605633802816902,4.025575646202191,0.013995694499635997,0.06208782426021739,,40.58856174708544,240.7142114031184,243.10578377563795,57.839187837349606,fear,5f789188f8fac448cc0a6420
47,13.769363166953529,3.413375,3.0080000000000027,0.024950149047305872,0.2560210841584915,0.04593434589563034,3.2083352855451475,2.556389928862697,1.4705882352941178,4.238980739559796,9.588817509371943,75.47324772137313,,39.19717350737145,117.79505915497087,180.40732129724032,54.12332679057244,fear,5fb389160fb0f33aa31ca2c2
55,14.01140018469573,3.925375,3.520000000000003,0.022335517424776265,0.17746036188637862,0.03886643350945006,3.6710315141805063,2.731780759794807,0.2557544757033248,4.39401948672969,7.295439259985324,41.15591097984479,,39.37901141852786,106.42266746390388,192.013645291753,57.945421960818294,fear,5fbdb7a8cb503578af9eea7e
58,15.273708812008294,3.797375,3.7120000000000033,0.019734589892189302,0.1023667673546805,0.020161724136880218,3.873352708943387,3.4291663049509373,0.26455026455026454,4.618636356104507,2.0118037163318037,6.128838763342576,,51.332870164467046,184.29058899501425,233.40733805633164,77.16039662826341,fear,5e5228d87bef803b4851deb7
27,14.381783074771956,1.877375,1.728,0.014129430122626453,0.037067875010973694,0.011358461135336286,3.1399576228739035,1.5869481927887497,0.5376344086021505,2.728548715961241,0.10907252684622515,1.0577159109849652,,30.596617741857994,189.26492345810195,111.93401674982397,26.548169230686337,fear,5f6378bdb878131628349ee2
125,14.947347966786992,8.3626875,8.000000000000007,0.001026743429329135,0.005859748078613097,0.0011290598503738505,3.7244448710986813,2.3299296127190123,0.47904191616766467,5.279637324686498,0.016756485100924333,0.12257252810974813,,35.89907017156143,111.80286073802289,100.69288155150409,30.802954027243395,fear,5e32e9c35807b852d9e043f9
63,14.914772727272727,4.224,4.032000000000004,0.004681600301896722,0.02292332347425784,0.003877250354953467,6.358970134164279,7.222968159990734,1.187648456057007,5.894088740420022,0.25481960776487833,0.1799626817535641,,50.06703208719491,207.11735930111513,300.5615321254417,51.912148543359876,fear,5e521601963e443aee02b6d0
122,12.378246753246753,9.856,7.808000000000007,0.0006059326438537755,0.004419891677166916,0.0007349675617112654,3.170811141367161,2.215087487060182,0.3048780487804878,5.22682382733779,0.01937234884884553,0.10532119727025553,,45.69097841280926,197.69369852018053,326.81653718338976,87.19525512753142,fear,5e464f11f2fe7a3b1d544a57
39,15.49232831818859,2.517375,2.496000000000002,0.03725795098815164,0.08036245048788618,0.026465721870293443,3.6096648904263606,3.917365608371401,4.4,4.370675359499243,1.5946586702404573,6.452038673352643,,46.617213165324344,222.09981581349604,212.05613042340593,50.294695911590715,fear,5e37dcabc8c25f16cd1457e0
139,14.164342033194492,9.813375,8.896000000000008,0.00022098773585889166,0.0016390145969092484,0.00033461688834890305,2.997373466285166,1.947032691033366,0.4081632653061224,5.063737486661884,0.0017315293324186227,0.018404309504924447,,40.15953413174658,120.20654439857117,199.54471994669842,70.63533690522878,fear,5e42bdf52b6c8802f2d85daf
63,15.877016129032258,3.968,4.032000000000004,0.02575679111016915,0.14978626063752246,0.03412002213121354,3.0576161392693555,1.6841739844041836,0.2531645569620253,3.6269779429293396,7.105016692909112,56.76254158134166,,31.000135153516496,100.79708525658835,94.12696062960518,32.48952921757286,fear,5e37824b05fef317e874bbae
35,13.020833333333332,2.688,2.240000000000002,0.05205156493986802,0.2412771855187392,0.06084208219285418,3.2049730211116967,3.0326632795041926,0.7490636704119851,3.7897080116798043,4.294696000429613,28.651293329760705,,46.167780038577504,250.27967113784507,174.00988989039047,42.487658250048646,fear,5fbe0f4144697678c497bf4c
52,6.124356832117541,8.4906875,3.328000000000003,0.005944934483390587,0.07918573544589651,0.012562444389093147,4.084472047261932,2.5430595336675945,0.5896226415094339,5.358896357116974,4.154412745522622,24.058078969498336,,37.9469822926666,335.6551094576907,781.5402862555713,251.0451834352616,fear,5fbca3bc4c55eb78bd7ce95e
106,15.527296364452011,6.8266875,6.784000000000006,0.0015859906898338426,0.010124575003695808,0.0016278182286214588,3.8132085551427415,2.366672287117529,0.7342143906020557,4.862557069554225,0.029673202849802918,0.24034169947749182,,78.09241655429867,150.18269566828323,331.3692260464981,52.4928792164944,fear,5f86e2f2f8fac448cc0a6f0c
70,15.477523043544354,4.5226875,4.480000000000004,0.017699203649331002,0.11056824535246784,0.021239766801448127,2.971403759303688,1.8389926706903008,0.22172949002217296,3.961225587514811,2.839897224455584,24.960484058181567,,37.779603089474314,129.23606791745337,165.29955496661373,75.48060093385298,fear,5e3558ec5807b852d9e081c1
46,15.85455172116669,2.901375,2.9440000000000026,0.018761089769278292,0.09371977168945528,0.021324802597015715,2.9653803946491615,2.739247140778358,0.3460207612456747,3.510606948327919,0.8365433847568701,5.459078400263278,,46.727197536160226,174.52343395681504,198.02105447849988,75.43979519077884,fear,5e37f508dbc4b7182a6a9fad
109,13.588692711661029,8.021375,6.976000000000006,0.026480927160295847,0.114212730919042,0.02434208885163238,3.1874193078142823,2.2975323104140104,0.24968789013732834,5.18175132242236,6.673894383550858,73.90132493407509,,57.831950556836034,193.92745589215187,245.98499165172495,70.50921856003752,fear,5f6163ba3bd6941613f6d4f8
59,15.894396551724137,3.712,3.7760000000000034,0.003333610231566959,0.010979665668067507,0.0025204571795482446,3.8526988738086265,2.76364903345935,0.27027027027027023,4.461500238322385,0.02607570162563721,0.12015120016328204,,42.56496207877136,216.43502355185336,251.62908013261386,57.071056342198304,fear,5e338d675807b852d9e04e8c
60,14.349346805775612,4.181375,3.8400000000000034,0.03398146037328609,0.19019853577652232,0.04189611584854249,3.179824576458708,1.6191887736157398,0.23980815347721823,3.0762421615717304,1.7646415831016502,34.007636505400555,,34.938293389230225,109.00655925405627,104.56576906952336,38.83691515254845,fear,5e36596d05fef317e874b458
43,13.4375,3.2,2.7520000000000024,0.027869632632590513,0.10473761221404997,0.028771398013591125,4.106613297768306,3.377779744860603,0.6269592476489029,4.090306819852973,3.4550969553891853,11.617309374597163,,33.03094801524342,332.83859382713007,962.2915382677469,271.360010189024,fear,5e3d395edbc4b7182a6aa94e
83,14.199260098796056,5.845375,5.312000000000005,0.00963536272966548,0.03823162640697228,0.010224803582388248,2.583051256526208,1.6453499004786307,0.34305317324185247,4.123224933916506,0.8101138998902203,8.270690226124373,,56.90603963714282,171.21669118904993,268.7098168721982,54.1366479455841,fear,5e4256d4189842034d9f745e
45,15.74148975710007,2.8586875,2.8800000000000026,0.022972755909282064,0.07102640068561696,0.01906981086364622,3.23699601355214,2.1283722973803014,0.35211267605633806,3.8205144442536856,0.9223329254268163,5.585604942954072,,31.82444325059318,111.15805865307473,65.0544601959806,14.382938093973126,fear,5fba3ef24c55eb78bd7ce2e3
35,12.063245874800742,2.901375,2.240000000000002,0.0009398178805848586,0.0051156275794723115,0.0011922994588892076,3.5504802006872764,2.9202952505261233,1.0380622837370241,4.277451167080158,0.004908891903330967,0.025498176807038895,,59.19746850818698,218.55693480672628,224.42118003031004,63.042791118406484,fear,5e492362963e443aee02b471
52,15.827721340790625,3.285375,3.328000000000003,0.01572869693503661,0.08923516542717043,0.019475724609516527,3.4207414418138975,3.7489032357591405,0.3058103975535168,4.55922426509208,3.461266453259522,5.940844114215669,,32.065045239723105,95.37074170442368,61.299152349968764,26.262568707582684,fear,5e40ebb09329cb02ef38a588
77,15.165316723700732,5.077375,4.928000000000004,0.002895004994379696,0.01876812808705572,0.002713635008442306,3.609055056923633,3.7688617053148383,0.39525691699604737,5.075743853223721,0.09866466524474025,0.37287488344623754,,66.63565256310275,126.43002645887894,128.6580702059513,48.63955856774729,fear,5f9a751f9e04b149046ce529
74,13.139204545454547,5.632,4.736000000000004,0.039858813165233827,0.14816832314418202,0.03234293463957706,3.6764830705243376,2.920135478078298,1.2455516014234875,4.71165238514394,12.77683513475331,63.131629141379854,,39.96018132874857,250.22348230127938,263.24929203563624,59.94655466580862,fear,5e453b6b2a2d173b73a02907
70,15.77509225611989,4.437375,4.480000000000004,0.018075450485528326,0.054529749231828815,0.016139090592884726,3.9976284266451723,3.849174383167189,1.8099547511312217,5.155822823287073,2.183471478605133,5.875429090148499,,35.82804693268765,103.40853902448367,74.33055012971812,17.747319932052992,fear,5e36d44805fef317e874b939
42,15.380742029250875,2.7306875,2.6880000000000024,0.020897456254215553,0.10428442116766222,0.025571076956427383,3.2425910042714965,1.8739376383949136,0.3676470588235294,3.525254289252734,1.2091703155893436,15.030746765397176,,54.89014326252893,151.26739450609944,195.0,80.221757980083,fear,5e369f45dbc4b7182a6a94f2
77,15.692868151884545,4.9066875,4.928000000000004,0.013157700441042908,0.10116783758218931,0.020481648186937363,2.911913425591571,1.5355919774619806,0.20449897750511248,3.621336984565244,1.4039927254260505,19.60551883837468,,17.66494458722519,72.83608569998492,41.2045044606715,13.237950759672977,fear,5e37870b05fef317e874bc23
50,15.835939665069876,3.157375,3.200000000000003,0.009970300330580687,0.024936786926206978,0.006534060760551238,4.446438155843828,3.5006789367550843,2.8662420382165603,4.4678293720600974,0.12547513118304587,0.6291138006539082,,43.50560382037593,153.68392774500134,148.5642260681802,29.123808655054628,fear,5f90f9e0f8fac448cc0a7e31
54,13.46402580604946,4.0106875,3.456000000000003,0.02907220225281739,0.23032447648242488,0.04583081948825471,3.1640087487620576,2.90987725480748,0.25,4.356212009567385,13.012640940944465,52.650744659923404,,34.54229817055062,115.56674101249872,108.52918104210445,43.799404372050525,fear,5e3940db05fef317e874c949
49,15.950520833333332,3.072,3.136000000000003,0.014306718999200815,0.0508990013591223,0.010315380640248829,4.363747730144818,2.7034290896116424,0.6535947712418301,4.055866567336124,0.2830025749860161,2.7603614339950457,,38.53022775070028,96.20422901353965,75.13768379557115,24.50581234838095,fear,5e37d2907995ef170fc0f3aa
93,12.74671052631579,7.296,5.952000000000005,0.002445823153043411,0.014937458204155755,0.0028698483262957044,2.929005558671138,2.4777703442654495,0.9615384615384615,5.038104156750255,0.10689697239241257,0.9722436007212042,,47.23726970436379,215.83398084979035,315.66228094586256,81.0398298757647,fear,5f9929b1111dfd48d40ff7de
79,14.812384278247826,5.333375,5.0560000000000045,0.023605205682028917,0.1317511449429922,0.033121510622815736,3.438239668999007,2.734690684350164,0.18796992481203006,4.7743914236137,16.427975545231643,68.44522147598435,,45.48963093900483,197.5195030112951,434.3939314265223,128.48529964464146,fear,5e33beea5807b852d9e0541b
72,12.593191805680055,5.717375,4.608000000000004,0.03573182097031128,0.21661943863590044,0.04129282570220882,2.981404574267263,1.9247483098295486,0.3508771929824561,4.221703457569194,8.235291736753382,64.91075997071056,,35.850062126501435,109.14694296842094,83.19460616293993,20.755388044262826,fear,5e43dddb2b6c8802f2d85fc8
110,15.076754385964911,7.296,7.040000000000006,0.011351180570312027,0.05923278286079353,0.011512999075361668,3.9770515778258937,2.5338091600222548,0.13736263736263735,4.856087580528748,1.5015598797666847,8.475276198353432,,23.29049750845475,154.39464570259432,245.98499165172495,75.97959734403597,fear,5e350d2b5807b852d9e074aa
71,15.848214285714285,4.48,4.544000000000004,0.013618594673229614,0.09871647492136325,0.020145867956835272,3.609650745679831,2.009614626531992,0.2237136465324385,4.005364288327827,4.439450056858479,27.44502525832247,,43.994850550945124,84.6993007711485,88.70651218352927,28.810923042501265,fear,5e37826adbc4b7182a6a9908
25,12.737636531541574,1.9626875,1.6,0.02428593622465358,0.16672398124590262,0.031473188048650916,3.5714067415772246,3.5550398128736513,0.5128205128205129,4.058757751992,2.831817195718108,9.333447770130764,,61.64354595424003,176.17664532280523,171.90174825342416,59.66752411595706,fear,5e2d8e745807b852d9e0265e
68,10.282193282552404,6.613375,4.352000000000004,0.0024910392620170934,0.01646243649712716,0.0033000510735895962,2.9315068456052993,2.6058408994190945,1.818181818181818,5.046046309317736,0.17805321979034142,1.1117933733057275,,38.3026830974488,251.57186094510678,205.29297830072582,36.997929628961884,fear,5f831a649e04b149046cc6f0
106,13.879114224455392,7.637375,6.784000000000006,0.04597373181140626,0.24253494660116987,0.046468984301696076,3.9121913969261355,3.222181771642042,1.837270341207349,5.453523059178611,56.686293905234955,198.48163081972413,,46.69944491720138,172.3555850159068,226.84013256043693,52.713125334330975,fear,5e4813668849ac3aacea51ef
34,15.93718872678268,2.133375,2.176000000000002,0.07903875396198035,0.28413109203835424,0.07646856926129188,3.2519547358250676,3.5586623196966953,3.773584905660377,4.139944375083019,9.143334282754928,36.67323172337062,,34.85269835158193,234.65426188957701,187.97251622172115,46.976672388319535,fear,5e426ee99329cb02ef38a897
41,14.559659090909092,2.816,2.6240000000000023,0.020128128225622592,0.1661763911679534,0.032190785827368965,3.358491569386016,2.309711978723181,0.3571428571428571,3.437358401833957,0.9246717436897789,5.823656954253444,,26.60215956395097,101.86923742230532,82.61557577921405,29.266745176137952,fear,5fb9e05dcb503578af9edf1e
103,13.71618809821057,7.509375,6.592000000000006,0.024513133001907956,0.14837225604365598,0.028520599435253223,2.7965509599518104,2.2942447518936273,0.9345794392523363,4.892186788940917,10.37890974149737,85.1724223275148,,35.61832788209535,243.92482930805815,286.09098600372937,67.05406657219393,fear,5e46420a7bef803b4851d865
65,15.545125706256913,4.181375,4.160000000000004,0.014646972289153433,0.0782156689348992,0.019550914051871596,3.0205970036008125,1.9901965934486212,0.23980815347721823,3.9793414756099823,2.7952973456752725,15.95936678071868,,53.341259489651236,167.96942362800877,235.01698349256964,69.43631493801803,fear,5fb8c601cb503578af9edcc9
103,13.411458333333334,7.68,6.592000000000006,0.0008784893590592433,0.00434271128594846,0.0008378773126212123,3.630233404975723,2.288607462366815,0.1303780964797914,5.054459812849082,0.012114877471193374,0.09020438246376057,,54.39584257830448,144.522193892685,174.8022103323442,50.856713489927124,fear,5f6d880a111dfd48d40fd1c3
27,15.82011938330831,1.7066875,1.728,0.035001450665991626,0.09393955884777394,0.02505959188908652,4.1131832713582925,3.614174808506836,4.1420118343195265,3.6424366028617223,0.45777859188858,3.017797230978796,,41.94978432659785,170.2245840713758,143.25043104691346,58.184358896841594,fear,5e4188e92b6c8802f2d85ade
61,13.880395363720401,4.3946875,3.9040000000000035,0.03123974393184682,0.15681221228200443,0.03336494866025243,2.8972920418404207,2.2700039290260388,1.1415525114155252,4.234772302126325,3.5994134823138184,31.479778406042694,,41.00944237365651,105.09885286462725,77.78740849223948,27.536958021227555,fear,5fbb465944697678c497b5da
38,9.787035397517828,3.8826875,2.432000000000002,0.002334583121994704,0.011942909220468251,0.002565597051875001,3.925051711294364,3.5539704705930313,0.7751937984496123,4.699000360258026,0.059943158744523106,0.14027924185718788,,21.442193439692876,246.9757283102757,268.30546129938955,78.16808391354417,fear,5f633c5454b2361621284d3d
120,13.204225352112678,9.088,7.680000000000007,0.014220082845789038,0.06250152704119974,0.013643941806270302,3.485342069764917,2.434623102884897,0.6615214994487321,5.405395772955278,3.7773243228536617,27.94383148105537,,59.49884144046412,170.37860884391708,231.44250321057757,62.334550737655846,fear,5f8307a29e04b149046cc68d
48,14.240418312287924,3.3706875,3.0720000000000027,0.0164466255138679,0.24482407825358624,0.03284737810168433,4.230608923927854,3.7663295741420515,0.2976190476190476,4.907864973566492,10.50418850938561,37.61319096253424,,59.374090643340004,175.40844692819027,437.2868910409198,130.2106360158816,fear,5f640a48d0b14d419059b825
67,13.89645070130409,4.821375,4.288000000000004,0.032612713129652915,0.1509483469868065,0.036556609915631394,3.190525951499506,2.668002809726817,0.20790020790020788,4.7196845612206175,9.940903501699347,54.45185279336347,,29.30720111230418,120.03447034492544,110.54549300186471,32.77467283989054,fear,5e4152c5189842034d9f72ac
47,13.113839285714285,3.584,3.0080000000000027,0.03257342272389004,0.14111230903501984,0.03236240757133359,3.6277134634066375,3.19197260430722,0.5602240896358543,4.432540108841172,3.8297604246187698,18.817753482231698,,41.21893699865517,265.2932703901802,209.69537317850282,32.90535578394292,fear,5e369016ee8206179943c13c
48,10.922278318993103,4.3946875,3.0720000000000027,0.012998545757980247,0.10278612732940261,0.019103185384393855,3.1480868065155927,2.1913110983757136,0.6849315068493151,4.449098585482979,2.120714600353002,14.817943613341345,,30.459655145639502,164.059512754861,242.41302436705854,82.39830585415778,fear,5f6a3a95d338b948c4e68541
36,14.0625,2.56,2.304000000000002,0.03780737109908089,0.2219936250078951,0.051392941704085655,2.9065491087130604,2.0406156245859117,0.392156862745098,3.6082387005371244,4.284201881643735,37.89910032815176,,42.3234931943463,109.82005189673859,71.14823596668148,21.840830230926628,fear,5e3ce0ebc8c25f16cd1462ef
93,13.623005300887144,6.8266875,5.952000000000005,0.024310986009197167,0.14801316417040955,0.02464012750502297,4.0406325352748675,3.847261446730601,0.29368575624082227,5.778478953173861,17.21699741222288,45.44673224906566,,42.67109331609533,189.2739254220599,317.8674351061366,87.69408241066027,fear,5f60ba6454b2361621284b01
65,11.99552474653687,5.4186875,4.160000000000004,0.023280820437047225,0.12089311699239572,0.024610469849476162,3.6757405440960635,3.6311508743173637,0.18518518518518517,5.185633463569513,13.943619610897501,29.850761476572295,,43.58678361744811,185.9945109389194,254.80975141903156,82.59435766719224,fear,5f6d34cef8fac448cc0a5f6e
113,13.046427385952,8.661375,7.232000000000006,0.010813002132817986,0.051673134560241564,0.010028204963053856,4.1021687008489085,3.449855441529458,0.6936416184971098,5.763477559273035,3.2372109317218367,10.763191047228435,,52.976951497534294,284.4720209322875,515.318514167716,112.04053100769583,fear,5e424ed10b3f160367c20913
114,15.355603448275861,7.424,7.2960000000000065,0.024184911689918952,0.1317290930644853,0.02926828302567023,3.5859916308274187,2.1087820000198905,0.1349527665317139,4.7654723094358875,20.860002069147612,118.75512372579587,,39.41156002295378,98.978415675236,156.17346184722248,43.14566702030055,fear,5e365cbddbc4b7182a6a91c8
65,15.869140625,4.096,4.160000000000004,0.0044444056450399505,0.025632104881900628,0.005974585074182425,3.6013752048084444,2.4387633509494075,0.24509803921568626,3.7422325654709856,0.2008778888560484,0.791328881822073,,45.90716339926904,162.9686380559995,216.8989862783688,78.27506502488245,fear,5fb871aacb503578af9edaae
94,14.122596153846155,6.656,6.016000000000005,0.027660724799330388,0.25812393590002125,0.04121077356582753,4.059267502222874,3.0739371191370712,0.1506024096385542,5.40793151544167,29.053792881234884,150.41196174008093,,37.394274051150745,222.03752681666148,374.7991928883532,134.85690392743913,fear,5e350e555807b852d9e074f8
47,12.517686225551394,3.7546875,3.0080000000000027,0.02913656875040506,0.14860460690574753,0.02671867560016102,4.551919517376027,5.2099089563192,2.9411764705882346,5.205279865900791,9.679863088485865,10.084087112105538,,64.29188209292522,565.0792995736463,1920.8663553149033,650.4600925194948,fear,5e453b578849ac3aacea4e55
102,15.523489741370291,6.5706875,6.528000000000006,0.024063801406558546,0.17773827347236365,0.03381242841029597,3.573504528175318,1.8530873679510051,0.1524390243902439,4.442402019033394,16.055113464262476,149.2458386540475,,46.81700865418442,91.6391921913318,105.54805357686834,30.904965611862618,fear,5e367fb9c8c25f16cd144d20
87,12.43323389128066,6.997375,5.568000000000005,0.05447147713273805,0.2057494023285836,0.053237051121756286,3.7192948549060563,2.4648943837392254,0.14326647564469913,4.82884486058609,39.21254902372997,182.31825165516977,,33.93799140829707,112.31701929741895,78.41324688128702,18.036726804469414,fear,5e3ce13533e9ad176cc9bd57
116,11.471518987341772,10.112,7.424000000000007,0.002168956994250036,0.011290030172439004,0.0022069188983048654,3.058953628372579,2.6684055564446942,0.39603960396039606,5.508328185997382,0.13598388986510374,0.7978617756000694,,32.061867892022086,237.4124161414218,216.71235668172235,33.636166043426535,fear,5f6a191d111dfd48d40fcead
124,13.839285714285714,8.96,7.936000000000007,0.022188196795844533,0.11657312957810007,0.02701444934519667,3.2813249561420093,2.303411350050569,0.22346368715083798,5.218830950314442,16.735450669717242,98.9327109849439,,60.14534597630261,211.3946221951057,290.1704667561429,82.71386091833726,fear,5f5f67ae54b23616212849fe
43,14.605978260869566,2.944,2.7520000000000024,0.0009704501607820152,0.0026383981327282534,0.000682909477628639,3.761882788542219,2.3577808070690014,0.341296928327645,3.94168080524437,0.0015102163053415337,0.008918191011198156,,31.095064288369375,154.25475195946998,134.33268480704808,41.460216170993135,fear,5f71cf489e04b149046cbf87
89,14.586875909118847,6.101375,5.696000000000005,0.017034131407554103,0.08608172872783235,0.018921172273290616,4.26747268974337,2.7131952299500037,0.16420361247947454,4.804235241134161,6.806346100372475,27.791733551480675,,51.09065659394736,149.07835836093432,180.40732129724032,64.64130869767752,fear,5f98a4b59e04b149046ce196
19,5.301339285714286,3.584,1.216000000000001,0.0008539418198737022,0.006809920657587009,0.0013833594693012674,2.131653847627873,1.58878769088187,0.2801120448179272,3.7642340557488527,0.0028044459814048697,0.09140540134616076,,9.52264687843819,110.86028319310931,75.13768379557115,28.79388380601206,fear,5fb380c475b0a9389bf3972b
35,11.71866825705736,2.9866875,2.240000000000002,0.0011996022239024638,0.005577240707219615,0.001302926774791494,3.9312503928388822,3.156861651876007,0.33670033670033667,4.47682646907648,0.005179419466150109,0.015912040939793905,,23.341953927013535,220.19293478847652,221.82649376257405,56.57624583921582,fear,5e434c029306c7039ddcce8a
87,13.59375,6.4,5.568000000000005,0.0013485319745993197,0.004826008502833569,0.0012150337831720011,3.775485859669701,3.235920613516915,0.6259780907668231,5.270282397275762,0.030005562150228624,0.09114094946483622,,45.57369939804004,142.33027522514922,137.8169587634771,36.935730399842704,fear,5f92316ed338b948c4e6a888
59,15.894396551724137,3.712,3.7760000000000034,0.01181884192450532,0.12834823896017633,0.02027780652500829,3.3857214529708677,1.9435555962723734,0.5405405405405405,3.8385037032047737,2.824682322036901,18.186480700596444,,21.307683498625224,75.2619731255097,47.51975293079859,16.982094603466056,fear,5e3782aec8c25f16cd145325
43,15.997023809523808,2.688,2.7520000000000024,0.04777170114363197,0.15646998245235758,0.03819461322817139,4.236606438604269,4.243609349669755,0.37453183520599254,4.462949173016718,5.343676794825594,10.309229331314985,,47.361071108534055,192.38828933020454,254.53250701124352,67.6274884421696,fear,5e363cb6bacf60088a5adc7a
60,15.800388426215477,3.797375,3.8400000000000034,0.01564154593355329,0.10857941244517874,0.024137540588772596,3.323656541542296,1.7615216820467818,0.26455026455026454,3.515304114577075,3.275761846383272,30.01706244165378,,52.97953351935033,96.40130052770628,196.5061646776419,45.813873341108966,fear,5e37826b7995ef170fc0ef71
156,12.6953125,12.288,9.984000000000009,0.004447929599301023,0.020143228853032397,0.003496493044876574,4.142672055289809,3.3385948114691137,0.8149959250203749,6.224044235289227,0.9273207937503827,3.082337076077629,,44.01338635309768,243.80050263090706,816.8587935697971,94.05521298602056,fear,5e521618c38c123b9ec6dcd8
122,13.74696292122962,8.8746875,7.808000000000007,0.002188324562228204,0.00967687899105037,0.001927523862418595,3.5579386351338114,2.565347086312984,0.6772009029345374,5.351156406076292,0.09293348937061142,0.4181690689035513,,46.815409107580955,212.74301845278225,236.11940068690785,47.38751319507402,fear,5f8088e49e04b149046cc37b
109,13.809048727572174,7.893375,6.976000000000006,0.0009128712245921191,0.004609541911371779,0.0010315483070174208,3.6017789244087455,2.047216866842764,0.12690355329949238,4.450767645708736,0.02473285444585027,0.16803964392708332,,51.25332674979983,185.99264147587022,322.31614041190267,106.6127897210857,fear,5fbc81bd4c55eb78bd7ce85c
106,15.335648148148149,6.912,6.784000000000006,0.01933969478124542,0.09522244515143438,0.020343888026935486,2.5872200710871542,1.5858607183685542,0.5797101449275363,4.1395416791015816,2.688374684032217,42.485817747257116,,22.40785839419798,100.94977658781364,71.93693467412865,19.320430774414493,fear,5e42d3160b3f160367c20b61
57,15.533980582524272,3.669375,3.6480000000000032,0.019769715182176666,0.14785275406186807,0.019336073308735824,3.850002242492889,3.813719299064244,0.273972602739726,4.889934025294635,3.7967441164657414,12.614950538195519,,65.11852911752408,226.62141395599423,414.6044206646884,83.75605485680103,fear,5fb37e5248cdda3a922e4f14
80,15.120908199548737,5.2906875,5.1200000000000045,0.0004752209556437842,0.004091191270148599,0.0007318063447612302,2.962068813591385,1.8302217604957365,0.1893939393939394,4.166423518472973,0.0029642943459638857,0.02539124426733886,,24.13593482439745,242.097940322848,163.17755515335415,22.79318794776098,fear,5fbdd404cb503578af9eeb54
79,13.817529897898948,5.717375,5.0560000000000045,0.018813190649941174,0.08661717017071206,0.021101409318935716,4.688132126460337,2.708212690217618,0.7017543859649122,4.667864807405804,4.99923773422846,28.53427691924882,,44.559791034961506,160.0012847930289,272.17828420926253,72.1226839976347,fear,5e37b373dbc4b7182a6a9bb5
103,13.638771186440678,7.552,6.592000000000006,0.030506936862244587,0.11633196215631483,0.03049350813866072,3.750672856048799,2.3154501045257123,0.13262599469496023,4.842407247714391,21.700509936261287,110.67766166799001,,39.86747238624837,183.95265086830406,306.96794243316714,89.97461572419574,fear,5e37b460c8c25f16cd1455ba
82,15.498930904537454,5.2906875,5.248000000000005,0.0015083449524850446,0.010284928435691999,0.002085414753025147,2.9312671971200985,1.8072189058907595,0.1893939393939394,4.2543465372356,0.03589566653812587,0.34598782899142555,,38.718569754890616,133.85029600549464,115.68936857950385,20.862683780792576,fear,5fbcbfd2cb503578af9ee8fa
41,8.075038774957532,5.077375,2.6240000000000023,0.0005757308597276678,0.003804878715743239,0.0006723848089797721,3.1741824022767076,2.069576777853416,0.19762845849802368,4.553634115952877,0.004508811001335903,0.03594885094354864,,15.268547528973224,200.95397140593695,315.66228094586256,128.42092445974714,fear,5fb9fdea4c55eb78bd7ce12e
96,15.306122448979592,6.272,6.1440000000000055,0.026647971858365295,0.10690635682984202,0.02257831876191588,3.561297280070212,2.5006310489711487,0.4792332268370607,5.0663809683861585,5.2510061285794345,35.813411312139394,,47.87694937340042,196.48662734990378,247.7865093813503,88.81478973040203,fear,5e3632f4bacf60088a5adaed
43,9.978245105148659,4.309375,2.7520000000000024,0.000803436299236651,0.004288391012315185,0.0009366512688044447,4.43072281376021,3.385357870502886,0.2331002331002331,4.544594582651514,0.011419237701066775,0.04256507637021678,,44.909021319725085,205.29484042105182,266.0092219335977,82.76386077727223,fear,5fbcbe7a4c55eb78bd7ce9e5
51,9.338307660616602,5.461375,3.264000000000003,0.0020156201248389518,0.009995175898416113,0.002393350438240537,3.561508398261321,3.0771477414287776,0.18348623853211007,5.067252047430575,0.05443341563594173,0.22451536674672218,,39.292675916207415,254.14601329951998,306.18649356048525,58.462054008032574,fear,5f922386d338b948c4e6a85a
82,12.399115428960252,6.613375,5.248000000000005,0.0010471969804481385,0.005126474603901572,0.0011478370664021762,2.4936294168294517,1.862530027283751,0.1515151515151515,4.6734351503250435,0.01007431255269197,0.13920266179621846,,46.205781144409286,186.53678318179254,218.532010492967,50.65967894334543,fear,5f8ad2fdd338b948c4e69e0f
73,15.553839188217434,4.693375,4.672000000000004,0.016760490814010702,0.1523926601593824,0.025073928117753625,3.2529227220643158,2.4228657274236287,0.2136752136752137,4.370512140323296,10.11146705908482,38.994830109392964,,54.675726472380234,162.34629813127867,222.35188275096505,78.82133777429698,fear,5f682c53d338b948c4e6830d
56,15.625,3.584,3.584000000000003,0.015214993862298123,0.08968634384569352,0.02231947825013779,3.31340520342886,2.1294080967810145,0.2801120448179272,3.9842275784636128,2.0316026800684694,13.223840304171944,,72.193043908175,132.3771922963123,216.8989862783688,76.90303525105192,fear,5e377f9a33e9ad176cc9ada2
121,14.925948483890616,8.1066875,7.744000000000007,0.02560634657986298,0.14565648992532745,0.023697013393233553,4.445138216103627,3.0481804051987536,0.37082818294190356,5.511219580359103,19.001731233006105,61.06444918446113,,34.28110081549546,219.51269389804258,313.4698275389687,83.99358214722639,fear,5e3501aa5807b852d9e07207
50,14.833769075299921,3.3706875,3.200000000000003,0.0006381138760338842,0.0015524160152035065,0.0003776122467189148,3.719153407486947,3.1861677847057845,1.1904761904761905,4.195910876688512,0.0005507055087979921,0.0020757594182953458,,8.167514663178578,224.92755703160245,94.2672525125005,21.93968826155663,fear,5e2ffed15807b852d9e02cbb
193,12.850656889957927,15.0186875,12.352000000000011,0.01792316238183497,0.0785732132018699,0.019110392029579863,3.08072243761461,2.1626766881988155,0.5333333333333333,5.706281906374727,19.133415069742792,121.11530989918975,,51.31343809183519,214.60699680907254,357.3712461052425,67.95189100887112,fear,5e4163e69329cb02ef38a70e
39,11.870791005592968,3.285375,2.496000000000002,0.0002239499224332757,0.0008849401019041366,0.00020587560737700208,5.280102705736489,5.103981230597936,0.3058103975535168,4.81448598016506,0.0002649917416725639,0.0004085862911471656,,17.888982687484976,259.9223786470804,190.2318509898946,52.086282292414154,fear,5e37f6fa7995ef170fc0f635
25,7.8125,3.2,1.6000000000000014,0.00017151767973119577,0.0009605478637545937,0.00020874127434622542,3.904975484707554,2.763712711619783,0.31347962382445144,4.127493298912215,0.0003160584292045325,0.0010518210622149724,,39.95358635341761,141.72705517513546,163.9731271349986,32.10232836032101,fear,5fb489c8576e9378b67abedc
58,11.718651344866776,4.949375,3.7120000000000033,0.050080986480284445,0.18966171506079785,0.039160295761549654,4.477624517089497,2.87934174968293,0.20283975659229211,4.482072987758868,17.150535529570405,68.14659153200608,,49.66754593924895,130.24405619271997,160.0395058615972,51.928720676682964,fear,5e421a1b48600202f726fceb
57,15.355603448275861,3.712,3.6480000000000032,0.04315155051671126,0.18904581879323787,0.04944773693083716,3.113437297838162,1.84529915700276,0.27027027027027023,3.8072426226431517,9.841591382304184,68.47981090836443,,19.387944091047558,97.49763785522708,79.24403136881983,27.679516865511655,fear,5e384f787995ef170fc0f8f3
53,15.527154209543342,3.413375,3.392000000000003,0.023917564261544667,0.11474141153815454,0.026758487636061274,3.432611081892378,1.8997927002209976,0.29411764705882354,3.6330984114545,2.837621161323935,15.294472138827864,,55.32437445826314,164.93918461736092,240.64245563373828,81.41014948848706,fear,5e36787b05fef317e874b59d
54,15.248314567081994,3.541375,3.456000000000003,0.003218276582301726,0.031249399057132282,0.006530481396731842,2.2447881492736816,1.288582106263687,0.28328611898017,2.820493973665316,0.04817502488689286,0.7696012548416273,,46.028338602924386,120.18813560686242,240.64245563373828,87.60830226612633,fear,5fb8e0834c55eb78bd7cdec2
81,14.94826929953056,5.4186875,5.184000000000005,0.02682023578690162,0.14394373586741901,0.027400271037034026,3.0467531727623824,2.462533105377242,0.18518518518518517,4.918360389292789,7.783036220381146,55.132129312444135,,58.536479948379395,197.10825564180257,350.1151609054579,86.64681621944102,fear,5f682c689e04b149046cb809
59,10.97470238095238,5.376,3.7760000000000034,0.008100657015723382,0.03403495114696235,0.00922679441815247,3.582188714657426,3.0575920206233946,0.7462686567164178,5.2086323694427445,0.8350746780723552,2.811583849797158,,23.403993907099935,180.417346707064,137.59664171402176,23.357426198298775,fear,5fb4cf6d4c55eb78bd7cdab9
65,12.801890740786332,5.077375,4.160000000000004,0.0024304710479955455,0.014553082000333213,0.0029802582689267554,3.0202460216759537,2.0583325859040555,0.39525691699604737,4.181656811819538,0.04362476070370325,0.3922681747437945,,66.45145752710215,177.4397592720107,502.064020985934,99.06360028409406,fear,5e37c0bb33e9ad176cc9b16a
59,15.894396551724137,3.712,3.7760000000000034,0.06065983459036849,0.26855847175363207,0.08831679849082548,3.73927140666634,1.9689983315432789,0.27027027027027023,3.683100863520881,50.07256058892735,299.6712239790532,,73.19521661960823,122.59120907081841,210.4604045334168,72.06812156795716,fear,5fb9fc584c55eb78bd7ce11e
75,11.564481622111288,6.485375,4.800000000000004,0.0007202152502322579,0.004043230541896355,0.0008122065300870882,3.59592529276882,3.020238010502026,0.1545595054095827,5.158516195131627,0.012389681856976607,0.051936760095555985,,23.470995042649516,111.54740873098586,110.54549300186471,28.479213109244505,fear,5fba1785576e9378b67ac75e
186,15.349859189799773,12.117375,11.90400000000001,0.020024722351639282,0.15508379060206395,0.027153161661234198,3.8765027555484064,2.4677538916120816,0.3305785123966942,5.690184812897813,35.00305833242745,208.04897071020366,,37.237805554745925,100.8634093014074,135.48740730303228,41.2308745504238,fear,5e36576dee8206179943be81
40,15.368729438320965,2.6026875,2.5600000000000023,0.03609262289395891,0.1835943606828983,0.047360247107999805,2.710332197311029,1.9980321372344703,1.5444015444015444,3.4035881710057967,3.401209412084143,39.67745208517874,,42.241357404688415,126.23837938343267,111.56241769755178,42.66252758485984,fear,5e4950c28849ac3aacea54b5
91,13.084700067400583,6.9546875,5.824000000000005,0.0005044889684682347,0.002187378175237951,0.0004650458802462426,3.7628353058171937,2.4274806781502365,0.8645533141210375,4.812828717826684,0.003375859927136818,0.02284433969821142,,51.43874368618079,247.78460410210783,239.3817975917591,47.355192589160986,fear,5e33ef1f5807b852d9e0609f
57,15.716821479656021,3.6266875,3.6480000000000032,0.0619178098083864,0.20471505827278771,0.05167584614543222,3.1136402501271,3.4053292208138872,1.10803324099723,4.424357361299928,10.034488149994752,49.148334789647045,,25.346372838562665,207.839324941342,133.880132355017,19.157321301225725,fear,5e2d98485807b852d9e026de
37,11.87920136450286,3.1146875,2.368000000000002,0.02314331199856243,0.12837177300741057,0.024212347387036703,3.96467698407196,3.9530691993943803,2.258064516129032,4.680837107207648,2.3589079846672134,5.979228802319564,,42.00816850528186,222.25250839674354,242.41302436705854,59.91509160903251,fear,5e37dc7b33e9ad176cc9b2de
64,15.789311376322201,4.053375,4.096000000000004,0.002214700426317202,0.021648243620670294,0.0027070069137240965,2.893496774313551,3.10452496913184,0.49504950495049505,4.9506610695146405,0.04353198278227723,0.22066629212109337,,34.09768188194353,134.07572481372515,122.7686226743271,28.87640589937602,fear,5f87b1bdf8fac448cc0a704d
96,15.517189125844808,6.1866875,6.1440000000000055,0.015045214584320116,0.09372626429417041,0.017575001733529723,3.686897394397467,2.1274184213544274,0.1620745542949757,4.51218189913856,6.1941211863106505,35.867178603986694,,48.09673585767291,137.0092745152548,208.87386934825736,81.81178096953512,fear,5e36893a33e9ad176cc9a8ac
77,13.368055555555555,5.76,4.928000000000004,0.030999094160072564,0.20938396653365987,0.048947667031335663,3.4378689611067816,2.2070219982021886,0.5217391304347826,4.507507480003803,29.00083057912943,202.62416126572322,,61.656370477604646,117.43473694054107,210.4604045334168,65.9519700127273,fear,5fb33c4ce3dcec421f8357ce
52,14.171350706864247,3.669375,3.328000000000003,0.027371048795339043,0.14270596001699173,0.03559015147018185,3.8180338247393064,2.585886969280321,0.273972602739726,4.274164727627518,9.178249426358276,43.94057308062069,,53.68726842582926,214.63393072335398,296.3787371590077,112.90742641601423,fear,5f808503111dfd48d40fd895
93,15.569087827233348,5.973375,5.952000000000005,0.019745951548507435,0.11167500680690544,0.023780068026734234,3.4872394439279795,2.2012440441134054,0.6711409395973155,4.539771955694375,4.936144763114355,42.69928065098166,,38.530653577651236,92.61436865117558,68.03860595958074,22.371210887628845,fear,5e36a79b05fef317e874b809
58,15.625,3.712,3.7120000000000033,0.05312037426823203,0.2648083944223968,0.06651731840930541,4.203304274046664,2.5949072746208586,0.27027027027027023,3.707539164816272,36.84318534928841,121.51482898835097,,52.82623903111422,128.65814962778427,183.25881701670832,61.75834401731557,fear,5fb9fc66576e9378b67ac6e4
45,8.050989600805098,5.589375,2.8800000000000026,0.0020981644788834485,0.013542937491752317,0.00274141380667667,3.7564304590573028,2.3905974072712963,0.3590664272890485,4.193144263143606,0.09798852716872702,0.40940187420481616,,33.74523810772885,140.09421447238455,119.91278236564659,33.9400253358426,fear,5fb4ce0f4c55eb78bd7cdaa3
29,9.440104166666666,3.072,1.8560000000000016,0.0002943209287565106,0.0013898524206361594,0.0003454846228131411,4.533558818344805,3.7080459164651027,0.32679738562091504,4.5037472717587494,0.00048539176591253685,0.0012019878807648708,,7.559375968892058,223.52641311380364,42.101170496537634,13.420191204887264,fear,5e2bf6415807b852d9e023f5
46,14.18576412312318,3.2426875,2.9440000000000026,0.009973003313844611,0.03705912644919766,0.01055910328825361,3.873265176141058,3.283582001982182,0.30959752321981426,4.3396619088185595,0.611155048070547,2.3537580800639537,,53.61870774564143,167.9167375491632,188.13410603826384,47.881057833816136,fear,5e516af12a2d173b73a030dc
77,13.98982558139535,5.504,4.928000000000004,0.017192582423758176,0.11458131388101726,0.02454147727967281,3.045698188434341,2.217660897712941,0.36429872495446264,4.2177981765423604,4.2137601925925665,28.876165580703784,,48.37537711947485,195.12633368006084,282.05836208420885,101.02059165248228,fear,5f5cc3cc54b2361621284802
30,8.175779253960142,3.669375,1.9200000000000017,0.0022737628701897396,0.008712813087262582,0.002820084737389226,3.8311699115078754,3.193430103852335,1.095890410958904,4.725067488793101,0.056338034789078624,0.18479863837619426,,26.569150676694978,228.82102245303656,302.6955262170047,88.49263323612311,fear,5f681db2d338b948c4e682f4
102,13.739224137931034,7.424,6.528000000000006,0.012621678528431325,0.06539124713842,0.013763538396964448,3.2498148444830672,3.1050246690041585,0.4048582995951417,5.496232511011734,3.5049219111567242,18.09257552139535,,69.9322713286653,191.72128642394998,268.30546129938955,72.96319641285426,fear,5f677cafd338b948c4e682b0
133,13.792835244323744,9.6426875,8.512000000000008,0.013404465102465294,0.06851459262166432,0.01392054268950721,3.86732463890689,2.199542025983916,0.10384215991692626,4.868761137358677,6.639742629667981,41.11388545175674,,27.568545216058485,172.00998611823576,262.579472972667,95.14694704714398,fear,5e3677f67995ef170fc0e951
59,15.030411107219056,3.925375,3.7760000000000034,0.0293995335471342,0.11186236749479538,0.03067649581929973,3.926408898190734,2.7495430262279985,0.5115089514066496,4.340242308664657,4.928148018369299,25.687362363364276,,46.472077215047634,268.61804173457296,300.31494291320615,81.164423324902,fear,5e3d398bdbc4b7182a6aa951
80,15.120908199548737,5.2906875,5.1200000000000045,0.027677372802530287,0.15697316274980538,0.039553599400047275,3.215017489070951,1.7435251437518622,0.5681818181818181,3.960099640416042,12.51222797161506,113.80805630098844,,46.681032882566285,98.79136895903208,96.90845090664698,30.859334816912916,fear,5fbb8de0576e9378b67acc8f
115,12.141047297297298,9.472,7.3600000000000065,0.02400085264470228,0.12178791181707144,0.02464942810823173,4.0453957454873395,3.254388581121235,0.4228329809725158,5.87627832865466,18.901759828846487,71.86957277343086,,63.847134019002084,222.04912163532148,331.3692260464981,96.12844315484662,fear,5f425c469dd513131eacf013
182,15.180107386748682,11.989375,11.64800000000001,0.0018197794476433073,0.014287086962430608,0.0021235490030623986,3.985492211386158,3.103468063337992,0.2506265664160401,5.788755320871521,0.3470973497409533,1.0367889610228032,,63.222053899227724,262.1687427821987,423.1831563246777,88.27601147640728,fear,5f3d0b6e8a3c1005aa97c8c1
71,15.55184404347945,4.565375,4.544000000000004,0.03816190422347091,0.18625562851493876,0.04778137840733186,3.477483093987979,2.077264589082148,0.21978021978021978,4.175813988595483,20.930927884918805,129.7090187167536,,52.46423947657715,107.45818074309031,141.36213675586595,40.06002076352862,fear,5e377a61dbc4b7182a6a9863
88,14.945652173913043,5.888,5.632000000000005,0.030612679595194113,0.21687939062146142,0.03996738505386813,3.6077700814222555,2.3503620681531316,0.17035775127768313,4.391259757040914,17.975213242816007,97.62271930827774,,46.78816118425783,107.99624627886365,147.40900892134297,30.84603002541729,fear,5fbc7e5244697678c497b9b4
52,11.832468178909195,4.3946875,3.328000000000003,0.02525681962398315,0.109918351030885,0.024928533732691688,4.078553273046297,3.798699768712785,0.4566210045662101,4.787764680119548,6.787190029798874,19.297925430333073,,43.5446863105288,244.2137925406448,193.14371570607062,39.066600782554666,fear,5e453ba9c38c123b9ec6d468
60,13.521507648102762,4.437375,3.8400000000000034,0.00165301159797714,0.004970241252092304,0.0011387875403531859,3.3998924573242695,3.2512581213409035,1.3574660633484164,4.494369045126895,0.0075548244131914575,0.03361420689363322,,8.142921984277445,224.30838604894453,46.23616794407158,10.03879943414532,fear,5e41071948600202f726faf4
53,13.501894723434066,3.925375,3.392000000000003,0.040438023137934126,0.11300405338022157,0.036540315759250847,2.881843538491965,2.019479485160038,0.2557544757033248,3.9463389688455797,4.905693477312739,44.728518207822894,,62.525876217824404,195.58016105791648,228.53074524959408,64.74061486187149,disgust,5e34cd925807b852d9e06894
64,9.677358383578733,6.613375,4.096000000000004,0.0011036586916033796,0.005361795562001738,0.0013071645354888486,3.419718200052286,3.1124397244930173,0.1515151515151515,5.410147935213294,0.03617431032954312,0.1212674015064186,,29.927535892521536,237.4408852285937,254.34228385005324,68.78908189700127,disgust,5f997c3ad338b948c4e6aff3
66,13.569078947368421,4.864,4.224000000000004,0.017958481109042874,0.13688828251909918,0.022023711218071403,3.597488686432357,3.029808595351751,0.8247422680412371,4.589719748026515,3.7288440895969295,17.55017924147797,,71.10402563515585,241.8237786752393,228.42117099743115,69.80551240344347,disgust,5f83053ef8fac448cc0a69a0
79,12.595663265306122,6.272,5.0560000000000045,0.0007854138804671066,0.005432681010873842,0.001041754031527698,3.3661417075095184,3.1220842268388997,0.7987220447284344,5.208180729533667,0.019805045152274287,0.06912969868687081,,39.61382299774676,107.91818263078189,132.04315364635175,41.182452365158476,disgust,5f8bbd6c111dfd48d40fe833
49,13.050353724511027,3.7546875,3.136000000000003,0.029016307241015244,0.10047428978755214,0.026476025520238363,3.920866011217125,2.9784851961735646,0.53475935828877,4.484496630929537,3.070078823305473,13.532802510662986,,74.66568959666414,203.13302976872026,343.4698935360383,79.34251403335026,disgust,5f8ba66dd338b948c4e69ed8
110,10.924213270436347,10.069375,7.040000000000006,0.0006574460524306822,0.0031070867331917705,0.0007234451334193955,3.546256258433113,2.0335121386186796,0.5970149253731343,4.962275264865386,0.014881173811626553,0.11055262047906195,,41.68095805121975,144.90754293825896,159.00593128646304,51.39580904911636,fear,5f6701a1111dfd48d40fcbc4
193,14.978221433214012,12.885375,12.352000000000011,0.0019373045256238764,0.00948327700370007,0.0022065103783059353,3.4619649764029794,3.321416889649891,0.5439005439005439,6.421548969082853,0.30950162954078875,1.2088584895436294,,57.266131662507874,268.85805706243394,482.6815158569492,70.1847223501763,fear,5e4692047bef803b4851d8d2
59,9.80718085106383,6.016,3.7760000000000034,0.002698703482709335,0.012596071776792214,0.002904746456852583,3.621263448494011,3.013410634421972,0.16666666666666666,5.03770177461357,0.10571633613681453,0.4954327841804413,,18.149601563163763,258.6645984059751,102.23944605901173,24.38306832044286,disgust,5f81cb27d338b948c4e69122
138,11.348684210526315,12.16,8.832000000000008,0.019657136519952403,0.19433169528253436,0.03179778841850878,2.8136281146033437,2.0095365846425834,0.49382716049382713,5.5798596386823425,40.74364483399765,365.2149211066383,,49.55440790178875,177.32175774276638,359.818017842686,111.58994059711478,fear,5f6011b83bd6941613f6d3d2
49,11.149825783972126,4.3946875,3.136000000000003,0.0012154143261301619,0.004490958481845033,0.0012075067877535496,3.3753253940873202,2.3605644541019073,0.6849315068493151,4.019458853874121,0.010364458363107072,0.0516313429665586,,34.19540736196507,229.73933866887342,259.44818950236856,48.27131189802804,disgust,5e43d9db0b3f160367c20d1a
66,12.679201786614797,5.205375,4.224000000000004,0.04289659816935385,0.18900938118134136,0.03985039440306367,4.405054090684113,3.435085373195464,0.3853564547206165,5.035773689824144,27.93437675010972,64.15982481046855,,42.82365372979389,115.04099729113052,142.55758045272898,39.671879894163226,disgust,5fbb93a0576e9378b67accb4
155,14.358914975537735,10.7946875,9.920000000000009,0.08271012729475098,0.27732063987788036,0.07056914595782555,3.3187664998279374,3.2972446567447817,0.7421150278293136,6.12371216341534,190.98702261417387,822.5925838826233,,44.7112619606157,218.82007971102288,292.22794833910325,84.20411815775846,disgust,5f427a3716bbac1317968f14
63,15.380859375,4.096,4.032000000000004,0.045705139889177876,0.22706851870675937,0.05433015594771884,3.373674366367414,2.216020627403826,0.24509803921568626,4.124832218131699,11.276571497314754,82.00850629037124,,39.685462238531834,161.18069088004856,177.58857779956992,73.95040054296808,disgust,5e37be91dbc4b7182a6a9c73
56,14.583333333333334,3.84,3.584000000000003,0.0015031227602937474,0.006812610251880962,0.0015393781412754094,3.1263624468838547,1.9756673037824315,0.7832898172323759,3.996019126658828,0.004689948872097061,0.040642337861981646,,69.35810605113144,187.26514282564648,305.56897263095976,70.814316471962,disgust,5e43739b2b6c8802f2d85edf
52,15.827721340790625,3.285375,3.328000000000003,0.11032602863184221,0.2709950268028163,0.04997542881866008,5.5411604245458586,5.390095243407922,1.2232415902140672,5.119172656936726,23.713489390048075,30.955617947989413,,51.64367125444562,94.73378890066874,75.07576150824954,19.178233983003693,disgust,5f8a4b3fd338b948c4e69d68
21,15.876766053962104,1.3226875,1.344,0.0008423459213190451,0.0017412219876729125,0.0005196022546379772,4.7351299620567735,5.818546557631639,3.8167938931297707,3.924045483226782,0.0002607224744554898,0.00038516458841107536,,43.776498671518915,130.85992731191226,91.39325469067515,22.661402781039264,disgust,5e33f30b5807b852d9e0615c
78,15.625,4.992,4.992000000000004,0.01986914168162639,0.1456951994449196,0.030014951833804936,3.4872237757292632,2.5160948485262455,0.4016064257028112,4.560724787915808,4.578392446250811,35.11534893089783,,54.83396709445437,210.51514620924354,411.842102466429,112.64887397162919,disgust,5e48e5157bef803b4851dba7
50,14.833769075299921,3.3706875,3.200000000000003,0.0316691869035438,0.12652692332291188,0.0328970199257988,3.95163628091109,3.0543646805784035,0.2976190476190476,4.526860568546032,6.178803804955557,26.904789719187196,,52.16937504329385,190.86808235885573,247.7865093813503,75.34921561029529,disgust,5f636645b878131628349ec9
45,14.44767733520618,3.1146875,2.8800000000000026,0.08125066461602219,0.32218930799647544,0.08933795541463602,3.765545901511683,3.457342316967622,0.3225806451612903,4.481447778778415,41.629933687300166,150.5300916103144,,58.20574658525456,230.91304690496057,270.23628019429054,88.80491314378395,disgust,5e36c720c8c25f16cd145033
87,9.946622650003215,8.7466875,5.568000000000005,0.0019483203689557216,0.012358819561625321,0.0021679114887976454,3.096848321212498,2.7253143935068564,0.1145475372279496,5.506196349419754,0.16908889937329252,0.6158128771904103,,42.963580124825725,339.6942948932375,1547.4352886874597,351.9142087145798,disgust,5f6e06d0d338b948c4e688b4
71,12.058423913043478,5.888,4.544000000000004,0.0008438109593916512,0.005311596898073615,0.0009708316915565328,4.434496363276465,2.7941069498895037,0.8517887563884157,4.829615654859722,0.00596274621908283,0.047132471297196527,,43.5590684783725,186.7678782156029,223.48806273763967,58.833647740839204,disgust,5f7814d4d338b948c4e68c34
67,15.70304832495935,4.2666875,4.288000000000004,0.01046958596497531,0.040401607554424096,0.009266704775322591,3.6168223907867203,2.9190000946013743,0.23529411764705882,4.77171671452164,0.8071842270900859,3.0815018393916627,,36.64942480505898,183.6942227009265,146.4904849180411,41.153822902870594,disgust,5f9a7afbf8fac448cc0a8867
91,15.798611111111112,5.76,5.824000000000005,0.030770874084673043,0.1564951401799213,0.030140984903173466,3.8796662421579726,2.6777645658366263,0.34782608695652173,4.687862190271216,14.213661415013746,52.54592583608412,,28.481060196744,101.45471579000494,116.73609144327253,28.543695314195997,disgust,5e37a20a05fef317e874bdbe
109,15.482954545454545,7.04,6.976000000000006,0.04597310059337491,0.2747118474439976,0.06318888767701751,3.112337493038609,2.3746775254114647,0.14224751066856328,4.977794255660931,75.48946602151968,424.8164664674421,,36.64033979746207,192.34104110860804,309.1227308028132,116.05436257915737,disgust,5e48e7d18849ac3aacea5392
72,13.28735048847161,5.4186875,4.608000000000004,0.049588804908829755,0.24491567536005177,0.055770339495151734,4.006448539821262,2.357895455996727,0.18518518518518517,4.313738197694203,23.53290506768519,158.84746483419124,,39.588717522288135,110.13019824146063,100.69288155150409,32.2822293123757,disgust,5e378c697995ef170fc0f006
62,15.625,3.968,3.9680000000000035,0.019317942393490047,0.05604001439770015,0.016994994235708254,3.3023018425446593,2.5992651236216133,1.2658227848101264,4.328348582423666,0.9355568397090834,7.7562976450489325,,27.7756075541112,96.81060707625834,60.57172276022992,18.35324448322658,disgust,5e39546aee8206179943d3e7
77,12.799202127659575,6.016,4.928000000000004,0.001925534747421329,0.011400597928035884,0.002270299094427651,3.108567904590663,2.4920806242862206,0.6666666666666666,4.989260441079187,0.053658848343212835,0.3081020675653038,,31.6016173835476,246.6426140871514,255.0975474696782,52.75354181651739,disgust,5f64175e639e10419832ebad
52,15.827721340790625,3.285375,3.328000000000003,0.01772774695174742,0.0920999537738919,0.017437073616826483,4.218427210287022,5.194008913272154,3.6697247706422016,4.948519055822952,3.887828399220555,5.118488199014236,,40.6679872490299,219.7554876189731,276.27076873703504,74.91322451182805,disgust,5f6c95a7111dfd48d40fd0ed
38,15.355474176032327,2.4746875,2.432000000000002,0.0027319060096504507,0.010288519516436417,0.003013386583794884,3.5877490228811824,3.0519409762965726,0.8130081300813008,3.915654711787095,0.02260177017768864,0.0931319131847176,,33.96227256912011,150.77905020561445,141.36213675586595,47.96022761264031,disgust,5f645cb9d0b14d419059b893
52,13.849354972950477,3.7546875,3.328000000000003,0.021849648708974857,0.16954404180129115,0.025839555998380427,3.5063329695086276,3.917927714502106,3.475935828877005,4.834542397656937,4.9209444672409095,17.072209934179888,,51.630620493284326,213.45311883234834,290.82888145455746,77.74652203960228,disgust,5fb8c229cb503578af9edca5
21,8.634868421052632,2.432,1.3440000000000012,0.08631588987602662,0.36925965114723314,0.11391543576268155,2.2040483897991234,1.7980785616342925,1.2396694214876034,3.2096207505463297,10.950712967525362,168.4479682482533,,34.46590104297212,197.7072288838555,222.69133728746354,61.43970115473344,disgust,5e33d2535807b852d9e059dd
92,11.592741935483872,7.936,5.888000000000005,0.0020098693509846416,0.008151450237782642,0.0019197384957896464,2.9374031213077068,2.478815277559835,1.5151515151515151,5.1107889860898075,0.06300420530536445,0.460379891309424,,52.1223916886762,251.74280684723809,352.68905172621004,60.5069647019443,disgust,5f66cafe111dfd48d40fcb74
96,10.817282298672488,8.8746875,6.1440000000000055,0.0031096039087791165,0.01984563174135559,0.004163810045646255,3.317961238023344,2.6655534889090275,1.2415349887133185,5.403215087202096,0.44052472471691567,2.376609622318565,,48.95989868751014,199.88323763163055,302.6955262170047,82.24551417583612,disgust,5f98433ad338b948c4e6ad3e
64,15.305969926160653,4.181375,4.096000000000004,0.024206056154298237,0.13115659650844141,0.02439395225473292,3.9222236596235525,3.37539289563318,0.23980815347721823,4.9201398091448025,5.507272783265657,17.632180711156337,,65.09862155872541,169.63386546818953,213.66110025943624,71.18871499144635,disgust,5f708f9ef8fac448cc0a61ef
77,12.890535082763094,5.973375,4.928000000000004,0.0015539771013441536,0.006188943211222606,0.0014274201866411823,3.653549688360879,2.916453443158274,0.8389261744966443,5.01479776516543,0.019057949908782047,0.1214088973373495,,51.439004215224735,192.96507139663598,276.0961071537367,73.27585647260112,disgust,5f9237b4111dfd48d40ff165
49,11.042564579283923,4.437375,3.136000000000003,0.0036684126912975242,0.02169957137196405,0.0053616030029473806,3.967343224637644,2.9132319983560904,0.45248868778280543,4.461267768581582,0.2089314963723818,0.7024077120327095,,27.72820619108478,138.09509570960833,133.9228572667716,29.334263141489252,disgust,5fbe2d9f44697678c497c02d
79,15.4296875,5.12,5.0560000000000045,0.020831080303195713,0.1144713272786859,0.026950847403387372,3.6195646064502607,3.5952983801368816,1.5655577299412915,5.141463486044721,10.007922026181745,26.958500722740975,,46.39122099861335,181.7071243659401,179.790349679644,54.80306537621656,disgust,5fb8d01bcb503578af9edd1d
116,15.18846462298892,7.637375,7.424000000000007,0.00912275000103424,0.056899810907857444,0.012023817971677326,3.328904119105234,2.3539487613211727,0.5249343832020997,5.055685089591732,1.9784144052232726,16.675008111603386,,35.77911220877591,93.19885192306539,76.7660052464835,22.70474344685977,disgust,5e44d621963e443aee02ad5d
30,7.102272727272727,4.224,1.9200000000000017,0.05347833408387561,0.2289713389997319,0.05387201125297815,4.5799419365374785,3.9690372535437284,2.137767220902613,5.17488034034923,29.23613432895753,79.04538624637023,,38.248682233050225,205.08910502772048,331.3692260464981,130.96766546237075,disgust,5e37d50e33e9ad176cc9b252
51,10.216346153846153,4.992,3.264000000000003,0.024425990471987336,0.1293249762913984,0.027048180902419814,3.720602210379008,2.1826563613092222,1.6064257028112447,4.166388019851622,2.9862822555013335,29.543288981009063,,28.41934626212631,514.8201436939806,1566.9997113973943,544.0703240030098,disgust,5e355cce5807b852d9e0828c
101,15.676687717664407,6.4426875,6.464000000000006,0.03556540172349149,0.11755269369193617,0.0327408314269801,3.224229745329202,1.9270812381557592,0.15552099533437014,4.43469705643102,9.92278989963702,75.90951207074035,,32.74173917761547,163.27717318748032,198.02105447849988,71.13493902341756,disgust,5e36318b8661d6073410fbfd
124,14.458955223880595,8.576,7.936000000000007,0.0442216504381188,0.238236087359541,0.053081777371508335,3.5491042364382492,3.0532389708335774,0.5841121495327103,5.597132354852644,95.54279840524713,275.0946344558406,,58.121036680433974,191.30000795909243,467.1544238383228,115.56917885059019,disgust,5e488f958849ac3aacea52e7
63,15.708030107057704,4.0106875,4.032000000000004,0.029645813354917925,0.10550320966100367,0.02788622072413825,3.6327033660441717,1.808486141827008,0.25,3.794467084530379,1.9710052636181883,20.635389541530156,,28.141096424334805,110.09916410681473,77.58724736030138,28.746974570856615,disgust,5e37b19ddbc4b7182a6a9b93
44,11.853448275862068,3.712,2.8160000000000025,0.0024737926455170992,0.01312729706361497,0.002533327732012831,4.506038460702044,3.4305162460695193,0.27027027027027023,4.770587737427026,0.04152978711369213,0.18346189028142323,,44.978972534834604,201.43174542137686,319.3300999748818,125.8979911982071,disgust,5fbcde744c55eb78bd7ceac9
52,15.427119838311917,3.3706875,3.328000000000003,0.05780126460430817,0.24468812834032946,0.06153844477049999,3.092649554402407,3.862461349198404,2.9761904761904763,4.5999439387563035,15.360201137640773,52.742802456906496,,36.002110606866346,186.188998741548,173.4210512332145,37.84866987868143,disgust,5e410d092b6c8802f2d85960
110,14.902372525444108,7.381375,7.040000000000006,0.011631472443932133,0.06168818707473052,0.01601941284553838,3.1640933907058386,2.0766194679833085,0.13568521031207598,4.748016460555841,5.680225120032205,35.061579841518025,,50.21618092573648,140.84112519287643,237.13185260903833,78.23446111133121,disgust,5fbdd62b4c55eb78bd7cec5e
39,10.628513030148186,3.669375,2.496000000000002,0.0009874444806213065,0.0065283712445860535,0.0013562560398262574,3.8117106058979346,2.8536585134243677,0.273972602739726,4.155773004904557,0.010797933987611407,0.04091358090391045,,62.065374772203185,286.3042717316047,804.4953366200499,257.91897723784473,disgust,5fb37be748cdda3a922e4ef1
63,12.51318974613618,5.0346875,4.032000000000004,0.0012227153588825301,0.010268927215160078,0.002028305057475823,3.5203687323313253,3.3627067442721517,0.597609561752988,4.932915753965157,0.06544527181128355,0.21573549414670604,,66.08617032538247,189.1288704604789,374.7991928883532,118.0596573547185,disgust,5f83ead9d338b948c4e69326
52,13.849354972950477,3.7546875,3.328000000000003,0.010479932027132632,0.03676288659759327,0.008134919427952504,3.8365739850714777,4.233793383663685,3.475935828877005,4.582565962427141,0.6184073644384089,1.8063056077904343,,37.97250806220839,389.61941374937214,404.87513378188714,80.81595568040915,disgust,5e4263179329cb02ef38a86d
104,9.634368757780157,10.7946875,6.656000000000006,0.00295000151600839,0.025724590136861947,0.0038485162488799203,3.1128505709867507,2.5760535217978737,0.3710575139146568,5.791303003049004,0.6286770585584849,3.3057953734885466,,40.83500242390182,460.31298837038685,1667.2840497994557,474.0376481237148,disgust,5f846c64d338b948c4e6941f
60,12.555748832707724,4.7786875,3.8400000000000034,0.025888033050011586,0.11393633696046317,0.027458231530264308,4.26466766203109,4.145108984239951,0.8403361344537815,5.383109702506676,13.245127322511422,28.09721309285873,,48.66302323688089,202.2333441447549,232.97989447077612,53.514418419013495,disgust,5fb4bb3d44697678c497ab86
62,15.625,3.968,3.9680000000000035,0.020523112631862964,0.0850149158511714,0.02038719356746863,2.7818064694447453,2.7653298105668926,2.0253164556962022,4.37827452754983,0.9303037701941582,8.337346091227287,,67.77279293118697,182.40366377912494,241.27684438038392,80.37162926438313,disgust,5f6bec16f8fac448cc0a5e78
51,15.523342084236958,3.285375,3.264000000000003,0.0028818255161655584,0.014299062940289474,0.0029412877546081857,4.260112239848887,3.166229918720272,0.6116207951070336,4.333488171119732,0.04520572609262513,0.13500440473705805,,22.43889783455085,123.39194943847859,132.4280394252211,19.65332128803857,disgust,5e35ccdc8661d6073410f98b
68,14.756944444444446,4.608,4.352000000000004,0.059366054450655084,0.20203680965045953,0.05434236003011305,3.5624879674170664,3.745273848733216,0.4357298474945534,4.878058812511659,26.77234626449635,72.85418971134672,,42.32592067749873,175.6444136221365,192.013645291753,42.79518453316335,disgust,5e5331ec963e443aee02b765
62,14.678030303030303,4.224,3.9680000000000035,0.016831642397039024,0.1269437174374262,0.024342731441732438,2.5204330416207177,2.769079436217695,0.9501187648456058,4.534213832197859,4.281295644025491,24.342924620950946,,56.90908329816183,242.946097666694,649.4558966782065,147.37272760089047,disgust,5e44e00dc38c123b9ec6d2ee
37,11.410288533816471,3.2426875,2.368000000000002,0.002557395404773909,0.011268779694930044,0.002167599018368319,4.013471837283765,4.646733615732189,2.1671826625387,4.6884724665995465,0.026275383112220177,0.04221234662018764,,36.58240522654435,256.70791421421023,280.0594530080277,74.52787827330987,disgust,5e39680fc8c25f16cd146149
53,10.616987179487179,4.992,3.392000000000003,0.0027494752223413605,0.009431621624988364,0.002202222547215325,3.979426402441147,4.6460847393015055,5.421686746987951,5.438443911823851,0.08861287245247174,0.1197330322247664,,50.939042321702956,226.66144327891905,417.3827408094809,82.65345177170764,disgust,5f92292ff8fac448cc0a7ef4
24,11.029411764705882,2.176,1.5360000000000014,0.023127722672191493,0.11672035412928543,0.02721670965813734,3.518722327569465,3.210445155419529,0.4629629629629629,3.7280153577367936,3.203248899954873,7.796401524947983,,49.79445150244075,117.31231433259394,103.58914210463126,43.27430867696242,disgust,5fb9dcdc44697678c497b171
87,10.6201171875,8.192,5.568000000000005,0.002004747272435888,0.012814383482554474,0.0025028408565416537,3.633172607224098,3.119028172063901,0.9779951100244499,5.429919130293921,0.130293995388571,0.8134655293554838,,43.78694392753748,153.67297582858922,417.3827408094809,94.65915431132422,disgust,5f7844d3111dfd48d40fd5c3
91,15.0197546910944,6.0586875,5.824000000000005,0.023277051059275352,0.13575817858310604,0.035394574468080774,3.127900061778137,1.9360740393001927,0.16556291390728478,4.505407806983042,16.504452247239325,141.97672764060493,,44.8437181453293,148.6245323710376,461.04210895699975,120.9300477190742,disgust,5fbb878c576e9378b67acc54
46,12.683750667792578,3.6266875,2.9440000000000026,0.02143988192199943,0.11844368654722011,0.02170601797809526,3.829824567769048,3.230994813486713,0.2770083102493075,4.523627843233647,1.9480889083412616,9.224956173340312,,59.475386041864965,200.71877519961384,249.5984631970161,55.82397665454552,disgust,5f8dae8ed338b948c4e6a307
71,15.407986111111112,4.608,4.544000000000004,0.01214681275518589,0.09586545807787328,0.019459201099717598,3.118256642750096,1.260851622091369,0.4357298474945534,3.3186860196422314,1.3802075153791826,24.99981070083634,,42.83095540308127,116.84258311940157,216.8989862783688,78.33779743123142,disgust,5e355be95807b852d9e08255
52,9.447674418604652,5.504,3.328000000000003,0.0021278486974169726,0.015565169859797357,0.002655328150740768,3.112485703051614,2.3734658575708454,0.18214936247723132,4.840886862827865,0.09811618080865002,0.5787018599675032,,29.659277435715104,316.5334998828281,420.9537707945452,128.12167675616215,disgust,5f8121f0111dfd48d40fd946
47,7.982336956521739,5.888,3.0080000000000027,0.0029377883869666746,0.0126179332756639,0.0028189215707891727,3.5433436092726245,3.6824878262332743,2.385008517887564,5.144782561752386,0.08492444890283635,0.23486024549717643,,31.173479683824596,255.50313269060268,210.08016685637156,47.950154294126705,disgust,5f9229159e04b149046cdc0f
50,15.835939665069876,3.157375,3.200000000000003,0.004687972921180367,0.024773122271410222,0.005912335242709599,3.3790537215767946,2.113916359478319,0.3184713375796178,3.505556694288696,0.13328066581595854,0.6717129825035588,,60.72002992784811,113.47681714999429,205.72815965904965,51.8451585988245,disgust,5fbb32a344697678c497b58d
29,12.586805555555557,2.304,1.8560000000000016,0.02783637537867894,0.11762737028715105,0.028275273468311525,4.307530199646262,3.9564539725379313,0.4366812227074236,4.3304619015120185,2.3933748335717304,7.685387155551572,,58.64857260394271,119.35348645753533,169.3251202788159,50.513769471196184,disgust,5fbb6f6a576e9378b67acbc6
72,12.881583361288158,5.589375,4.608000000000004,0.00262459749866893,0.022714402337704012,0.0032227027156990547,4.435214683385051,3.9978912158849282,0.17953321364452424,5.339647151691649,0.18207565787069377,0.3885247435290589,,33.9359781813067,190.6746598043602,240.64245563373828,85.57586109996312,disgust,5fbcde8f4c55eb78bd7ceaca
69,11.152979684200956,6.1866875,4.416000000000004,0.020846293425243016,0.12445303443799863,0.024934780983839177,3.387633567165464,2.4467493222166303,0.6482982171799028,4.947588576552369,7.137468146022357,36.491276509262086,,36.231023112284745,227.40986540256293,288.1248353951036,65.7061325530214,disgust,5f60c14954b2361621284b15
36,13.608656617681802,2.645375,2.304000000000002,0.025055202288583513,0.13801542588921933,0.028820363050198337,3.268306777516301,3.438063482610054,0.3802281368821293,4.280737616906045,3.5588538923513315,13.24895331918118,,46.24921033164577,217.18744465287656,245.21019258400798,63.5264481792649,disgust,5fb8cfac576e9378b67ac42a
84,13.962765957446809,6.016,5.376000000000005,0.05908771448670906,0.31633103895717885,0.0736744319268421,2.5123802695989648,1.7529257274115364,0.6666666666666666,3.9533072678080066,35.46985542131731,368.7680839628688,,35.004082789140384,202.58825132411363,214.78153778682136,70.1052850050434,disgust,5f62149fb878131628349d70
55,11.40753415778694,4.821375,3.520000000000003,0.02314764156542489,0.159178360463073,0.039175244821639685,2.389536327561781,1.2048625160818618,0.41580041580041577,3.240938961602184,3.067728532022749,80.18513886168083,,19.863062303196667,92.43600998594533,84.33078614961454,28.61133353286255,disgust,5e4152469306c7039ddcca75
86,14.295212765957446,6.016,5.504000000000005,0.048745706674999674,0.21677419156395783,0.04587185083359302,2.7039440888705752,1.9827156996321769,0.5,4.178550538855874,13.900625618793255,120.64117183817673,,45.30132153017526,285.2740388346146,614.4361708419724,130.84394939434452,disgust,5e3964ff7995ef170fc0fd56
69,13.822115384615385,4.992,4.416000000000004,0.03785296142143459,0.2293977254823907,0.046353704099627,3.742708140923053,1.899272830328769,0.4016064257028112,4.078212390243309,16.013031387994225,141.78563501765697,,51.116604093410444,207.55656257998172,298.47218288654506,94.72316919871207,disgust,5e34d8e55807b852d9e06af9
61,10.913563681091356,5.589375,3.9040000000000035,0.00258316879352062,0.010350112903895738,0.002819815253840154,3.5026214623367595,2.4229971766280802,0.17953321364452424,4.739672509195498,0.078419038273672,0.5784228983484041,,59.48470531512449,208.78205626047227,431.5176340334165,92.93769707231041,disgust,5f866e9c111dfd48d40fe07c
60,10.653409090909092,5.632,3.8400000000000034,0.033562188101375436,0.23497273152296508,0.045705879496992875,3.6898575021789988,2.888556474160794,0.7117437722419929,5.063553199651898,38.58556182920734,162.3449517465225,,40.1942832878799,99.89613926941834,109.53442536143424,41.602358015126725,disgust,5e40dc052b6c8802f2d85898
69,13.041783322110785,5.2906875,4.416000000000004,0.06358143920421183,0.2402374617215418,0.06196110628699196,3.2668704756278353,2.2393165176061984,0.3787878787878788,4.147166035301373,26.452111762656653,197.0236939313896,,32.072573696906744,109.37212790143072,76.7660052464835,15.724120693277106,disgust,5e535c187bef803b4851df90
53,14.115688722430296,3.7546875,3.392000000000003,0.0603779747489099,0.31838131561836674,0.05942866530401727,3.83123893913876,4.020922203572863,3.475935828877005,4.698004302199108,13.925696672951036,67.79224688324463,,62.916011756078,261.16435302952243,509.0852653141468,117.83269341834188,disgust,5e39654dee8206179943d465
131,15.351487541564738,8.533375,8.384000000000007,0.024358489624069474,0.11620593700426916,0.026469943743263297,4.169718330187693,2.049420260755096,0.352112676056338,4.79026171884436,11.977567735020854,100.5289835253709,,31.911611225986903,141.20645433690947,196.5061646776419,72.52000472258824,disgust,5e37d2bcee8206179943ca79
35,10.253781081773905,3.413375,2.240000000000002,0.013330937744352244,0.06779381658488824,0.01587211263877677,3.479124055470847,3.124189355677356,0.8823529411764706,4.502388775298806,1.5890187392089603,5.576216740420028,,36.60900749411103,239.62364108790356,245.09859760636982,69.67999060779589,disgust,5e30339d5807b852d9e02e04
94,14.305961134203994,6.5706875,6.016000000000005,0.049225875738083104,0.22156423574777673,0.05296273255352924,2.912377770272461,2.5292145713626772,2.1341463414634148,5.110458371620893,36.321711846130704,244.13358889092015,,38.17878025680582,115.5003865819718,123.14500086724917,38.397127483209594,disgust,5e51e0912a2d173b73a03102
74,11.640024381132148,6.357375,4.736000000000004,0.002682788386742634,0.015395538294680279,0.003095629034408194,3.172878736790542,2.8296794391887015,0.31545741324921134,5.122737396920771,0.1251884656629537,0.5667523358307982,,57.135946355303325,261.96433862709375,508.6529875251481,99.06697340390586,disgust,5f81cb159e04b149046cc595
102,15.324519230769232,6.656,6.528000000000006,0.01203977299772008,0.05609415753410358,0.012497550067792896,3.383276828146694,2.2121042035550738,1.0542168674698793,4.6910234901297985,1.852508307813331,16.10191746464108,,42.10041908888717,156.42658438412576,218.532010492967,78.16047526281321,disgust,5e36a893ee8206179943c292
65,12.801890740786332,5.077375,4.160000000000004,0.002244590580840209,0.02095400097733614,0.0036277241392645124,2.6749543712765207,2.3018074649340887,0.592885375494071,4.598660038898919,0.16551813661724443,0.9737135086885933,,68.64522907156753,198.78858077036455,292.22794833910325,88.16101630377827,disgust,5f8303ac111dfd48d40fdb98
80,13.992435339644505,5.717375,5.1200000000000045,0.0065722940259238015,0.021812845248636314,0.004926625716700218,4.169534481427125,4.067671901369429,0.8771929824561403,5.599900873107482,0.46088671744249177,1.0573504356833838,,35.93559166892212,233.29125165776995,197.63673189804342,39.74412474772538,disgust,5e5288a1c38c123b9ec6dd19
81,13.75679347826087,5.888,5.184000000000005,0.0019490592695910233,0.012730811691653375,0.0025466444755398764,3.7575199657625977,3.2675071297067744,0.17035775127768313,5.168268993681083,0.0989429980306689,0.3346008559369248,,47.51990697700552,175.1036177354598,352.5198985689557,96.17220642873662,disgust,5e37998705fef317e874bd01
79,15.053353658536585,5.248,5.0560000000000045,0.009685861357174263,0.151019993330698,0.02342202484806621,3.8325562153141046,3.08781772541001,0.19120458891013384,5.043589080855517,10.800117793052216,36.70018152638024,,40.43749970548874,104.15433195059401,212.05613042340593,59.68944129323669,disgust,5fbb634644697678c497b6f3
97,11.036052051482613,8.789375,6.2080000000000055,0.002089093769486574,0.013918252706920235,0.0025232317329418686,2.8485175039946853,2.410330419064649,0.5701254275940707,5.242054206191214,0.123128692548601,0.8443829410241819,,38.72537768227362,174.89187347802536,208.15335190673238,47.48703405113377,disgust,5f86e7dd111dfd48d40fe150
67,12.079281553179262,5.5466875,4.288000000000004,0.0011640615426724498,0.004581533084153351,0.0010791993047216451,3.087931971000093,2.5951120369068765,2.3508137432188065,4.7772344348175295,0.010313296652287968,0.062312602576907995,,35.58902712556485,155.95722102185854,171.2925834055114,43.1882420512002,disgust,5f901adbd338b948c4e6a696
67,15.395220588235293,4.352,4.288000000000004,0.03737864979866383,0.19162161187152585,0.04888262666767009,3.4418108195158834,3.2118550104831334,1.1520737327188941,4.998500773614643,26.312609741112315,85.35314951549316,,33.67674213322481,151.05992570295882,158.52020288180682,52.816075471928016,disgust,5e4270c72b6c8802f2d85c33
61,14.155184916606236,4.309375,3.9040000000000035,0.011864726673414018,0.05560825773067904,0.015226099386942632,3.2108856057688913,2.1502413024102833,0.6993006993006993,4.257740605662717,1.3181456022194549,11.993032947709507,,58.19627310539921,121.7153357582197,148.63948179230545,19.548026669588733,disgust,5e435f6b9306c7039ddccebf
83,11.6485097275582,7.125375,5.312000000000005,0.0017644228048404585,0.008501346203464785,0.0018733304394222708,2.923129099451108,2.4118136000932666,1.8284106891701828,5.0958895880341,0.03658099308614876,0.26937054139208516,,53.802798642928046,204.93586486629462,253.2539212592103,58.51173138727013,disgust,5f8b7cb0f8fac448cc0a757f
58,15.806506557656276,3.669375,3.7120000000000033,0.03217455266445817,0.1682691080925945,0.04568536996827722,2.9047980331560357,2.0428719044536017,0.273972602739726,4.029322341858098,6.364168557728347,78.18830669493234,,39.19276525247948,103.60876097883704,73.52806521170294,24.929030039747893,disgust,5fba18aa576e9378b67ac770
102,15.523489741370291,6.5706875,6.528000000000006,0.010941827693631364,0.06666758059747825,0.01088396480985937,3.9201261453393896,2.5723404188064354,0.45731707317073167,4.979556779715063,1.5241271898960864,8.88917473502708,,59.32337797209128,135.8641127783196,144.89036853251122,49.625163023874286,disgust,5f830c179e04b149046cc6ac
67,14.814200627392452,4.5226875,4.288000000000004,0.03249780645685982,0.1392492788168877,0.03096415588057051,3.5209003545330453,2.9508377482885764,0.22172949002217296,4.615749466276739,5.412634883386005,25.93358872624255,,24.99389573913498,104.58532568447643,73.52806521170294,19.68876640407284,disgust,5e4899a32a2d173b73a02dd4
42,12.460366023251934,3.3706875,2.6880000000000024,0.0014817819497839947,0.007822522268313422,0.0016157744498788817,3.353073356154536,3.5304035416855584,0.2976190476190476,4.629154370218133,0.02214567808916002,0.05679870524683178,,73.30382422516345,250.46497467631383,461.04210895699975,115.44709489021139,disgust,5e40e9502b6c8802f2d858de
108,13.322334183968483,8.1066875,6.912000000000006,0.0012328170860841996,0.008244867682799115,0.001609037215095348,4.034591577612322,2.4156039040057427,0.37082818294190356,4.7944184048024,0.06457251492405158,0.3067727017452692,,43.759739233227435,114.72465338231449,97.84637702113662,25.253550739709112,disgust,5fb4bcee4c55eb78bd7cda6e
68,13.392747236514932,5.077375,4.352000000000004,0.003271410591724363,0.010786672182688452,0.002616562876179676,3.5020401947823605,3.4834587101127794,1.9762845849802368,4.949018846243984,0.05279790715831877,0.21014140531052242,,44.47005080180224,228.22506262684539,161.4985401200283,38.4721745650951,disgust,5f866e83f8fac448cc0a6e5c
116,14.23422041567605,8.149375,7.424000000000007,0.03166927843931169,0.32504714642687205,0.054768952008343405,3.604539690439124,2.743731299022052,0.12300123001230011,5.2843331621338026,130.79237364192508,558.508201827361,,64.36048094478008,200.6764624023206,528.8828164416013,155.31860886647146,disgust,5fbe0f8fcb503578af9eec7c
82,13.073979591836734,6.272,5.248000000000005,0.0029951816044874956,0.011424079536217177,0.0025977421405156045,3.3660366360913145,2.8992263405200442,1.2779552715654952,5.031839132158279,0.09242953464305964,0.351376104827019,,33.071514747457904,230.3238796453895,266.3857631030082,66.29544298545633,disgust,5f866e67f8fac448cc0a6e5b
65,11.99552474653687,5.4186875,4.160000000000004,0.016387981828647386,0.16165675992984324,0.031276762030673706,2.573217580366864,2.177811375267224,0.5555555555555556,4.602937597627912,4.800785983843274,55.0599898303304,,33.53739447522724,88.80916708476018,81.76537262479707,29.859186405057123,disgust,5fba210fcb503578af9ee0ca
119,14.5263671875,8.192,7.616000000000007,0.001708088881475985,0.007209437543033552,0.0018647433965644055,3.2961075009262397,2.4771022649077583,1.466992665036675,5.401397904336244,0.07455125836917327,0.5119900558034692,,67.60882768594827,155.30139691968697,213.66110025943624,51.2255944136737,disgust,5f83f205d338b948c4e69338
56,13.392723685390571,4.181375,3.584000000000003,0.03199231434339294,0.323131946843994,0.060380189129554875,4.097429481428541,3.635985731745921,2.6378896882494005,4.8315911610998485,48.26397648220827,157.76647277739445,,33.114210092156384,113.51695374880555,143.75994928447787,53.199262281082746,disgust,5fb4bccf44697678c497ab8b
61,15.209362484611427,4.0106875,3.9040000000000035,0.05574616849630146,0.2982276438750282,0.05029417584761278,3.859973109532648,3.8583075007628413,0.25,4.90050082203161,28.76863089252231,60.97613789735501,,32.94603683671184,225.34004307349645,229.47588793880308,49.22715799969001,disgust,5f92a5a99e04b149046cdccd
75,15.024038461538462,4.992,4.800000000000004,0.01881913255406627,0.11677825408434793,0.030092947926363568,3.0586737517130276,1.9027637542786593,0.6024096385542168,3.723256425415033,6.715104676048431,48.72005293943526,,37.794869892234566,93.87891244485417,90.49249582586248,28.80338986299014,disgust,5fb8807144697678c497adab
51,11.71875,4.352,3.264000000000003,0.0028509711538015963,0.01400398906395021,0.0028948394643793693,3.3063270516835934,3.5823678331567828,3.456221198156682,4.824348854170342,0.08084473344611111,0.34829093438210285,,32.20953343526801,303.1421909414663,426.37212890182997,114.83938913469176,disgust,5f696e39111dfd48d40fcde6
40,13.392763722351267,2.9866875,2.5600000000000023,0.0007544113578930352,0.0032644349922466946,0.0007964544963856687,3.8337548060999547,3.1167346718254585,2.02020202020202,3.9469613995342128,0.0028789914901454256,0.01022748633330289,,39.64996432993969,208.5874025865018,215.45789250962628,58.35938630917585,disgust,5e32e3bd5807b852d9e041ed
62,10.844137388224492,5.717375,3.9680000000000035,0.0023404737565918448,0.010666910831239993,0.0023162308311106914,3.7453936862471293,3.8408051279954534,0.5263157894736842,5.381848909066337,0.07574754008727952,0.16181505325570722,,45.46003442183947,251.5213302350465,234.75156349680776,56.017482312059705,disgust,5f65691fd338b948c4e68094
55,15.165354059317215,3.6266875,3.520000000000003,0.01112067719712215,0.061507155657209295,0.014970102661239477,3.435328848043025,1.6272523108611923,0.2770083102493075,3.2219169847330953,0.6063711891094354,6.13751659399798,,45.80412755727898,112.45291233807608,216.8989862783688,81.35187060618411,disgust,5e355a145807b852d9e081f7
67,14.14695945945946,4.736,4.288000000000004,0.011861085693964208,0.14212764852616255,0.023208437703374697,3.43981184895124,2.544248681541683,0.21186440677966104,4.5789367023974235,6.473810484023683,43.589491715167725,,38.63170390031424,94.88642303898142,68.80929076365396,20.79390151483185,disgust,5fba1a9ecb503578af9ee07b
51,10.768581081081082,4.736,3.264000000000003,0.0023337981610584207,0.011195395582189063,0.0025784708479100697,3.62053344608853,2.7519692936508773,0.21186440677966104,4.627908793649759,0.07123362063328904,0.30324033714157445,,28.253156776207224,260.9985682091424,162.33339582512951,32.56489723809821,disgust,5f8c1a09111dfd48d40fe86f
50,11.837121212121211,4.224,3.200000000000003,0.015370886815408219,0.10510452956743985,0.020208657539553723,3.1052163163674695,1.9214242289733572,0.23752969121140144,4.185610855462052,2.471857390208363,20.606058438462213,,34.59152921206534,182.31501888946067,220.17449472060275,73.4146173571278,disgust,5e40b9760b3f160367c2052d
34,6.036931818181818,5.632,2.176000000000002,0.001589148595025075,0.00779201118223154,0.002091711832269496,2.96022799699575,1.80797768503698,0.17793594306049823,4.205924555387592,0.02697905982777871,0.284974028547869,,29.23501992935672,274.55877903219994,209.32498075724587,42.182428797534826,disgust,5f8cc34c111dfd48d40fea80
53,12.29876722262509,4.309375,3.392000000000003,0.04680811610884257,0.2486004728873387,0.06370952592992851,3.3951292892892697,3.030180791209728,0.2331002331002331,4.92202947466982,35.29222270689319,156.10300173434635,,39.0238848314305,116.77560666713042,88.70651218352927,32.87419842896178,disgust,5fbdb30dcb503578af9eea39
40,11.432858750602906,3.4986875,2.5600000000000023,0.015442738648413442,0.06597882177960893,0.01763309537424076,3.823376892357574,2.473997627409721,0.28735632183908044,3.970999359878827,2.120982686844315,8.051631952790444,,16.080050678881296,207.72335172713957,181.2284983761968,54.25926617266322,disgust,5f9800149e04b149046ce0a4
69,15.549733795318177,4.437375,4.416000000000004,0.03156071257045899,0.18073058690025182,0.04098836057019695,3.9986751551725956,2.9914834302890254,0.22624434389140272,4.471872644363386,16.851041235134318,68.78439284147278,,60.915431715658656,163.79531068098922,417.3827408094809,95.86810418676917,disgust,5fbbc6e644697678c497b89d
95,15.462239583333332,6.144,6.080000000000005,0.04902158845695312,0.1991484194052171,0.049560863612768596,2.8800329668832756,2.2198571654540777,0.4893964110929853,4.52307678081467,26.290846214112168,170.19180481768876,,41.66219051477713,215.7274320894492,182.89525121132905,36.9409741579558,disgust,5e37e15cc8c25f16cd14580d
123,13.859642945174125,8.8746875,7.872000000000007,0.00802251365827832,0.05622415242418374,0.010356800325699899,3.69660818819959,2.916406078519563,0.5643340857787811,5.596746708013991,3.194618195647122,14.683299206845318,,28.201036293259065,110.05042891931518,115.68936857950385,30.007138036667115,disgust,5e36f6fbdbc4b7182a6a97c4
116,15.020677710965256,7.7226875,7.424000000000007,0.009816805160111517,0.05800032923401259,0.014821441702778944,3.206645905755407,1.9063815236416162,0.1297016861219196,4.49840778613329,5.561570583839008,31.49607976564605,,39.22621940822869,126.68126440828559,272.17828420926253,62.70248545824893,disgust,5fbdd64144697678c497be3f
68,15.779550398839739,4.309375,4.352000000000004,0.06698069961578554,0.37849769626864976,0.08270311814843732,3.561778977279363,3.2696523050530777,1.8648018648018647,4.711565049961293,32.65646439288988,150.0334656213557,,77.65976213190667,202.61022970949395,482.7477386965147,117.76217136377856,disgust,5e3114425807b852d9e0307b
108,15.157096994895005,7.125375,6.912000000000006,0.0589968824379736,0.26129857085158054,0.06910849748590203,3.0353271891690836,2.567385250668379,0.14064697609001406,5.15540644315768,77.3309876139848,482.405455723449,,55.474714050431125,195.12757333997035,264.4771215546362,82.3568681815809,disgust,5f5b6a952e23c7161acccf28
56,14.266152915326561,3.925375,3.584000000000003,0.014907820476057947,0.13304109981602782,0.024632407302521628,3.5032181407328813,3.367264978994059,0.2557544757033248,4.678728760265922,5.706411334929634,20.590699868087295,,56.47120383162218,185.41209525774227,464.08943989339684,133.38369955788525,disgust,5f6410d8639e10419832eb9f
151,14.995965489417166,10.069375,9.664000000000009,0.02285616019934913,0.11196769261754957,0.01845684787051978,2.6243771058470458,1.6740630892579207,0.3980099502487562,4.767322836013008,8.328871590020219,76.40713608826653,,44.5665614251824,228.73433959408368,270.23628019429054,59.10371102951412,disgust,5e3501065807b852d9e071e8
52,14.00862068965517,3.712,3.328000000000003,0.009500735179280533,0.1485668966687516,0.022635514990034043,3.7168863362941797,2.664688454591412,0.5405405405405405,4.439726388978695,4.618722745255836,24.14237890270162,,29.922733117703277,88.62913461748374,88.70651218352927,29.534695090324405,disgust,5fb4b1e2cb503578af9ed8d5
104,14.595723032121116,7.125375,6.656000000000006,0.016320570899733385,0.10615942959508562,0.02688192173823376,2.8787804356906235,1.7264576648393484,0.14064697609001406,4.627871681378482,10.05834716832329,111.0062716937271,,28.74458306782762,99.41939071886921,147.40900892134297,47.37627424586689,disgust,5fb9f1d344697678c497b221
68,13.621794871794872,4.992,4.352000000000004,0.0012899976401941026,0.007634161784959567,0.001823580664448101,3.0375210786506766,2.446565730230105,1.405622489959839,4.531053449151186,0.031550506984958405,0.20884793852414638,,61.85480952417016,136.1947445507095,245.60845048231448,88.33682560200315,disgust,5f86e0059e04b149046ccc31
85,9.765625,8.704,5.440000000000005,0.038927031728076614,0.20472987303982532,0.041875329235277335,3.5503318278027116,2.1983918941384153,0.3452243958573073,5.315994894743271,24.503494364096255,248.42201096174523,,34.83812478341205,235.50355265487562,350.1151609054579,106.18515873307696,disgust,5e37f7b305fef317e874c2bb
57,9.542344152175279,5.973375,3.6480000000000032,0.001750444767660951,0.008620200653844874,0.0020289556665817744,3.5197886851223537,2.913980672639897,0.33557046979865773,5.044745971331844,0.059670966787479456,0.22972120491630724,,33.90362908580984,243.42499357787105,188.24460898259275,46.35071470387476,disgust,5f68c5a9f8fac448cc0a5b89
84,15.624999999999998,5.376,5.376000000000005,0.018346298900241444,0.07417716722302119,0.016113604449794813,4.529409020454004,2.863737392810461,0.18656716417910446,4.837388170520449,2.32948387977174,10.438170305421743,,18.66727472469726,95.65101888749048,65.0,21.270773147242657,disgust,5e3681fbc8c25f16cd144d30
46,15.401678280703958,2.9866875,2.9440000000000026,0.0033289906646579593,0.024156517212352138,0.004087214423737637,3.5540874852532807,4.040790461343465,2.356902356902357,4.729884004532511,0.14283863218801163,0.4335894730154974,,57.914541629310634,136.00556145104653,135.48740730303228,33.556308122192526,disgust,5f83b013f8fac448cc0a6a46
108,13.536060912274104,7.9786875,6.912000000000006,0.0013873079018052919,0.008204532641670094,0.0018246083973582363,2.931507547223026,1.6862792004448734,0.25125628140703515,4.751383821863322,0.035339334771945494,0.49822778461146877,,56.92950204608338,158.2098960393269,187.59830469993753,59.20694972981017,disgust,5f8da6bbf8fac448cc0a79b3
28,7.373514598900556,3.797375,1.7920000000000016,0.006834208471744697,0.05436678321196881,0.011933824971438682,3.5616173341951995,2.587898810687634,0.26455026455026454,4.4982468627111185,1.1635179048574296,6.15470857212506,,13.69427266464193,212.4950119301652,103.47599864725404,22.144585240712107,disgust,5fb9c71fcb503578af9ede9c
71,15.698630515594987,4.5226875,4.544000000000004,0.05814613750283131,0.3542278262064926,0.07866419170840962,3.2286295011132604,2.8035175791870808,0.4434589800443459,4.7597482003459355,38.41150795823748,176.7249919522079,,55.065656833456515,161.78775016144286,216.8989862783688,73.79685681656568,disgust,5e410c032b6c8802f2d8595d
51,15.9375,3.2,3.264000000000003,0.007720230949194992,0.03930477044797992,0.010599086646532658,3.221282662817323,2.096979582342181,0.31347962382445144,3.5938177112638194,0.1649216629246861,2.019321588517281,,57.283048594239496,171.78354024671188,146.38989006234317,33.740368993377054,disgust,5fb9fffc44697678c497b27b
32,11.193948271715604,2.8586875,2.048000000000002,0.00045158821469546984,0.00289366684092564,0.0005416944454234924,3.0981055237265234,1.918827221730913,0.35211267605633806,3.3927908777012954,0.00017198866102049085,0.0020413575654685194,,14.14868276711373,93.47701874104729,50.14977748330686,14.85468524206777,disgust,5e397c2f7995ef170fc0fe25
52,14.171350706864247,3.669375,3.328000000000003,0.009402263975328439,0.06100117111914862,0.012904633547269692,3.7603148548473384,2.7921695662770425,0.273972602739726,4.389938119452106,1.0289493452314311,6.4606954418858455,,48.56804822972637,205.39805438075675,274.1315381390467,94.12439832744246,disgust,5e516b682a2d173b73a030dd
69,9.683700857849587,7.125375,4.416000000000004,0.0021064872208324038,0.011102099817369558,0.002496449877763611,3.364510389404106,2.626040926576327,0.8438818565400843,5.262121470496451,0.14514296273683072,0.6515210883097672,,36.062834016551435,312.6342552822837,400.22474623565006,102.21561980306937,disgust,5f8e160af8fac448cc0a7a02
70,13.447638258530846,5.205375,4.480000000000004,0.03233843433412006,0.2463356916472028,0.048419047529930294,3.2695796638718875,2.385620597110016,0.3853564547206165,4.195641847366183,16.182571808606475,103.12980720998428,,62.301438379988724,166.1515860852898,422.98775826899436,101.50755002299505,disgust,5f64b9729e04b149046cb4ea
41,11.30508211694556,3.6266875,2.6240000000000023,0.01631111768698665,0.06592560479779867,0.0177902434883604,3.5971390824127187,3.3669348425085515,0.2770083102493075,4.703214470548161,2.2724171929918966,8.532357742678633,,32.76729454071324,134.16652812539132,101.58414019091543,26.85528388706944,disgust,5e3846c633e9ad176cc9b776
92,12.834821428571429,7.168,5.888000000000005,0.0038754837296213402,0.023092927463238763,0.004306287100073661,3.6437309444078654,2.6349708132972283,0.2797202797202797,5.14016763718515,0.39411026709882707,1.4686597488282775,,64.09590396307145,196.5084021909501,284.06885072286843,70.53499575572455,disgust,5e490305f2fe7a3b1d544dbd
78,15.234375,5.12,4.992000000000004,0.0347570477351692,0.18964005906502923,0.03457971405982119,3.779449899854753,2.5113089663301644,0.19569471624266144,4.806366817885279,12.756663837082819,76.1499110762799,,33.20442705780326,127.15454950127466,133.18461302324906,47.602678753467146,disgust,5e365b8ac8c25f16cd144bb3
95,13.412987654756758,7.0826875,6.080000000000005,0.0012439822283396274,0.00761961526460242,0.0018142639230158107,3.063155175838473,2.190924750348193,0.5657708628005658,4.763016181059155,0.035330158729417846,0.37082035767634053,,54.786368961251085,160.81381499254294,228.53074524959408,62.807915556255196,disgust,5f853baa111dfd48d40fde50
141,12.239583333333334,11.52,9.024000000000008,0.022664913361131144,0.1986648506483439,0.04033336827290462,3.099934174572575,2.5178773830427184,0.5212858384013901,5.8612330843795455,92.88685049877213,457.7007881188215,,29.933707958789977,98.51341047036956,103.58914210463126,26.381331991618403,disgust,5e481ed0f2fe7a3b1d544c52
55,13.020833333333332,4.224,3.520000000000003,0.030332755103676372,0.11075928330559875,0.02785378046251369,3.936954066917414,3.2596257283464523,0.23752969121140144,4.52923189170001,7.646248539107379,27.073180480183115,,76.44151392449474,177.7970748056511,326.81653718338976,84.20421647681432,disgust,5f8e8cde111dfd48d40fecfc
158,15.691142697535843,10.069375,10.112000000000009,0.04603439368743175,0.20825089172535305,0.04230994869383646,3.2929572653027135,2.477115201166878,0.09950248756218905,5.519981635666579,53.029396256955344,350.77123675627416,,52.98181692769876,178.65190928774527,260.6927540422733,70.97672655193101,disgust,5e37e2a005fef317e874c13a
48,14.610204314575961,3.285375,3.0720000000000027,0.020986572473105234,0.09544722241363797,0.026470883011606012,4.098505255867839,2.7981479286524182,1.2232415902140672,4.064321646633619,5.056752954913997,16.969300429469065,,54.33417608625563,174.05420124171894,194.55258714143554,67.29726548245853,disgust,5f9014589e04b149046cda46
62,13.972224569706189,4.437375,3.9680000000000035,0.017945490898589437,0.10789291413735436,0.025480296257547223,3.103084522339094,2.465669272774329,0.22624434389140272,4.6149199693586676,4.848200922692643,31.873428411759118,,59.089250216398334,152.5296110008807,226.84013256043693,69.97029886606408,disgust,5f86bef1f8fac448cc0a6ee5
55,11.613175675675675,4.736,3.520000000000003,0.02149323321302058,0.1533256733522921,0.02896363463394807,4.005628585499791,3.991675757301075,3.3898305084745766,5.119168401356295,11.836188008797297,35.5540306292869,,56.926437455638876,282.67602338018565,374.7991928883532,129.79749784853712,disgust,5e448d0448600202f727025f
44,13.05371678626393,3.3706875,2.8160000000000025,0.014578422479647787,0.08627630900962645,0.022659220736776238,3.241414480608359,2.1224162413351175,0.2976190476190476,3.8920660029605605,2.4663371553649758,18.31281838430737,,38.639537032880995,127.35396225782098,95.97592684906726,26.220224099923406,disgust,5fbb438e4c55eb78bd7ce471
44,6.526858393131965,6.741375,2.8160000000000025,0.000753200714664167,0.006515018419021748,0.001094907978559208,2.8337441587306835,2.1224316826149083,0.5943536404160475,4.755895860107002,0.017575971744185053,0.1302290257531314,,16.847972182629768,236.08626339287932,183.29523788132863,49.0535896817948,disgust,5e38a05e7995ef170fc0f96b
84,14.914772727272728,5.632,5.376000000000005,0.005699061393243244,0.046781346676351594,0.005314346641530116,4.25257213045392,4.681649118392621,0.5338078291814947,5.6055792707513,0.3546228790239959,0.7081816940950777,,55.61709915799288,277.8485888653219,296.6694368875186,71.38764432118698,disgust,5e45e2208849ac3aacea4f92
77,15.424679487179487,4.992,4.928000000000004,0.007883635468027091,0.05817092404596234,0.013116382614861442,2.964270423489433,1.7243590215423,0.2008032128514056,3.901481479822834,0.9694951179164156,10.453207025390371,,45.39324701979356,135.98224779958343,231.94140822080067,93.24303800146168,disgust,5e355bc35807b852d9e0824c
62,15.625,3.968,3.9680000000000035,0.015725220474611487,0.08376974598750173,0.023139539863838363,3.1211963746765905,1.7985643231932071,0.2531645569620253,3.9863237760203414,2.5509545910627107,25.767400012969876,,26.032802590883044,106.48987388145248,91.39325469067515,18.326915240177538,disgust,5f85c344f8fac448cc0a6dd5
85,13.19325203961856,6.4426875,5.440000000000005,0.0019125078506170231,0.010889830788498539,0.0023930819118470163,3.4724302807392533,2.5841121207236437,0.6220839813374806,4.903385435486336,0.0717514244489709,0.549969541089948,,61.627429473218804,179.65895445250416,270.23628019429054,86.55367072342275,disgust,5f8bc5c9d338b948c4e69f10
96,15.734158283993363,6.101375,6.1440000000000055,0.05808247542239962,0.3185950006262076,0.07905597270012467,2.6516027741557777,2.0737203011369374,1.6420361247947455,4.462133303401145,51.763760204660414,547.2449787522796,,46.66234658496922,184.33402153340876,288.1248353951036,106.65460819994304,disgust,5e48092fc38c123b9ec6d7ba
134,11.941495583206159,11.221375,8.576000000000008,0.06390464492461666,0.3747958075569586,0.08086143075741706,2.9758769244878507,2.2807856145580594,0.5352363960749331,5.576523403984062,208.59258101126375,1438.1109528273148,,44.255987406717466,194.3028022930407,317.8674351061366,119.72707058574234,disgust,5e48e812f2fe7a3b1d544d7f
90,8.900316455696203,10.112,5.760000000000005,0.0015049394366086462,0.011268456990267631,0.0019216447145512803,2.7030534967089266,2.396490880130603,0.9900990099009901,5.607721159245768,0.1514142744985775,0.9303914533845473,,40.38512797711176,253.66873838151113,335.0813259065009,56.40140038783246,disgust,5e49d0012a2d173b73a02ffa
65,15.545125706256913,4.181375,4.160000000000004,0.014541500815670728,0.11282607765439967,0.01812415313924431,4.810369069201724,3.9110173066189415,0.7194244604316546,5.1096498857295245,3.6984117476688754,10.825441256137818,,91.11253970682039,151.7237250143471,249.5984631970161,89.38621546590431,disgust,5f6b42e2f8fac448cc0a5def
53,14.613886638978407,3.6266875,3.392000000000003,0.02010427364767196,0.09089039254071896,0.023516125130538235,4.010473963620141,3.90118564862519,2.4930747922437675,4.624343518571938,3.5996759131361986,12.399849297205806,,32.01831729337297,98.01818436730214,62.03079589645196,21.59005920636595,disgust,5e36d09dc8c25f16cd14508e
68,13.621794871794872,4.992,4.352000000000004,0.052344085798275035,0.39399712444218327,0.0794033505079242,3.940122878912972,4.047411323687452,2.6104417670682727,5.1847001397559955,95.85146160754502,245.14654364725476,,47.76360978249512,607.6314687318304,1755.5713056376176,633.9106414174328,disgust,5fbdd2c844697678c497be15
74,9.274708402854479,7.9786875,4.736000000000004,0.0024630225588121823,0.014242691978047487,0.002503571803522602,3.7700317452182532,3.015134621094038,0.12562814070351758,5.492403637173748,0.2124025908523748,0.66413023942256,,27.80152758295669,270.1775766007727,200.48740730303228,44.959433855953314,disgust,5f8ac7e8f8fac448cc0a74cc
50,15.419308829481718,3.2426875,3.200000000000003,0.0027557106744367627,0.009364252082929398,0.002012957365561553,3.671063883684022,3.8981437054925343,3.0959752321981426,4.288483986806098,0.013288535677157267,0.06584419521125304,,57.43733847909821,170.76617486952946,166.34098802260138,41.05325667649312,disgust,5f8afae5111dfd48d40fe7b0
21,13.671875,1.536,1.344,0.04398473735341183,0.16991432407184584,0.050561332217914715,2.593448749113398,2.110754488668889,1.3157894736842106,2.976811533964169,1.3531679718593657,13.689128283748175,,33.52554850175831,221.9793484595531,178.41748470823248,47.35363397947336,disgust,5e357d645807b852d9e084c3
61,11.082848837209303,5.504,3.9040000000000035,0.005532117427076027,0.08925870721923856,0.014445987992062663,3.4290259805215535,1.9416330677739284,0.36429872495446264,4.442470953984557,2.240762461626552,16.029621534534954,,53.74012871740017,156.26240622655013,425.9758629795075,132.76739409914168,disgust,5fb37b61e3dcec421f835819
63,13.302364864864865,4.736,4.032000000000004,0.0035189441515934856,0.017539896345087427,0.0032952683231722833,3.5104361676777764,3.8176696024179133,1.6949152542372883,5.079719002061844,0.08314535511818473,0.2974665990983563,,35.287620540765474,254.74636576495433,154.40466591817412,36.57925964078412,disgust,5f6c1fe2d338b948c4e6870c
53,13.075523483516822,4.053375,3.392000000000003,0.04832564618786099,0.4116164987707689,0.078699858943105,4.13030985929015,2.924876747470129,0.24752475247524752,4.385646097262905,24.993451275692298,106.56415206405873,,28.54130686034939,154.32367592551515,229.09497157175343,86.29063803928607,disgust,5fbb6453cb503578af9ee472
64,7.731919841737266,8.277375,4.096000000000004,0.003310808259038199,0.022756135793100003,0.0048902924240493695,2.343598997424374,1.7603141393956612,0.847457627118644,4.852094695950611,0.28315226922159226,3.8946752158626934,,27.419178744452882,287.4837039110157,366.0116472532422,54.91198213961609,disgust,5e433ec9189842034d9f76b9
76,11.642156862745098,6.528,4.864000000000004,0.0025823587855255386,0.013842161992783129,0.0025775339105931355,3.746964778129435,3.287107860297654,0.15360983102918588,5.262191583770927,0.1069276694090647,0.4169067765024975,,31.988254261406663,238.3229910430483,187.93802652471976,41.437425437097374,disgust,5f8471a7d338b948c4e6942c
102,15.423289923828605,6.613375,6.528000000000006,0.02366165852212904,0.18510516970745008,0.035858912281969565,4.123251524348065,3.238198874947406,0.1515151515151515,5.238581931743309,40.28694384974548,127.13881678411045,,56.310436451313116,132.57761133872887,255.0975474696782,82.35102454139727,disgust,5e36582605fef317e874b447
22,6.3657407407407405,3.456,1.4080000000000013,0.0023216308548378727,0.019011658990782634,0.004121107912630458,3.3854650253630227,3.0738702824555255,0.29069767441860467,4.2962743074583765,0.08786313568278083,0.3888509201988243,,17.86908754361015,124.68699987847134,58.640294353100586,19.81500746583827,disgust,5fbb4833576e9378b67aca31
144,15.271425730761582,9.429375,9.216000000000008,0.037998120732794384,0.3840244419798972,0.07616984422158972,2.4302604078638197,1.400359447738029,0.10626992561105207,4.525694405476651,74.94016110235157,1066.9342954217545,,37.10647981455957,145.67817888663518,385.07901172319436,127.41933302062672,disgust,5fbe0699cb503578af9eec0d
43,12.597502471893653,3.413375,2.7520000000000024,0.015994958663890536,0.11669536178193234,0.023358968164408248,2.616381848728147,1.8205845353421972,0.5882352941176471,3.4545637069576043,1.2167768607532943,13.03073118714798,,66.78969828626128,218.44718791765027,286.6189267947804,88.75445457390708,disgust,5e42ae3b2b6c8802f2d85d24
106,15.056818181818182,7.04,6.784000000000006,0.05464348965160603,0.2761267349677348,0.07585605716847973,3.5179922779642885,2.369869043829555,0.14224751066856328,4.978268979680326,143.18583366386204,631.097565123343,,34.84113830407772,179.1520253868206,304.8255647312932,95.71424430428789,disgust,5e29aeb55807b852d9e01c4d
100,14.833769075299921,6.741375,6.400000000000006,0.0525941770172996,0.32854855033358804,0.06184789885647371,3.9933056735795533,3.302893878953494,0.8915304606240713,5.485691370171035,98.57026310670099,296.99283168102164,,46.01929411110841,188.84360112307138,320.08536359450676,111.26279705426931,disgust,5fbe06d2576e9378b67ad32c
156,15.362363440529313,10.1546875,9.984000000000009,0.01485876004748955,0.20705944752929192,0.035483227367650076,2.9063806289278404,1.6766216191087597,0.49309664694280075,4.80111804564385,30.04990933003932,338.3586146893061,,49.455652446145564,125.77819622531675,231.94140822080067,83.37282633173983,disgust,5fbe0739cb503578af9eec13
34,6.869554236646041,4.949375,2.176000000000002,0.0005409169398552707,0.0037382636180340067,0.0007630691498369813,3.7590109602820765,2.6732754913330896,0.20283975659229211,4.6672739162506245,0.003625649445515124,0.020352725171472703,,13.76886112310802,162.0792368385799,58.953175320131606,15.683229644537386,disgust,5e2ad8e65807b852d9e02119
38,13.701717221796546,2.773375,2.432000000000002,0.022661524521138853,0.069614566094525,0.024005799117975055,3.4631853769530365,2.3855266758632894,0.3623188405797101,3.985473866065983,1.5356409256185597,8.691397144580248,,55.02808338065368,177.86883131700787,221.82649376257405,72.26883424274116,disgust,5f5edf2854b236162128499a
29,10.962528942021452,2.645375,1.8560000000000016,0.019598863693947356,0.09102443857783073,0.020640065736424844,4.087969052992846,4.692395907218719,3.8022813688212933,4.540003108551308,1.4303886179221394,4.555245693799256,,31.810896205200674,290.4368042961439,310.593439048077,88.80358125935568,disgust,5e5302e1963e443aee02b741
66,15.315445975344453,4.309375,4.224000000000004,0.03910598883065919,0.23575734553793815,0.04173532818173996,3.4269026869961197,3.790843621648904,3.263403263403263,4.820658651979298,10.727081464029641,33.926945487654805,,30.321442364618743,186.45331946337078,180.40732129724032,49.64483277653885,disgust,5f6385a33bd6941613f6d769
38,12.369791666666666,3.072,2.432000000000002,0.009544157874910362,0.06173382190924792,0.009539493816693816,2.772236068168152,1.5585181880381531,0.6535947712418301,3.4757339983114997,0.11911994109417855,1.9586626529101714,,37.30076740965202,147.57334198096873,141.36213675586595,47.695980671842946,disgust,5f60347a2e23c7161accd2ac
36,8.437458801470697,4.2666875,2.304000000000002,0.0020397779243762743,0.009873436295634471,0.002262301623721851,3.441510755063845,2.5611843611512928,0.23529411764705882,4.414580975984125,0.03632923800820156,0.19559318060541245,,38.78118399440085,264.6759468765385,255.17577328620615,64.96356911032248,disgust,5f7154f29e04b149046cbf6e
59,13.296149187301049,4.437375,3.7760000000000034,0.04534502353810002,0.3366969835443142,0.0796735981564797,3.212587702032955,1.9811501053008962,0.6787330316742082,3.722640020902821,26.05536919802802,235.3095306001974,,56.3302832760438,149.22125680296696,266.3857631030082,99.19873957889358,disgust,5fbe2a9a4c55eb78bd7cee19
124,10.161695937882536,12.2026875,7.936000000000007,0.00023529787529561223,0.0015686488999223458,0.00027514742576890847,3.4867318335328394,2.4541219834654906,0.16406890894175555,5.518825424197653,0.0027097660827276803,0.017492828466402432,,36.744087013644226,252.50989416736437,556.9699833034499,102.71818097892205,disgust,5e484c7ac38c123b9ec6d8cc
76,13.597226881359722,5.589375,4.864000000000004,0.0014311223664669195,0.007153370924507368,0.0017288000740445432,3.4067487535897145,2.4818883618638083,0.5385996409335727,4.88292370122993,0.04250739432387649,0.18323271993029233,,70.25811788118936,167.72742976745656,387.68629291398446,105.73884594918854,disgust,5e429f900b3f160367c20a14
98,14.266217814575562,6.869375,6.272000000000006,0.002306517819384402,0.010095678644651562,0.0024460214876502744,3.165819664017375,2.901171480876429,0.145985401459854,5.0945763992083934,0.15693139639847106,0.5041103442695325,,61.715314856688636,237.98454755066598,228.17366591542702,47.877763465592594,disgust,5f9379f1111dfd48d40ff309
71,15.407986111111112,4.608,4.544000000000004,0.014124427635435663,0.09520589887533479,0.015294521761127527,3.794441714671839,3.2557319507807088,0.6535947712418301,4.774557252193379,2.522892092748086,7.323781703277956,,63.48000124232582,200.83701953251867,224.78271591444752,68.55121345700566,disgust,5e36d2887995ef170fc0ecfd
45,12.408016957623175,3.6266875,2.8800000000000026,0.005822926203630474,0.028634883109338087,0.007175824401820439,2.9253053297434377,1.9087942210739375,0.2770083102493075,4.059498718972868,0.12498386117428588,2.152711301463195,,32.86991416136413,89.32706875584702,54.210525616607256,19.42320553032812,disgust,5fbb7fcc4c55eb78bd7ce674
60,14.802479415302063,4.053375,3.8400000000000034,0.018283777189611165,0.12625445413857217,0.026022462689183873,3.9263195051123114,3.1916883849254853,2.7227722772277225,4.768645559536186,6.03127346051928,22.7242108599268,,54.56157554354206,172.99120677189185,329.0863072927035,99.18669355593376,disgust,5e37f7fd7995ef170fc0f645
70,12.523761601252374,5.589375,4.480000000000004,0.0016645761055054263,0.006893670271513416,0.0018384911354867304,2.968371673085741,2.060938273584154,0.718132854578097,4.499620344767914,0.030550112237929014,0.24227765407515844,,46.818192749123284,436.7656634071082,2003.0200815404978,569.8227704389496,disgust,5fbcc6494c55eb78bd7cea3a
66,12.374903321067803,5.333375,4.224000000000004,0.05197639874762989,0.24383799584869548,0.05201179295879292,3.408108684710437,2.8459295879222153,0.18796992481203006,4.678427873768676,30.903137833190815,152.1510418414089,,42.81541693896089,125.78011329839035,102.27199579462479,30.050039868288156,disgust,5e464a7c963e443aee02b108
127,15.584017179231537,8.149375,8.128000000000007,0.024365171234144254,0.17460475141633677,0.03518233401970816,3.1126381399193317,2.7345617645914633,0.8610086100861007,5.529405283408377,19.94546347166495,117.8224964750495,,27.441560859874222,138.32225030885442,96.19331967977033,17.640761116387594,disgust,5e425be59329cb02ef38a863
98,14.537093693793922,6.741375,6.272000000000006,0.022285746159786055,0.1919515882086928,0.03897898009319979,3.575949774214349,2.72163073603148,0.1485884101040119,5.0237369862192,31.301176256816028,198.26730454875295,,48.34416410617727,174.18245105283927,452.0050203851247,122.83435118766164,disgust,5fbc6aad4c55eb78bd7ce7b6
61,11.082848837209303,5.504,3.9040000000000035,0.023385681887179436,0.17796261392342974,0.033053102891197575,4.456122865707535,3.381734080406567,0.18214936247723132,4.977986198849592,22.83473138870744,92.6891501606391,,34.12468321260236,261.6350589017802,254.3322812556858,62.66827380601085,disgust,5f42616f9dd513131eacf067
68,12.451076880822136,5.461375,4.352000000000004,0.04707938465643468,0.5010699527300375,0.07864547290393221,4.530304079812655,3.7042177070976243,0.18348623853211007,5.151814872027933,189.18671145786095,393.9864353387411,,69.10401376546587,176.75633984026453,586.3855080845466,144.15831736040735,disgust,5fba34b044697678c497b3a8
42,14.47589504976089,2.901375,2.6880000000000024,0.0011734174472589679,0.005722613756195654,0.001412477048664386,3.8708503029221855,3.1651835767993024,1.0380622837370241,4.237796888402134,0.009513555089777569,0.03323135738048738,,42.40577108479807,511.28471503668646,1177.177108436574,412.97525200732053,disgust,5e43d99b9306c7039ddccfc0
59,13.425300433762356,4.3946875,3.7760000000000034,0.06724952576885536,0.21940857897466945,0.05848014969107486,3.45799350709443,2.2735585516075387,0.22831050228310504,4.387977453119688,15.354633660478553,119.04154427951799,,32.02284233271894,108.73317310701789,76.34868842599037,15.881889482726745,disgust,5e441245189842034d9f78e8
34,15.035100326129013,2.261375,2.176000000000002,0.04686491405998977,0.32601221772344735,0.057587393792547695,3.218699032764109,2.713591651348376,0.4444444444444444,3.720185129717489,5.038441159808245,19.73792177817585,,50.78554240100506,377.43754702784076,679.5746296228526,253.56514016413308,disgust,5fbe0d3a44697678c497bf2f
64,15.625,4.096,4.096000000000004,0.00040936648377759224,0.0010210130296654713,0.0002009248778597241,5.232174363211477,4.945395165178538,0.49019607843137253,5.396298915503012,0.0003385829637621807,0.0004792757037159118,,16.842801493759982,213.20186603514247,90.95811110077355,27.277156505756984,disgust,5e2ffe165807b852d9e02cb4
49,14.355293514483467,3.413375,3.136000000000003,0.018662561091934957,0.08125434777420738,0.022267582481768418,2.5040636415863995,1.8417233921841252,0.8823529411764706,3.7626544493707805,1.976674056442842,15.450286265031,,40.26784220151407,160.0615029020834,174.739845629724,63.326581409712986,disgust,5e4180922b6c8802f2d85aca
115,11.567816323194728,9.941375,7.3600000000000065,0.0017280901949734962,0.010843589740208812,0.001931412326232694,3.4804434582175587,2.903425720010375,0.3021148036253777,5.804450525034611,0.20232142825110874,0.6677290169959983,,43.402236667773856,226.30178124559046,278.0720568009525,78.65562955013039,disgust,5f8f840f111dfd48d40fee95
40,15.889567505834451,2.517375,2.5600000000000023,0.0468468986789073,0.36050692257414696,0.060740756553122284,3.829335714033058,2.9141789223402688,0.4,3.7026900110622547,8.12238986608865,32.93790225903612,,69.35467622144922,200.77568279538994,304.8255647312932,90.13983382258195,neutral,5fbe0aa9cb503578af9eec42
60,15.800388426215477,3.797375,3.8400000000000034,0.012266390452681854,0.04766989452831363,0.00984389673667397,4.3296929307326675,4.44362301161597,0.26455026455026454,4.976001306652837,1.4058669499624907,1.8183030839934737,,40.499010143009144,153.03963945844689,140.1735783080468,35.734954645323214,neutral,5f60373ab878131628349bef
86,14.397221001527612,5.973375,5.504000000000005,0.0026642972330097707,0.024979778138468557,0.005016657688157801,3.080871900234698,1.9045437097247129,0.6711409395973155,4.576613615230271,0.26815400309929244,2.656090369191105,,44.59273780320005,94.56034871732794,66.51052723924994,23.273642890349002,neutral,5fb9ffa94c55eb78bd7ce142
94,13.683923209899008,6.869375,6.016000000000005,0.020753813392177474,0.08718122071441867,0.021172353934545432,4.072815982013995,2.791415864164291,0.145985401459854,5.015721071111004,9.863347036806784,36.67492879680439,,45.70502311705307,214.09455942046407,364.75416544019015,90.39114080014022,disgust,5e36dcea33e9ad176cc9abb0
112,13.19092240763778,8.4906875,7.168000000000006,0.0020218632645726577,0.008500518660120644,0.0019966457470461207,3.7097769118581354,2.977034679839335,1.2971698113207546,5.6759102195736295,0.1289094103978743,0.48684858299284073,,45.98139040984687,224.1796832178351,403.6502405576318,101.37263764750502,disgust,5f9928bad338b948c4e6aeaa
117,14.0625,8.32,7.488000000000007,0.0018692347436927777,0.013158238395208162,0.002192720874900287,3.2074818714586653,2.6015374090977472,1.2033694344163657,5.25497947744764,0.08857824302107349,0.4484845742933719,,63.50547141261878,186.04142273319937,428.6579028942699,105.49551750970124,neutral,5f98ad0c9e04b149046ce1b5
50,15.419308829481718,3.2426875,3.200000000000003,0.0728469734529215,0.3159287474756118,0.06900250628853666,4.216914900262852,3.6532123989153384,0.30959752321981426,4.736273663517123,26.601224792844558,92.64371903516644,,66.82715870531227,228.65778485774007,366.56590745123674,95.94926968742335,neutral,5f60924cb878131628349c3a
75,13.626453488372094,5.504,4.800000000000004,0.028109406093667345,0.13835728110459292,0.035446143081785376,3.6798626004352784,2.380333821790209,0.18214936247723132,4.476107983872866,19.18433835920781,93.21306144587528,,49.04172032087832,209.70123050636252,377.34692369444497,90.44905862776051,neutral,5fbcdd4c4c55eb78bd7ceac3
92,11.592741935483872,7.936,5.888000000000005,0.0009786342188951305,0.004702010740930648,0.001135422264961447,2.7030558424677094,1.4346649650901826,0.25252525252525254,4.00061755470024,0.011753897653724019,0.1741003117583634,,61.67862172910655,188.96052721577294,256.95185369813447,59.07144527727854,neutral,5f66fadd9e04b149046cb6dd
50,11.488970588235293,4.352,3.200000000000003,0.017933277931956683,0.11126677350697423,0.027605295300704488,3.3068647625156964,1.4984803291630588,0.2304147465437788,3.577162079948917,3.9009722933844007,43.726732874224396,,50.7253651769463,233.65411994401603,323.4389664491665,97.67640224125262,neutral,5fbcdfc8cb503578af9ee9d9
112,14.422999533184168,7.765375,7.168000000000006,0.0006119534280941542,0.003375462180915047,0.0007701424848731794,3.617015569212979,2.1754863129037614,0.3870967741935484,4.340808484488889,0.010843777133345478,0.06024180808752854,,62.23825507619418,133.828404798886,190.2125409974912,62.780178052024404,neutral,5f69a9339e04b149046cb992
70,11.803016092147832,5.9306875,4.480000000000004,0.001123503000597932,0.005492477582026487,0.0012844419404642311,3.4757407024091895,2.823407648045227,0.16891891891891891,5.090537396985861,0.02234319985183459,0.11197119899757102,,24.956574249096743,197.5694029745249,226.84013256043693,54.0573284842107,neutral,5f77d970f8fac448cc0a636d
96,12.93103448275862,7.424,6.1440000000000055,0.0023136029211878084,0.015584267402237388,0.002292690404418197,3.3642005615380617,2.923984885203943,0.5398110661268556,5.279460126200805,0.09177259716828673,0.4196913292689217,,41.553352001311495,250.9275634464412,299.2462950824561,53.91366727381736,neutral,5f88720dd338b948c4e69b0e
81,15.8203125,5.12,5.184000000000005,0.027706778122402687,0.07648683973817284,0.020965675977478115,3.971177065531986,3.353690935506408,0.19569471624266144,4.943755114633498,4.7419292704008935,16.984954286457274,,57.07805228574617,190.65987922362905,233.66157229922914,80.13746123393496,neutral,5fbdbc68576e9378b67ad1dd
57,9.96961017949671,5.717375,3.6480000000000032,0.010825609600508813,0.17912752839670398,0.025137325845667826,3.4276653203892558,2.5718711865392727,0.17543859649122806,5.019645024910741,11.53416544803488,61.35535385918653,,25.40518570179098,86.79352200981457,124.23491376948436,39.0388793682977,neutral,5fb9e8edcb503578af9edf6d
636,15.31987925959939,41.5146875,40.704000000000036,0.009242346460586096,0.13533980548585905,0.017994991176863085,3.323778101824493,1.3184158651330296,0.04819277108433735,5.83638682145109,71.29849338936059,1098.9546582609528,,25.066733127082024,89.4949589908473,276.0961071537367,63.18293701488326,disgust,5e3519725807b852d9e07760
46,13.476397993188561,3.413375,2.9440000000000026,0.024650192542989936,0.16257477773980256,0.036920982079725315,3.0661239667595304,2.0232412643212894,0.29411764705882354,3.7667160577876406,4.532307306470441,40.27752476321654,,38.57586023570349,142.00393465562354,215.2753675911423,82.49064714814844,neutral,5fb8923d44697678c497ae2d
104,11.390160927093387,9.1306875,6.656000000000006,0.0689324846962478,0.2442455742697968,0.0648543237076298,3.451274152472811,3.2563620925806807,0.9868421052631579,5.615007476301367,140.76829085974632,466.26038232804984,,38.861291321918024,219.2501885875481,154.68231663125883,33.13434479996052,neutral,5f5d81023bd6941613f6d21d
68,12.073863636363637,5.632,4.352000000000004,0.002222737730867554,0.010013706642388398,0.0022891310280653394,3.3938258394465604,2.8737311524842837,1.2455516014234875,5.156377936184716,0.042471629874200126,0.3285936655184587,,57.76525217910686,237.98446990723835,288.1248353951036,87.40188496579731,neutral,5f6ad36fd338b948c4e685e3
60,14.960028673388289,4.0106875,3.8400000000000034,0.021840668993896764,0.1381736532322462,0.026084343599381957,3.91064178764807,3.695175698579776,0.25,4.966035373462603,8.41884493598197,15.779100678852538,,71.46618299643521,167.2542441954242,247.77917468961812,71.90354334027764,neutral,5f68299c9e04b149046cb801
96,13.392857142857142,7.168,6.1440000000000055,0.0011048023444530843,0.006484052110219939,0.0011873199337327858,2.7873227217541046,2.427654196246538,0.6993006993006992,5.028415542177772,0.01569142610184479,0.13482427233547398,,49.13673678334734,136.90895325744475,169.3251202788159,41.896596254332906,neutral,5f780a499e04b149046cc0a3
118,15.03053076561766,7.8506875,7.552000000000007,0.0016773196842122375,0.00632961493689609,0.0017019638488830428,3.2706510861455014,2.4225873876306023,0.5102040816326531,5.213660849535691,0.04878974907219309,0.40323210581024693,,45.85089160079044,179.39292517515435,232.19364252525708,41.350944335191976,neutral,5f6b0100111dfd48d40fcfa4
58,9.002454332916194,6.4426875,3.7120000000000033,0.022632065262906616,0.2709917951701361,0.043150323978915675,3.569196072004533,1.8131853960514115,0.3110419906687403,4.004500776474556,47.562385350779884,262.3626411344563,,39.14637125246025,102.72725050028383,101.65273064969477,36.762819388912895,neutral,5fbb591acb503578af9ee438
49,13.200431034482758,3.712,3.136000000000003,0.026281988301025752,0.17187692711010083,0.03827158473535179,3.9228769659015814,2.9894965609628112,0.27027027027027023,4.577235927836546,7.995870937729117,33.66555408187304,,49.675954705812224,118.15431477440538,135.48740730303228,40.702766211336886,neutral,5fb8985944697678c497ae63
36,14.0625,2.56,2.304000000000002,0.026288400323722674,0.11511270945908325,0.023627241357164683,4.764595904150717,5.351229296637185,3.137254901960784,4.752011614749433,3.1155251135824207,3.3589906709962687,,95.75535352064962,207.4328900860585,393.55231526093405,102.8233452343337,neutral,5f8e8f0f9e04b149046cd7c8
437,14.610803468812035,29.909375,27.968000000000025,0.00132901368850868,0.03886077916262801,0.003937687126823631,2.112485342107456,0.5699653224836874,0.03345600535296086,3.0413868982713446,0.13963503602811134,3.8845168968776833,,38.053970818143334,252.98793674203156,438.9446955591207,45.58638207337439,disgust,5e38b759ee8206179943d0a8
84,12.701532878447088,6.613375,5.376000000000005,0.02021178649777186,0.11983674555230149,0.021889457579266542,3.8558287345513054,2.738561152895037,0.606060606060606,5.114860925004089,10.841862037041055,43.68180031384742,,45.71239409322591,160.88523416480635,225.159257083858,72.01985749458116,neutral,5f7087f0d338b948c4e68a3d
90,9.997014780308657,9.0026875,5.760000000000005,0.001699716413508816,0.011487315036734494,0.002012267579164675,3.1390559065799213,2.871212782781929,0.778642936596218,5.734408253151259,0.15667913571238637,0.6725546047755785,,43.653946140645864,221.2188718384624,252.87738008979983,54.1858972340314,neutral,5f8cd156d338b948c4e6a163
67,9.291763094711843,7.2106875,4.288000000000004,0.002342466281992527,0.013283528022136752,0.0027832150838725477,3.362862115996571,2.791560289971866,1.3888888888888888,5.18165038521927,0.1511160785417376,0.7394837887737743,,45.50074669241726,263.3387603201414,494.924943567945,102.19037692904718,neutral,5f8a2c01d338b948c4e69d3e
64,15.625,4.096,4.096000000000004,0.01750430593374351,0.08479845226780738,0.019806514650622668,2.652732279316419,2.541396489420073,1.7156862745098038,4.286747149606394,1.4346863957545368,17.02079670172703,,36.81705383216939,168.43648023106434,181.07368782751004,38.75823091005118,neutral,5f5d8916b8781316283499c4
73,12.768097247425612,5.717375,4.672000000000004,0.0017495753405825964,0.01632838254894579,0.0028251517297084774,2.8685834236946337,2.251890011579561,0.7017543859649122,4.780435252929981,0.06694122965943618,0.8309603839686919,,27.523837417428755,111.90584982686032,70.27407676506273,19.12056590208791,neutral,5fb9caadcb503578af9edec9
65,15.869140625,4.096,4.160000000000004,0.0024307973059638143,0.013971042696932685,0.0035586114798557104,3.575061596411759,2.1959282078740783,0.24509803921568626,3.930129081041136,0.03817185872971556,0.27804218227099037,,51.24115658266982,166.25746131572907,278.0720568009525,93.31067893273497,neutral,5fb87e0acb503578af9edb1a
85,14.866962548372287,5.717375,5.440000000000005,0.06087022196668778,0.5013775146433782,0.10570225930207193,2.7244619042961444,1.9792002801615678,0.17543859649122806,4.595150627583315,104.17188494346709,810.0964092345044,,41.83211606967273,177.1828555119666,315.66228094586256,115.95876471892088,neutral,5fbe2c7f576e9378b67ad476
48,14.80253647630245,3.2426875,3.0720000000000027,0.031364724634091325,0.14888798771264472,0.03248408261040082,5.338543750880457,5.095018991628728,1.238390092879257,5.073987822737629,9.011120597903833,16.430614098272237,,62.73276967124119,221.8391067898775,229.1817399169584,66.55685339534097,neutral,5f883d06111dfd48d40fe3bc
29,11.924342105263158,2.432,1.8560000000000016,0.01959821933370157,0.09119062950887213,0.02174649453628165,3.343135877113282,2.150668095825874,0.4132231404958678,2.9387597952756974,0.48746778414326625,2.564197910377024,,23.61062400060827,151.60619646497645,205.72815965904965,67.5715300819935,neutral,5f663a9dd338b948c4e6819b
70,9.21696909846521,7.5946875,4.480000000000004,0.001769548625043693,0.011256398501747115,0.001982448195841019,3.2401970117822896,2.8311538288253524,0.395778364116095,5.481773334281356,0.06593255887148516,0.344427157153818,,38.327856505558486,242.5464031377686,231.53067098073916,51.42369701194674,neutral,5f633fdc54b2361621284d43
85,11.383896808323637,7.4666875,5.440000000000005,0.0010466772451868762,0.005113490038293292,0.0010101025409541674,3.5662587525940355,2.5627755296195356,0.5369127516778524,5.2824988243265,0.01782196378683324,0.10136521717269091,,52.556462736025864,233.7909140736567,322.31614041190267,74.53964371329266,neutral,5fbb72274c55eb78bd7ce642
11,8.316401266361101,1.3226875,0.704,0.0026922105062024498,0.019599527470080997,0.0038587317987119926,3.4344803104740165,2.7060819684293547,0.7633587786259541,2.9512472594962453,0.010952154239851885,0.0366472393805662,,39.86212811444592,147.73625211907415,84.8301217718803,36.99069816098746,neutral,5fb8e7e7576e9378b67ac4d4
30,15.97975897196884,1.877375,1.92,0.029259100152913144,0.10663390642099668,0.024815117139803715,5.100449983338054,6.186899563210027,3.225806451612903,4.57973759339144,1.753250304234943,2.0440336283569995,,66.00043980881419,224.0203579103599,300.25285290316145,70.67044506616558,neutral,5f883bd99e04b149046ccec2
33,15.165441176470587,2.176,2.112000000000002,0.05467420453327759,0.20876880607396175,0.047390111571611375,3.4814996444907425,4.884754926446349,5.092592592592592,4.203134169033478,8.096263900974671,8.095546139760781,,71.8191985540331,194.25963857997232,177.63071961134096,42.90184831139967,neutral,5f5f561154b23616212849e3
55,14.48368939069752,3.797375,3.520000000000003,0.02414418444929163,0.11570675424034714,0.025675032630347653,3.453910907132124,2.7892717222255796,0.26455026455026454,4.465759534471624,3.1681459558906373,18.163963610248757,,56.613945413871896,222.23293270324862,392.94625426999727,115.76691392276678,neutral,5f6404e954b2361621284df1
68,8.568548387096774,7.936,4.352000000000004,0.0022214669613698076,0.009531087284810585,0.0021277310965256615,3.458146170152733,3.144882430098592,1.1363636363636365,5.559241427119874,0.10477846967721441,0.5162506900475833,,30.933914183925886,250.81007520447773,262.01183761923886,58.187023493337044,neutral,5f922a39d338b948c4e6a86c
59,13.96780303030303,4.224,3.7760000000000034,0.007686346135151355,0.04444055324468797,0.012080377112103434,2.65272803425074,1.6185664728600568,0.23752969121140144,3.6986247674047337,0.8662808960580325,8.626290631623714,,25.72329056627122,90.24754456767431,43.49049125773753,13.632980446294447,neutral,5fba1cf84c55eb78bd7ce1de
31,9.08192038671403,3.413375,1.9840000000000018,0.0461107376903788,0.18706435726527967,0.04360723912797611,2.610483103398433,2.5676941321440503,1.7647058823529411,3.9891419677370235,3.843778861337583,34.439497410185254,,49.39950746478216,161.99635166741433,192.013645291753,55.4413680555265,neutral,5f647bf5111dfd48d40fc951
47,14.305825058022295,3.285375,3.0080000000000027,0.06608159735821635,0.2452764350660221,0.062236289073783105,4.17850987234909,4.845071355811696,1.529051987767584,4.680127379995393,29.044334545353745,40.234254793307436,,67.28657054019975,204.89817005688894,352.5198985689557,75.63135337467854,neutral,5fbe0a7e4c55eb78bd7ced13
133,13.978388675403158,9.5146875,8.512000000000008,0.015809450517367145,0.07199080576254684,0.01712304568528401,4.670448764499829,2.616325629844218,0.10526315789473684,5.2118010604765495,10.466632818843811,51.7871896878829,,63.82249837842014,148.36107199302114,279.6829118386172,82.55815472048332,neutral,5f5b621eb87813162834981c
33,6.667508523803511,4.949375,2.112000000000002,0.009317493013580062,0.0968223886799358,0.015486130056996722,4.135889034524349,2.4291597722580907,0.20283975659229211,4.040442736325911,0.9605263367528493,5.673618969757299,,32.00686532229829,203.46250293582543,173.62082073633812,43.668206729817136,neutral,5fbc9fa144697678c497bac1
69,15.854779411764705,4.352,4.416000000000004,0.0012678373686768362,0.006587048696485612,0.001469893312881192,4.286936288860638,3.081165335983234,0.4608294930875576,4.623690472024032,0.01396933210557937,0.04464763877142804,,63.84664810156563,111.28278266946143,72.7302022667084,20.483900887467165,neutral,5fbcc6744c55eb78bd7cea3d
63,9.058638508200405,6.9546875,4.032000000000004,0.0012250711810500676,0.006559257294207191,0.001362323202109479,2.9648045810601875,2.0768060864993374,0.1440922190201729,4.783438483648321,0.03296757196793461,0.18921322786019273,,40.492668323982244,190.20808003578674,171.4055609249437,38.44827503367189,neutral,5f77d940111dfd48d40fd55d
76,10.120682480233041,7.509375,4.864000000000004,0.0011932433599529447,0.005347304672554932,0.0012540322848113175,3.568787230673136,3.109506555619687,0.26702269692923897,5.366203364797979,0.04042957109143271,0.1251456434281623,,50.311627256212255,195.11973546636415,205.72815965904965,61.73929152759025,neutral,5f5eb08554b2361621284948
29,14.46113569781213,2.005375,1.856,0.07230213388601549,0.4564987295313063,0.0888734817604963,3.771248245745087,3.9253354025673817,2.0100502512562812,3.969012914657033,17.958681872109548,39.49936154023166,,30.646259696200055,256.83175146447496,174.3173717576011,60.49844256479057,neutral,5fbe0c2344697678c497bf1f
61,14.296805191380903,4.2666875,3.9040000000000035,0.04323089335277617,0.20561223668457,0.0444154419463309,4.6755328811466645,3.908228646441196,0.23529411764705882,4.859539074066853,24.649003209109672,56.654216465941886,,53.886060210469246,212.39164652995007,300.57775582181085,73.88892974886944,neutral,5fbc9ad84c55eb78bd7ce8d1
83,14.199260098796056,5.845375,5.312000000000005,0.0013551324880158103,0.008763054596996712,0.0017212244699505539,3.6075910784142766,3.548038224892567,1.3722126929674099,5.149774055865623,0.04828313730475611,0.12898087416143952,,39.468386924481166,153.14910870805315,194.55258714143554,49.456745067358554,neutral,5fbb3605576e9378b67ac9f0
55,9.84009840098401,5.589375,3.520000000000003,0.0553440418276284,0.3863053595046441,0.08454534457171871,3.5168261496831135,3.3196919318997127,0.17953321364452424,5.1631806353995096,122.8527220171587,357.0510919935444,,37.898362031990956,87.24267976647076,78.41324688128702,27.763389847972668,neutral,5fbb7058cb503578af9ee4fd
34,9.055347482313774,3.7546875,2.176000000000002,0.006126847399433996,0.03602485529167388,0.009104058583697778,3.4361013339279145,2.5476280760188073,0.267379679144385,4.319791367398369,0.42032003981017974,3.0738729353572016,,60.16429637185382,214.56790106863045,286.70199941907856,74.63396481368947,neutral,5fb9cb17576e9378b67ac5be
98,10.683091010669465,9.173375,6.272000000000006,0.0019224309443110195,0.010956379428475835,0.002402346226491425,3.462613147534931,2.693361384042665,0.2183406113537118,5.663400695867688,0.1581138798934336,0.7551330537563036,,43.52349433709826,208.24031139716814,270.23628019429054,82.37807215284187,neutral,5f714daf111dfd48d40fd462
55,14.165445970091593,3.8826875,3.520000000000003,0.0007804880773608965,0.005073370076696103,0.0011416691221083255,2.9457357307639733,2.023998558692159,0.25839793281653745,4.162417276090212,0.00979951394028872,0.05564799363139393,,33.87339197700425,91.8677638052464,92.29923159850804,31.31789762993787,neutral,5fb4d97fcb503578af9eda0e
104,11.775362318840578,8.832,6.656000000000006,0.004055301960130882,0.025640814013757583,0.005825922848260088,3.2627005248518905,2.0020667291720398,0.11337868480725623,5.03940259287456,0.9571336814952945,7.115457500638236,,45.85719436122287,120.6951492637915,144.96928336801093,45.37596909073781,neutral,5fbb58facb503578af9ee436
35,11.553538271095523,3.029375,2.240000000000002,0.005774226367029222,0.052242183283264826,0.010209703332859326,1.7902580756261046,1.2085972916244214,0.3322259136212624,2.641772624718598,0.01645319189064107,1.3789380247914829,,47.8625472492724,118.80124240318109,201.0772119191614,47.19632436307527,neutral,5fbb347644697678c497b59f
77,14.79240208438393,5.205375,4.928000000000004,0.025759006648785415,0.14078219334808542,0.03002717906156386,4.087843511025011,2.9859465234854983,0.5780346820809248,5.03628436256715,9.8261348682329,49.623708289943615,,73.61520559891393,188.6433008313974,296.3787371590077,88.41047864945425,neutral,5f640481b878131628349f4e
76,14.600292966404918,5.205375,4.864000000000004,0.004403827986967337,0.05048086179610529,0.007966842713123696,3.8885844975688073,2.6509195789659823,0.5780346820809248,4.646956082463484,1.1151510726452276,4.654784068949193,,53.750142058861,151.1078166096161,146.18562305262122,35.14734684494556,neutral,5fb9f9f4cb503578af9edfb0
64,8.28727046122221,7.7226875,4.096000000000004,0.0022136986919750667,0.009456051595580937,0.002085298839522709,3.937041247545491,3.6831060287882864,1.6861219195849548,5.6809792533025085,0.1273628865458243,0.35209290365494494,,40.76302884091288,257.0258217574551,263.02600789299515,66.80477645350847,neutral,5f715815d338b948c4e68ae9
56,11.614943869746702,4.821375,3.584000000000003,0.007020239550885933,0.04593737199293994,0.010490158958325693,3.559707597880266,2.4966696328457583,0.20790020790020788,4.713832444921389,0.8780569187371711,5.119498292390295,,41.18326356563628,206.62757747532507,263.236619401604,68.9552301325818,neutral,5fb9cc63576e9378b67ac5c8
67,10.001959339049627,6.6986875,4.288000000000004,0.0022836072992488527,0.012247206085032191,0.0025812623461871245,3.4829288678907906,3.393172728395957,1.347305389221557,5.226626321940337,0.10154796399755525,0.368089050812903,,47.59266328498223,248.62966030953785,219.657581077385,49.93476175145642,neutral,5f70afd89e04b149046cbf1f
115,14.111511618989187,8.149375,7.3600000000000065,0.0006936759787388986,0.00613129887169488,0.000832400501471606,4.14524971869483,2.964070137676707,0.24600246002460022,5.370888040459167,0.019894161478526864,0.07297968936551964,,59.73201307361713,130.6812376712737,124.23491376948436,36.09339666622512,neutral,5f7093d39e04b149046cbf00
70,10.793516180637202,6.485375,4.480000000000004,0.0037405706308070615,0.032601475139470544,0.006912850937938959,3.2115393162669346,1.8386249899903346,0.1545595054095827,4.258457537019269,1.2211391748095908,7.23125644399024,,53.49978065628129,92.77803332021918,181.828951447135,46.446943906589404,neutral,5fbb590fcb503578af9ee437
44,9.915772275275359,4.437375,2.8160000000000025,0.06372097501802573,0.434056903062166,0.10223039598243291,3.50404721034626,2.2913181825001305,0.45248868778280543,3.9500784370342394,43.85008700952306,245.3983346501255,,60.299978154129406,292.5260230819609,472.20158041084164,165.41935996997987,neutral,5fb491234c55eb78bd7cd97d
142,14.042721518987342,10.112,9.088000000000008,0.023910269226078914,0.16639838297464038,0.03425571374399453,3.6199898602390914,2.688483039011785,0.39603960396039606,5.528777493623895,39.00919135333154,162.7073507209202,,64.01317048062232,162.36121503938205,304.8255647312932,92.5926345768646,neutral,5f67e623d338b948c4e682cb
58,13.593683624591678,4.2666875,3.7120000000000033,0.029451028588715594,0.1103265223177951,0.028788024094285804,3.53335945868828,2.8383107070506783,2.1176470588235294,4.510618986606275,3.4218780256209826,22.471017990788262,,46.31790961586802,223.02548834754242,243.79788579910655,68.23877930932137,neutral,5f786b08111dfd48d40fd5d1
55,13.153567905294311,4.181375,3.520000000000003,0.040361737912644684,0.21776379540976762,0.04469460595760624,4.602529628193557,3.0085083821070158,0.23980815347721823,4.361475267778327,22.720072888470437,73.76050886529978,,47.59979373014624,189.36459200684916,309.1227308028132,95.25334320870464,neutral,5fb8af07576e9378b67ac37e
121,13.129340277777779,9.216,7.744000000000007,0.002604483752861886,0.03752792667927314,0.005007942189316723,3.807734820803773,2.8464036009333853,0.10869565217391303,5.505300999346494,1.962866055757923,6.32677848073171,,63.57474378143412,108.30360471376014,144.96928336801093,39.93244407579869,neutral,5fbb5a1a44697678c497b6da
41,13.163439349854519,3.1146875,2.6240000000000023,0.04223027065857276,0.1791145180878254,0.039882482536459186,3.9060032428783127,4.467887014018004,1.2903225806451613,4.5726839571118285,5.556409942684085,12.777948539805344,,16.112196144018757,102.29314060846778,56.307013756140094,13.000575428339147,neutral,5fb8e8f7576e9378b67ac4e3
70,15.332803986529035,4.565375,4.480000000000004,0.012174604350171512,0.0868256844456396,0.020410647491875898,3.3437055169370176,2.045806394546858,0.21978021978021978,3.837638639478125,2.5192642736262663,16.187697644388848,,41.84417879820051,97.04842221895227,116.73609144327253,31.40808888002313,neutral,5fbcc378576e9378b67ad04e
43,15.746950172804468,2.7306875,2.7520000000000024,0.002030403205085026,0.0054745443728230455,0.0013528236566362395,3.678424682646641,2.951341245986783,0.3676470588235294,4.184714888446169,0.0031353568426883277,0.02117980831660976,,34.173176463175494,158.67320696097946,138.99186545315516,34.59537028455887,neutral,5f6eaef19e04b149046cbdc5
105,13.825453647697815,7.5946875,6.720000000000006,0.044712462635513,0.16831779691505525,0.042949332911291084,3.3501067626682905,2.4795441782085725,0.5277044854881267,5.166317487822486,31.21136403402429,169.85660923500512,,48.782438018700766,229.01926728299793,306.96794243316714,79.45689079052853,neutral,5f65fe94111dfd48d40fcabc
58,15.806506557656276,3.669375,3.7120000000000033,0.0024718895640559258,0.01372930177322135,0.001613970634878652,5.755232489927811,4.8741721107910685,3.287671232876712,5.077861739080408,0.025421910500865764,0.05649419928792964,,32.11188102494971,139.41899877744598,112.5852333780714,22.96711417042424,neutral,5f87b8d3d338b948c4e69938
54,15.625,3.456,3.456000000000003,0.07143626364355146,0.24597394113267715,0.059972584981911166,4.244103092152085,4.031945293353213,0.29069767441860467,4.7435231276429235,19.363853506451647,47.04278598277207,,65.52951331394152,232.20890801099392,293.8877383273977,82.46995290701992,neutral,5f92a35ad338b948c4e6a91c
93,15.24246583761857,6.101375,5.952000000000005,0.02696850758677205,0.16105593679198105,0.028692921595558692,3.5980351347683817,2.928512755597212,0.8210180623973727,5.196310380390915,14.62614083751825,67.93849423657909,,64.497779088906,165.60183717204976,282.16420534104145,91.23717653746873,neutral,5f6bf121d338b948c4e686dc
78,15.362268888943598,5.077375,4.992000000000004,0.04726593605161515,0.23780247976778138,0.061806800189893145,3.635137415076875,2.4422528930286957,0.19762845849802368,4.255552719924256,20.388672669725707,143.33117874233957,,34.93767761667678,94.33356316438751,88.70651218352927,26.544054456614088,neutral,5fb890a5cb503578af9edbb1
30,9.501563799041925,3.157375,1.9200000000000017,0.0030837714167791614,0.018551267809657015,0.003817784546139356,3.4761855174941836,2.4045141935980587,0.3184713375796178,3.8563017475221346,0.02495296410634948,0.3751904496372069,,26.1869391587244,303.6585083343991,387.68629291398446,137.68001225002052,neutral,5fbcdf9e576e9378b67ad0fe
109,14.192708333333334,7.68,6.976000000000006,0.0006411316384874025,0.0030755620572494426,0.000565933516865722,3.9503129280362663,3.368433679680267,0.1303780964797914,5.67295974946053,0.005958282761185402,0.02489864067735296,,44.18325820315937,458.87063624918045,897.379383471306,322.99147555023,neutral,5fba0791576e9378b67ac72d
42,13.671875,3.072,2.6880000000000024,0.0035555475728015766,0.01945289330545411,0.005021312382490276,4.5826812365476535,4.258711550231099,0.32679738562091504,4.676048058507447,0.17256298392893143,0.39828993805789425,,36.78033952604355,132.37446464569229,104.43762896809567,33.18190978494378,neutral,5fba011c576e9378b67ac713
116,14.309173753151335,8.1066875,7.424000000000007,0.001249111675092702,0.006796109610896501,0.0013636972474946802,3.2988407985266455,2.2417542110029727,0.7416563658838071,5.171821771492766,0.025974849577411467,0.21253812419087345,,60.3616054186139,157.11187715601002,199.54471994669842,47.80284685101797,neutral,5f6446043d151f41883fa0a8
106,15.335648148148149,6.912,6.784000000000006,0.06436002483160946,0.2517309464992607,0.061393286788579506,2.6749258644167266,2.204558513231011,0.7246376811594203,5.113565490613552,39.275476265327335,349.5796770704352,,60.84149929535398,195.81745020814347,264.4771215546362,70.05514992555594,neutral,5f5fd9bd54b2361621284a4f
55,8.951822916666666,6.144,3.520000000000003,0.05735223587609327,0.33189573032244596,0.0641771996459174,3.3695330201773013,2.6482147153510316,1.468189233278956,4.865876059884025,51.571543908818406,221.10232158708203,,36.17457568758107,261.6662696901689,385.40096911497096,69.39428472038905,neutral,5fbd174e44697678c497bcc0
60,10.817267062548593,5.5466875,3.8400000000000034,0.04054890244188388,0.28472435748745006,0.05888590491611508,3.8066770063534476,2.979642620155722,0.18083182640144665,5.036806777360878,42.83991530347633,207.95801377201835,,33.498292582204336,92.53102561502392,81.3888314553866,18.835135240652615,neutral,5fbb585944697678c497b6c6
124,14.316433591664142,8.661375,7.936000000000007,0.004614074913546415,0.03127405716603289,0.007044624194900413,4.347850966011909,3.107836287841423,0.11560693641618497,5.605962219105048,2.1092799576250525,8.043324330404669,,55.6669889378562,226.91985136130714,700.7348702122732,161.1495329282798,neutral,5fb9ec314c55eb78bd7ce0c6
52,12.31060606060606,4.224,3.328000000000003,0.023247895443835466,0.19435727239563808,0.04108115039264322,2.7889645752921455,1.7767498161089514,0.4750593824228029,4.051687350039355,6.03673527973255,103.77911398475342,,24.148881115799572,91.63951001692301,85.19585059339548,27.683936465512815,neutral,5fbb5981576e9378b67acb06
28,5.423531832984274,5.1626875,1.7920000000000016,0.07725891137490047,0.31481754303728066,0.08543073550612292,3.6603129673137373,2.7836383360990866,0.3883495145631068,4.887894204424291,77.36282072631987,320.51154490358056,,32.79891901274108,134.37049958993535,99.09102249993116,23.877396674445386,neutral,5fb4954644697678c497aae2
99,13.335129310344827,7.424,6.336000000000006,0.0008300609233244134,0.003685235429098145,0.0008104416008613067,3.6067693834906303,2.719621498471901,0.5398110661268556,5.220689120761601,0.013210350688044138,0.05812952169459246,,27.25290224316095,413.6070535487123,1590.9634075977942,595.4830546148395,neutral,5fba216344697678c497b358
26,9.374859151755532,2.773375,1.6640000000000015,0.058170360094413724,0.1883823471268622,0.03763401625812461,5.738540826067769,5.530373249579554,2.1739130434782608,4.751373267364937,4.921394387162067,7.519222065020271,,46.32060724475935,106.58108174017795,112.26026911159008,33.4605085501438,neutral,5f6b6bac111dfd48d40fcffc
146,15.141007110310275,9.6426875,9.344000000000008,0.023852138927501005,0.16278112417877397,0.03244963465464279,2.701504487268854,1.592885574912564,0.5192107995846313,4.6416583348945295,12.798265932853893,176.16494010057548,,63.05590449762724,185.40742850512854,400.9510137942153,91.13774681060094,neutral,5f65547e9e04b149046cb542
61,14.738972198311664,4.1386875,3.9040000000000035,0.016464856939942263,0.10034240530872797,0.023946340881810572,2.351801354934741,1.5344076500651351,0.24271844660194175,3.844570740752342,1.7194532886057534,22.038698589473118,,31.409100202343154,105.31747232077257,143.75994928447787,42.928448855877924,neutral,5fb89830576e9378b67ac31a
22,8.452801191076531,2.6026875,1.4080000000000013,0.001771230705230643,0.02088248035341565,0.0029403383023130746,4.062582443692314,4.189661252760178,0.3861003861003861,4.567185492903999,0.06931485818866084,0.08798256717539388,,54.79955038735493,108.29478126677553,146.18562305262122,50.31794610292257,neutral,5fb8e8624c55eb78bd7cdf0d
64,11.810978211974763,5.4186875,4.096000000000004,0.013493433173606137,0.09383178811314861,0.01925548527649945,4.128369524366983,3.5834525297513493,0.37037037037037035,5.005098189929597,3.1917624839585743,12.481099405943821,,59.843322608196544,182.80543971421554,223.48806273763967,55.64783737765475,neutral,5f899769f8fac448cc0a7381
95,14.552696078431374,6.528,6.080000000000005,0.01925737548685461,0.09896333461568864,0.020352557458773502,3.9988397883725106,3.506589207602383,0.7680491551459294,5.493663458996719,8.293244665507654,28.963289029282596,,59.943651654682526,222.94425728976816,498.7979725567376,101.48080272311722,neutral,5f6e0460f8fac448cc0a606d
76,15.095276519148406,5.0346875,4.864000000000004,0.04186098655218389,0.19566167048060387,0.048452634702301565,3.536062502638018,2.795052464013546,0.796812749003984,4.849137668243106,20.455134696182018,105.99856851738676,,68.28083285532377,165.34773320829044,313.4698275389687,69.92941596568349,neutral,5f6381b4b878131628349f09
42,11.060271898350834,3.797375,2.6880000000000024,0.045410240060042,0.26833474462136003,0.054364305509005825,4.058080157239905,3.707070827923917,0.26455026455026454,4.594727824814082,42.20557363151909,82.45264653875356,,45.36857056502744,132.00617895137862,190.5333556217653,55.9052839740402,neutral,5fb38d0fe3dcec421f835904
27,14.0625,1.92,1.728,0.03693337653156401,0.17573901012828927,0.042028773682914564,4.674130904463373,3.24867186159768,0.5235602094240838,3.2679916499925206,1.0037567587045664,3.6783383113019936,,31.24479123256655,173.56930048720054,177.21203663015945,65.41635331621033,neutral,5f6390152e23c7161accd61b
118,15.364583333333334,7.68,7.552000000000007,0.01714854934690868,0.10910585101503166,0.022377237373136606,3.2685738043482835,2.4807769106768434,0.1303780964797914,5.050491415897159,8.577074858421867,51.51439700065391,,32.74903957521437,103.18810369437495,95.97592684906726,29.00655486829527,neutral,5fb898d7576e9378b67ac31d
95,12.723178785773477,7.4666875,6.080000000000005,0.0012573933683362364,0.005306783986052074,0.0012761073798897898,2.815670633761265,2.310040470170713,0.5369127516778524,4.96338629411993,0.02132681269882083,0.2269643541115905,,49.379377499914874,152.10138869005772,177.58857779956992,50.045196805837726,neutral,5f8cdf80f8fac448cc0a7855
73,8.684918876314264,8.405375,4.672000000000004,0.0016108264289663814,0.007289256744360376,0.0018500240493054467,3.0741664719609187,2.549289600260938,1.6686531585220499,5.370876166513137,0.06402538340425676,0.5158385450790949,,24.982002339888137,206.59283816424468,235.391701186791,64.53159052228946,neutral,5f8b7f1f9e04b149046cd2e2
48,14.80253647630245,3.2426875,3.0720000000000027,0.02763597134702419,0.13732921824268188,0.028767322990297505,4.225450881744425,4.953992458516792,1.8575851393188856,5.044050174753963,8.061716034733468,11.713079476853023,,54.61997319071262,224.47378765292524,340.6339175269542,81.27130100298554,neutral,5f5f716e2e23c7161accd21b
91,13.16550925925926,6.912,5.824000000000005,0.04711716870933992,0.18790761706114648,0.05045489654858225,3.2284097150824826,2.580467178476205,0.2898550724637681,5.160463062770371,37.4955717078459,225.13518741032516,,49.96156133326826,177.8128333787433,253.2539212592103,68.97958282206056,neutral,5f41cb7b9dd513131eacee94
65,12.801890740786332,5.077375,4.160000000000004,0.01730947664771044,0.1555392633336373,0.029426816474058596,2.8133986206091794,2.2779181173949494,0.39525691699604737,4.640295097375585,9.099259161418301,78.70740085468623,,62.07728887688149,156.2356879029239,205.72815965904965,75.06990019912831,neutral,5f8ba9cef8fac448cc0a75b2
95,14.181882644921114,6.6986875,6.080000000000005,0.026780857894033054,0.12642876323016983,0.02941282730344875,3.5510055863990013,2.346996055161886,0.14970059880239522,4.74806283788558,14.44862979766013,90.53718826524882,,58.58556967469536,161.79818254006153,368.22836533023457,97.66922940594621,neutral,5f694284d338b948c4e68416
41,9.906522297225873,4.1386875,2.6240000000000023,0.03681919863173719,0.24138958811374067,0.04329379247016012,3.6442810421555776,2.8920048956473483,0.7281553398058253,4.309115018072846,8.481027119145034,28.35531268352225,,19.390338632074283,224.06719570527906,256.0944352422377,81.33893778586618,neutral,5fbb746d576e9378b67acc00
90,14.349489795918366,6.272,5.760000000000005,0.018949513968499143,0.08025714794804441,0.017074051881870646,4.237399219315125,3.264388777760119,0.6389776357827476,5.070005820823916,6.465845267109456,19.93491169478562,,73.27188138154003,158.75864935071786,266.3857631030082,68.63497799546165,neutral,5f899745111dfd48d40fe61b
61,12.997043705222788,4.693375,3.9040000000000035,0.017611220638077678,0.08898645203832814,0.0199318894873273,3.5731691424046033,3.446532710136271,1.9230769230769234,4.83473286550458,6.095053402017303,16.38054217617769,,62.423998929587206,171.13808413620788,367.06562839526254,73.65940923585725,neutral,5f79144af8fac448cc0a644a
58,15.806506557656276,3.669375,3.7120000000000033,0.014063615567600019,0.057964971561949935,0.01458162894218718,4.16010618882881,3.694310730704198,0.547945205479452,4.551064003313135,1.603132056178599,3.7845400066055994,,43.08260931430392,165.52507013718687,112.71718712522352,32.3348594850174,neutral,5f6037d82e23c7161accd2b6
41,15.014533885697283,2.7306875,2.6240000000000023,0.029058712228666773,0.16123405308639455,0.03655872781854523,3.272852275274398,1.9347556302692897,0.3676470588235294,3.5183372347337203,3.442355427993926,23.467953282274067,,44.72434898478786,141.14008972686983,212.05613042340593,70.63133436054285,neutral,5f637f473bd6941613f6d747
37,13.341145715959795,2.773375,2.368000000000002,0.0014293200618736028,0.004060971945642128,0.0010986541212133682,2.950564950866957,2.2466292542904234,0.7246376811594202,3.3575560397804645,0.0020835356233443207,0.019521767324318342,,45.47822041347646,175.9059121437406,159.22719498211814,30.97230882552928,neutral,5f8da242111dfd48d40febfd
76,14.025536626720031,5.4186875,4.864000000000004,0.025495063777244007,0.10466465979982438,0.025579854203002475,3.5827053277081045,3.0069780700042466,0.18518518518518517,4.918010979524082,10.977293026972783,38.95805187859096,,60.62289214804377,186.57355895366743,266.3857631030082,84.49011624359177,neutral,5f5ccdca2e23c7161accd06c
66,11.29097790988602,5.845375,4.224000000000004,0.030884572819588764,0.18775412210514794,0.03835724215182841,4.056764712610874,3.1863761090604963,0.17152658662092624,5.262756590604455,22.38165158305889,79.31838856600562,,48.449130117419216,221.52442603996235,315.57521505644706,79.49490225203512,neutral,5fbcdfb54c55eb78bd7cead5
89,12.876157407407408,6.912,5.696000000000005,0.07198469382671085,0.2723719145532975,0.08515627678522406,2.231970284218357,1.8812351892531116,0.5797101449275363,4.307015394551569,55.07884461453823,714.8423883865887,,54.81481130178022,207.01829405804835,276.0961071537367,86.23078777522068,neutral,5f5c2e322e23c7161acccfdf
73,10.626876535347103,6.869375,4.672000000000004,0.015123550100606604,0.10473054695883256,0.023715101109396897,3.4872464046221734,2.4998876031098445,0.145985401459854,4.927706143293268,12.000073362426752,67.89554168730157,,55.823642501963995,223.25152069986018,390.30867793106023,136.15558037041382,neutral,5fbe260e4c55eb78bd7cedc0
79,15.559221054186464,5.077375,5.0560000000000045,0.027385504872076433,0.1239878537815454,0.026447535124088407,3.0193975288291006,2.7102532277622893,1.185770750988142,4.9202158808538625,6.771799057314267,41.64331303825168,,56.36182954542271,179.42870176008395,231.94140822080067,74.92799921970736,neutral,5f60c36c3bd6941613f6d4a0
22,5.156224823120981,4.2666875,1.4080000000000013,0.028303011502786517,0.191933945007835,0.03735314145849031,3.912093134638913,3.4615121624028626,0.23529411764705882,4.683086892305517,7.069560498350982,19.204026711891856,,0.4711114759027574,65.05144567222888,0.7552636196249694,0.172413341762044,neutral,5fbdbdea576e9378b67ad1f1
31,11.35245245016136,2.7306875,1.9840000000000018,0.009863141476114024,0.04219995072209596,0.012665253718460643,2.846107468126049,1.8830571857672491,0.3676470588235294,3.68679755899316,0.385521279424428,3.538091055476822,,45.22518270054435,264.77655032572244,333.0941032559897,61.011944939486064,neutral,5fb9cb2744697678c497b134
54,13.322231473771858,4.053375,3.456000000000003,0.0485804315790049,0.2763197375296868,0.055979501625856055,4.350146056596314,3.75482917205675,0.24752475247524752,4.7151573079363605,32.450018732639535,75.46068170134188,,59.96049821946264,161.26681499613363,235.391701186791,68.16136507757764,neutral,5fb38b3948cdda3a922e4fbc
101,12.935450819672132,7.808,6.464000000000006,0.0018888085766210214,0.006778561812051592,0.00187972522562138,3.4361251633859937,2.5945045188679026,0.3851091142490372,5.440645928510195,0.053315953771099545,0.39272174139340704,,45.50247348940432,214.19544427908087,262.2130122322756,55.86557556697046,neutral,5f8daa949e04b149046cd6e0
67,15.24568015359454,4.3946875,4.288000000000004,0.03991122510462512,0.2791864585078182,0.04167333980416164,3.7166122760723463,3.8651229610991633,0.6849315068493151,5.153409512493537,24.882204549177168,59.27416632072805,,64.12873750180471,247.90144439404745,528.8828164416013,107.18882621367237,neutral,5fbb9344576e9378b67accb2
53,14.115688722430296,3.7546875,3.392000000000003,0.053796239921995795,0.29630059999887326,0.07502174888026233,2.978854402569603,2.446310717686341,1.336898395721925,4.18441250904156,27.642028560470642,209.75616020233608,,46.20980968706378,138.96655167685532,141.36213675586595,57.36239603540411,neutral,5fbb5b5d576e9378b67acb0e
55,15.165354059317215,3.6266875,3.520000000000003,0.045374682732707956,0.21494991825306697,0.04869913819549999,4.015298842465151,2.6861510145626744,0.2770083102493075,4.228758631533488,12.411043780567306,74.79375645397123,,82.26515864404513,207.58899035462,621.144113601905,166.10817233773628,neutral,5fbb9295cb503578af9ee5a2
79,9.12095365920538,8.661375,5.0560000000000045,0.0028199830256505545,0.013609690319256742,0.002987485232600925,3.1961397430833456,2.7308428181840094,2.8901734104046244,5.25022826241556,0.123849515938243,0.9114218797792436,,34.85092096174235,251.71769117628253,389.8938729903183,68.64846091629684,neutral,5f7007069e04b149046cbeab
64,10.416666666666666,6.144,4.096000000000004,0.0029590416225749737,0.016055203780935372,0.003041045586360486,3.7598140717518316,3.936747316011305,1.9575856443719413,5.231809294856897,0.09392870435047308,0.2998654280827669,,41.991430467982326,256.959147753577,242.79476883484122,54.10895392013755,neutral,5f7951bad338b948c4e68d4c
13,2.958117044727299,4.3946875,0.8320000000000007,0.0004273039665083795,0.00357247332779362,0.0007168087500326049,3.2537239936207687,1.9216413763430413,0.22831050228310504,4.0255731744922,0.0035242310714941293,0.03032430054918524,,35.62762691338235,215.0909390419113,317.32916536252264,113.30497232840243,neutral,5fb48f3dcb503578af9ed83f
57,10.044605980505533,5.6746875,3.6480000000000032,0.0008715777149077224,0.0038010974580796938,0.000928548633925277,3.8342622043293124,2.9100603165459744,0.17667844522968199,4.676717173283522,0.008632774592780822,0.04907962376087847,,21.235320380821562,130.76223816984216,101.88013761524223,19.28717692101957,neutral,5fba205dcb503578af9ee0c7
39,10.27025247704006,3.797375,2.496000000000002,0.002771132241017345,0.011672615521741177,0.002661023009245965,2.6876218211911747,2.8060446720333885,2.1164021164021163,4.145139069231449,0.029167331466447555,0.22229726134331843,,43.55899968915139,261.75790535039897,281.4198076414393,53.95120494561267,neutral,5f91835ed338b948c4e6a802
45,12.555803571428571,3.584,2.8800000000000026,0.004962367364703067,0.019424431514353625,0.0049816633436502306,4.650748538363621,3.6517333115812063,1.1204481792717087,4.698875484630551,0.22088862070155918,0.5500284730771404,,45.224981869234014,264.3397877145659,467.1544238383228,102.85567507836203,neutral,5fbcdf6bcb503578af9ee9d8
180,11.9850686020333,15.0186875,11.52000000000001,0.06063736825313257,0.2912409412628621,0.06750722620702834,3.1091817704704803,2.343792929719974,0.4666666666666667,5.718257485754124,289.75041079422954,1824.0921042725768,,42.30098709224173,198.49398839565967,268.30546129938955,85.07531409868074,neutral,5f5cd68a54b2361621284832
124,14.678030303030303,8.448,7.936000000000007,0.001838192897626806,0.0065114842583214325,0.0017341820446224536,3.013469416676658,2.272356684025276,0.5931198102016608,5.076643444806478,0.0496099287329224,0.43069971364748244,,48.187863505208995,156.18675767679454,231.94140822080067,47.99995299257057,neutral,5f6b01a5f8fac448cc0a5ddc
68,14.358108108108109,4.736,4.352000000000004,0.027387846432544112,0.13975204044445913,0.032160896724746965,3.2507164850578523,2.2831295087989676,1.0593220338983051,4.4800225873535435,6.775279031879642,47.53807348033544,,66.63835628920754,197.27875952096213,216.8989862783688,77.98498525776327,neutral,5f67e6989e04b149046cb794
90,11.340725806451612,7.936,5.760000000000005,0.06961018830123679,0.484909621846507,0.11983345472210385,3.1854771477459187,1.8485477289598204,0.25252525252525254,3.9709982174561516,158.2240513775478,1236.5310803106463,,51.162899745400075,158.26070260102549,571.5078425184206,155.470825652077,neutral,5fb87d714c55eb78bd7cdc88
44,15.865146256817054,2.773375,2.8160000000000025,0.04044874405575335,0.24227239876725876,0.05582004471537493,4.326890560487244,3.256545072417855,0.3623188405797101,3.8166885734510427,9.16068544451378,30.760334060415467,,57.63594584030854,160.23430884826723,264.4771215546362,98.31342265846973,neutral,5fbe11a944697678c497bf6e
70,11.63563829787234,6.016,4.480000000000004,0.0029601182760539352,0.013111071808669116,0.002459354347310366,3.449628415894744,3.561014432134933,0.6666666666666666,5.289887597513877,0.11947501180942975,0.35041275897122487,,53.811419247431765,272.48176908212173,516.1193410310109,93.95513087739789,neutral,5f902e21f8fac448cc0a7da7
45,8.505510862246163,5.2906875,2.8800000000000026,0.007695353158547726,0.04299134404078934,0.009954963810286932,3.7236364505310386,2.6229878268997404,0.1893939393939394,4.63676350282213,2.1086727473018008,6.721760960839894,,45.128256806273434,176.00689136650882,446.0667112435306,96.29251385096694,neutral,5fba3f1d44697678c497b451
90,10.817307692307692,8.32,5.760000000000005,0.003143677980441307,0.01697517764685155,0.0031824421218541905,3.5419555438720454,3.1336247460135573,0.3610108303249097,5.817899747296021,0.24070737459752503,1.1192166235759446,,60.17049968590858,262.50318563807355,375.1339793817017,73.5353508319656,neutral,5f97f3c7f8fac448cc0a837f
78,13.642624456153392,5.717375,4.992000000000004,0.026487365110663873,0.17280916786044745,0.04545890091025383,3.5596400170489546,2.046990035850291,0.3508771929824561,4.276410745651539,25.915868032556006,191.23742873698157,,29.827688444393747,85.31908045331417,90.49249582586248,25.961005271443316,neutral,5fba173a44697678c497b2e2
39,14.508928571428571,2.688,2.496000000000002,0.02415063825851451,0.14884037640895859,0.03661685366392814,3.6839249857465135,2.4455981941281744,0.37453183520599254,3.4789189357225863,2.4234734750683664,14.429231644349729,,41.654202004634065,140.37366069149135,147.40900892134297,53.04689658505413,neutral,5f85a211d338b948c4e695ac
45,12.408016957623175,3.6266875,2.8800000000000026,0.0004347595145870589,0.0029952254067613705,0.0006247172431909675,3.702922276447403,1.8591244847419024,0.2770083102493075,3.6348678941520056,0.002460289464300812,0.018401675495638734,,66.26717901379936,839.9471020450262,1852.1172968808687,536.3116185103044,neutral,5fbc720b44697678c497b981
50,13.469827586206895,3.712,3.200000000000003,0.017941256533942407,0.09485383144831114,0.02113024660863182,3.300047195656768,2.5384078190806516,0.5405405405405405,4.347526117785904,2.0571894279859415,14.07852829014458,,43.7417008369209,216.21938563511813,201.03004824258105,44.836382724508454,neutral,5f5f7216b878131628349b44
99,15.165441176470589,6.528,6.336000000000006,0.0024103760422886505,0.014889005406440746,0.0028392859541599854,4.044359867556513,3.334139355338046,0.9216589861751152,5.375692239363154,0.16846071495996992,0.6176009052440573,,68.61304038345598,204.58117495490418,508.6529875251481,105.25524836719397,neutral,5fb8b0e74c55eb78bd7cdda9
71,14.59703947368421,4.864,4.544000000000004,0.0164388528116911,0.12192931099056648,0.028664412033566677,4.188358524973195,2.9290139962250183,0.20618556701030927,4.397578090730196,10.43093001044097,32.373717140076515,,61.20579823134248,98.57842384158008,75.9494931391844,23.1918727758371,neutral,5fbcaa3e4c55eb78bd7ce994
51,12.073863636363635,4.224,3.264000000000003,0.021018049770114643,0.14896328300805142,0.03340536741569407,3.978859782564076,3.229014223265637,0.9501187648456058,4.774343813353658,13.281679974074645,43.6794143078541,,36.25396881418557,98.02200663806792,86.94104231296191,33.06607881395825,neutral,5fbb5348576e9378b67acab6
180,15.340854613442422,11.733375,11.52000000000001,0.0011036764852157192,0.0077156169267441725,0.0012417428037414058,3.775209978548523,2.9200007879373024,0.25597269624573377,5.851663175147166,0.0956858980344259,0.31201563564266627,,69.2940849314238,136.0069200117086,195.0,56.092785106628455,neutral,5f5c53963bd6941613f6d14f
72,14.933499261102902,4.821375,4.608000000000004,0.043601488237376806,0.29804149653391726,0.058842273474595086,3.8807590091844006,2.9933929664341177,0.20790020790020788,4.644181221687972,26.20288081008121,114.27709934779473,,43.31562639029168,172.54566222119786,255.0975474696782,89.76136796504902,neutral,5fbc48ddcb503578af9ee600
40,11.029348406776156,3.6266875,2.5600000000000023,0.04624576413650621,0.19674153767445682,0.04438628351512081,3.347951513339122,3.773855538394223,2.4930747922437675,4.634247821400374,7.58231716597564,27.387564151934615,,49.490485175509946,137.59389534041662,151.6568195491987,38.24850140330416,neutral,5fbdd9864c55eb78bd7cec81
29,10.620036163054175,2.7306875,1.8560000000000016,0.009910919857969784,0.044631271491223236,0.009932292045786531,3.370815483809182,2.3734734319159587,0.3676470588235294,3.780188050253705,0.12423874782696721,1.3652453263495599,,34.016324096814536,175.40637580598408,128.58121746597678,29.428720363693202,neutral,5f6037522e23c7161accd2b4
61,10.512370345637258,5.8026875,3.9040000000000035,0.003634877713977159,0.01569974301952518,0.0031863072114451225,3.6049775702719877,3.7812802610155867,1.8998272884283247,5.400393112627337,0.16555128135976632,0.5102444749293225,,48.6239690336292,273.7314727154774,539.5728771280257,85.48460872688467,neutral,5f794dd69e04b149046cc1ae
76,11.418269230769232,6.656,4.864000000000004,0.08930786879820951,0.3949549379482746,0.10075493881613722,2.46610176714262,2.1745822635754126,1.355421686746988,4.566465260046201,62.6826371955433,871.896345889244,,23.238812872042022,102.83333375240508,81.76537262479707,21.82113641714321,neutral,5fb9ea684c55eb78bd7ce0bb
31,10.379391884822232,2.9866875,1.9840000000000018,0.00802401881273418,0.03983732545426958,0.007283330848697878,3.5942726171949193,3.735517595178119,2.02020202020202,4.36455044172826,0.1464438526238635,0.38405767809841035,,15.992318088270965,292.30675926750024,160.7823193805459,50.64940573259275,neutral,5fbce0f4cb503578af9ee9dc
47,9.103785576795032,5.1626875,3.0080000000000027,0.02532375973613613,0.20880327191324052,0.035365625686537415,4.271600038364452,4.122652910311855,0.7766990291262136,5.46578880088814,27.243065427396328,48.96830608090554,,65.89838531731438,155.50323837518235,245.98499165172495,78.1370620698598,neutral,5f6368d53bd6941613f6d717
86,15.746950172804468,5.461375,5.504000000000005,0.010970209523049352,0.052832752307221564,0.013457017600438603,3.4862931256781113,2.909827448251099,0.18348623853211007,4.876949453760265,1.9003012103827936,9.6337736666612,,25.391579450386576,98.93346979909944,64.91274915471887,17.761815349371844,neutral,5fba1d5644697678c497b32b
60,11.917323567748742,5.0346875,3.8400000000000034,0.000573627172475634,0.0022799648280585226,0.0006086165531070679,3.3453946864330435,2.5611831260669486,0.199203187250996,4.584136445471575,0.00424384166466181,0.01952178662261812,,30.750159197393806,123.55469233268741,114.79643388432211,19.922289239857903,neutral,5fb4943d576e9378b67abf56
59,6.314212328767123,9.344,3.7760000000000034,0.002696127190711661,0.0112611871410052,0.0026932462574107046,3.2921744699155084,2.9408823119653484,2.1436227224008575,5.685538762082583,0.20556273661109492,1.0116011161127256,,45.76849270247742,238.9513716465172,267.8480544583044,65.06839868283892,neutral,5f8c28b4f8fac448cc0a761b
144,13.83193953329211,10.4106875,9.216000000000008,0.0009816750726563115,0.004738724675268758,0.0008697711077342189,3.66990714861153,2.5236715850809337,0.5769230769230769,5.34258180508381,0.0322752290532641,0.15789419004545696,,53.48942320816433,137.14029478789627,200.7004128616938,45.95708581752272,neutral,5f5efd0e2e23c7161accd1b2
53,10.265970969577376,5.1626875,3.392000000000003,0.001771740592110012,0.007983924315023278,0.0020387785014673522,3.1476110874510836,3.3736019898475265,1.7475728155339805,5.051942041335135,0.03977997715159797,0.1665036766012506,,34.34169195949179,256.6762143362458,217.5583234836185,50.21194618962656,neutral,5f6a12ff111dfd48d40fce9c
78,10.946792274090837,7.125375,4.992000000000004,0.0014121375492741402,0.011762798539931504,0.0019074347432773118,3.351296897636153,2.796324671047683,1.1251758087201125,5.170983735300663,0.03723766855454227,0.2056249352363331,,52.71462151581791,337.00660926688425,1537.7630784375838,406.48918497099345,neutral,5f654203111dfd48d40fc9df
32,12.294983550656774,2.6026875,2.048000000000002,0.018668050246795565,0.0838402848637117,0.019624498975506163,3.321380505951479,2.559188119554034,0.3861003861003861,3.920419614764654,0.4955845375453292,3.2209801499025468,,36.580941529751875,162.90626955739845,215.2753675911423,58.623716351982026,neutral,5f697d45f8fac448cc0a5c48
101,15.676687717664407,6.4426875,6.464000000000006,0.005621293122447986,0.035637004349878744,0.0084718945860965,2.4698727322379583,2.045564760204407,0.3110419906687403,4.84666975295693,0.7214222254762759,7.25828869510013,,24.151115236930565,83.22143538058509,54.9011051661721,14.39076040072964,neutral,5fbca403cb503578af9ee844
61,13.116340326027066,4.6506875,3.9040000000000035,0.005124336560196983,0.03220796528776625,0.00717435422993761,3.8924436723985236,2.7790756763970705,0.21551724137931036,4.586697276939806,0.2607797759153451,1.6763034486222161,,39.310257196303525,104.1088132839488,97.84637702113662,31.5689897301261,neutral,5fbc87d044697678c497ba09
79,13.514958407287814,5.845375,5.0560000000000045,0.021909995114544098,0.16722031293836007,0.034711634736242905,4.048290004238446,3.0156852260609184,0.17152658662092624,4.8324101926228265,10.589523000142533,40.71409958413877,,56.11616459950203,183.05381965136922,437.2868910409198,129.21034138118003,neutral,5fba3211cb503578af9ee10b
79,15.559221054186464,5.077375,5.0560000000000045,0.02920203309036093,0.21908654910219683,0.0445890044883985,2.656104326562954,2.1952904348759055,1.185770750988142,4.483944479886049,22.858706257694315,153.01622942944468,,63.018762824724355,180.20701744164703,272.17828420926253,101.35821336741111,neutral,5f637f66b878131628349ef8
67,13.0859375,5.12,4.288000000000004,0.03498603215305974,0.31100478688515565,0.06884072302746887,2.8061103353366623,1.6046257032090405,0.19569471624266144,3.934300920522093,18.987355201840504,256.18116808576866,,63.83243229179763,138.90486713469718,198.02105447849988,60.8365242807934,neutral,5fbdf56744697678c497beb2
90,10.817307692307692,8.32,5.760000000000005,0.002919294286157861,0.01246429071016832,0.0029583662875626764,3.7531552238936747,3.041938186353385,2.045728038507822,5.5098600833142095,0.2331403409776229,1.0381531654492047,,45.55371782934711,248.58678359407472,282.05836208420885,57.300270127911205,neutral,5f65ed1b111dfd48d40fca9b
115,15.76206140350877,7.296,7.3600000000000065,0.00555048042637684,0.07221464447750908,0.008341790250922975,6.26691020803146,6.04759269518193,0.41208791208791207,6.388314263769448,2.284273952372879,3.3517441187024573,,10.398490172224141,65.73964109025016,16.894868243166755,2.4184939337858595,neutral,5fb38b5f48cdda3a922e4fbf
102,15.523489741370291,6.5706875,6.528000000000006,0.020839444026844185,0.2705981095544317,0.034664621879435815,3.5123236623953664,2.1119804578172836,0.1524390243902439,4.539250455057898,14.488894993325356,77.1141080373064,,27.858211773825207,98.56251237578718,138.99186545315516,45.90672434676593,neutral,5fbcc473576e9378b67ad05b
74,12.300531914893616,6.016,4.736000000000004,0.002115429044182847,0.011019756109918866,0.0020903778049919833,3.861847279326948,4.061717309277219,1.8333333333333333,5.374811699559495,0.049426736877864925,0.13318175134959465,,38.024438464561364,297.36179022029563,1211.5632007980776,264.1431605019063,neutral,5f789cddd338b948c4e68cd5
165,14.593133488477504,11.3066875,10.56000000000001,0.0009448625995152058,0.006016330319615292,0.0011269712053151202,3.167854203504952,1.9650575464523172,0.35429583702391493,5.340650892334331,0.04324620674476431,0.3416582940434961,,56.15484750264568,171.52206790376374,335.8617152219004,63.26065795417974,neutral,5f61f28c3bd6941613f6d575
66,12.374903321067803,5.333375,4.224000000000004,0.0008582893565759732,0.005932924737477194,0.0011681168409318887,4.050508860540524,3.624645699481472,0.18796992481203006,5.123233157950617,0.01652916649685478,0.049802665458652,,35.59712820168683,155.1295400533454,199.15011419024353,65.86513672730325,neutral,5fbb364244697678c497b5ad
26,12.965156142866048,2.005375,1.6640000000000001,0.014372759792162697,0.22444801946913537,0.02384786699209415,8.169660667001702,8.508078224160943,2.0100502512562812,5.471413283418476,4.557131556411609,3.202257163926082,,30.16927454958303,134.59344376457102,103.2558335271788,30.273195426104856,neutral,5f66a160111dfd48d40fcb32
88,8.814102564102564,9.984,5.632000000000005,0.0024730165997663843,0.01304151568713397,0.0027109292884221433,3.367618216971548,2.959266760294771,1.6048144433299898,5.677969005295116,0.20931348988629853,0.8795137698278046,,37.7347044493474,238.33866888286693,236.04415531236165,37.992415917510264,neutral,5f6083e82e23c7161accd2e8
63,14.1975830305079,4.437375,4.032000000000004,0.01946157345874592,0.09680123952002795,0.022170027604830722,3.8700124453585416,3.9694868663630434,1.8099547511312217,5.034791906357654,6.943449336358368,14.483563924946704,,56.98881374828399,192.973267636589,333.66536961409616,83.36155080356444,neutral,5f673bb8f8fac448cc0a5a2d
54,12.656188202206044,4.2666875,3.456000000000003,0.04026702782632317,0.17975601068585387,0.0448993145629982,3.473439071130138,2.4904007289694157,0.23529411764705882,4.60741894180282,13.447342531016558,92.23175270865833,,30.64051115577729,118.90763005929746,158.74337368352585,37.322974923316416,neutral,5f98c3be111dfd48d40ff6fe
71,11.63672123087009,6.101375,4.544000000000004,0.002261390737854286,0.00813026524423975,0.0022560242183109823,3.4371465641054075,3.0978571305581317,1.6420361247947455,5.220210991461339,0.05018586626751894,0.271581792667386,,46.61420507295325,217.79675558729556,515.318514167716,93.88457894414292,neutral,5f90da40111dfd48d40ff03d
69,12.159259871138278,5.6746875,4.416000000000004,0.02846128220987947,0.24364935350856864,0.05264597316460672,2.3281869282231087,1.7156614423640109,0.7067137809187279,4.228700994227848,21.544600528721432,252.23347122035838,,55.10728193437414,126.2007996073688,228.53074524959408,75.87042145001898,neutral,5fbc70fe4c55eb78bd7ce7fd
70,15.624999999999998,4.48,4.480000000000004,0.0015173135124593535,0.0076272066923336245,0.0019605165122600424,3.4220191688232577,2.034444586127805,0.2237136465324385,4.012431855796436,0.04022427236638525,0.23388762571798433,,46.71251600787222,103.50238340647603,99.73856077731807,33.009581424279816,neutral,5fbcca454c55eb78bd7cea55
56,11.824324324324325,4.736,3.584000000000003,0.001998660106884302,0.007918727323851876,0.001961718354172057,2.538934067454837,1.9153585627551517,1.2711864406779663,4.1718840062734,0.009347715984931596,0.1591744574544483,,54.074447496427695,245.23078046509752,211.694282254684,64.30669178625128,neutral,5fbccb524c55eb78bd7cea5b
122,13.813405797101447,8.832,7.808000000000007,0.08818110417897361,0.3603276100388759,0.08745954097427923,3.580289554734195,3.332101709798359,0.9070294784580498,5.746838549456709,199.70932717287482,904.435057495878,,37.77219799968029,237.30594674344422,278.0720568009525,73.18765651941212,neutral,5f5c2f2354b236162128479c
74,15.081457704408523,4.9066875,4.736000000000004,0.04390229533795228,0.2910978187371926,0.0635244267890672,3.4417067644785035,2.94416770657146,0.40899795501022496,4.642991723945047,49.05490029367604,223.81765406389852,,48.712115477410194,115.30027721689486,141.36213675586595,41.61501174285076,neutral,5fb4bbc44c55eb78bd7cda64
36,13.608656617681802,2.645375,2.304000000000002,0.01899388118431177,0.1144886606940462,0.027976735056635508,3.2720327996337386,2.827196942618017,0.3802281368821293,4.1125689975697854,3.300198969937256,12.955711716111864,,48.017578875840464,136.32613666898652,280.0594530080277,74.47319962658233,neutral,5f9a18e09e04b149046ce418
60,11.07279207372634,5.4186875,3.8400000000000034,0.0014076783051532918,0.010541620775693183,0.0020379330394940565,2.9230565210032733,2.2693040465630205,0.18518518518518517,4.679910804575333,0.048572678791577076,0.33345332478908424,,39.654745825562365,190.04663295114094,268.30546129938955,88.36163845766771,neutral,5f696a32d338b948c4e68444
41,5.719866071428571,7.168,2.6240000000000023,0.010309285544763206,0.03693010776683354,0.0040240091250988335,3.899361332870472,3.3789930348520625,0.2797202797202797,5.626793769103417,0.5070587841272475,1.7812906109710445,,10.054270239173675,101.90388575113276,40.76593264444503,10.80364733682957,neutral,5fb4bc014c55eb78bd7cda67
64,12.820512820512821,4.992,4.096000000000004,0.00574500042508697,0.08552686257422648,0.013061896499177793,3.2543512001962265,2.6479750478788016,0.2008032128514056,4.699995301892581,1.0761807943001682,8.32938972982376,,41.50798610697763,662.0932526542217,688.8059680405461,203.99358600911015,neutral,5fbb5e1744697678c497b6e4
100,15.024038461538462,6.656,6.400000000000006,0.044367159695706836,0.2529535104440025,0.06032793246556165,4.018312288392487,2.853988458405709,0.4518072289156626,4.917993138532511,98.03032070206812,320.50381608988266,,40.74919187384451,169.47884223276876,309.1227308028132,99.76808735698336,neutral,5fbe1096576e9378b67ad38e
89,13.63357843137255,6.528,5.696000000000005,0.0025494775358413093,0.012164005796961799,0.0027663226043783957,3.359762488724181,3.116915335257263,2.1505376344086025,4.999512776372644,0.0672512840767638,0.3984916398749529,,51.397886932215506,212.43446809219304,282.05836208420885,81.72761703348253,neutral,5f6495d09e04b149046cb4b5
58,15.273708812008294,3.797375,3.7120000000000033,0.015640569152143544,0.07483434517355723,0.017277650715257217,3.572447694739379,2.8195740385640193,1.0582010582010581,4.574519250181048,1.5745181394327035,7.993296072158187,,50.68673979032426,208.29922906945797,281.102902497886,79.36680044114628,neutral,5fb3867d75b0a9389bf3977e
69,8.556547619047619,8.064,4.416000000000004,0.011951009792308462,0.035121358629653515,0.00537027080095283,4.042136900606204,3.3277910068961174,0.24844720496894407,5.647412377627953,0.9929250357113678,3.5536607397467135,,35.507440860775745,105.47457161378705,102.82780192079073,18.26712445431658,neutral,5fb4be9c576e9378b67ac052
70,11.975279601394265,5.845375,4.480000000000004,0.0012801858231821991,0.005725777567507116,0.0013994628112696515,2.707145429108775,2.107940288934003,2.229845626072041,4.530932462823621,0.011551998460005977,0.12524364599270943,,53.997436909753425,261.9414658916268,361.7833625185881,79.4186932093396,neutral,5f5b41af54b236162128468a
65,8.279529659026677,7.8506875,4.160000000000004,0.0019214199979766776,0.01002840108214915,0.002388470400608928,2.9063258048936023,2.4033965964825117,1.0204081632653061,5.164945871984963,0.0785520579137635,0.6610901217846565,,26.2537047297888,256.536821419753,223.6485348922993,51.98087578370123,neutral,5f5f321154b23616212849e1
110,13.358126826306403,8.2346875,7.040000000000006,0.0012679290742680861,0.008290138112798495,0.0014037087342059482,2.7057555115495715,1.6552093295225019,0.48661800486618,4.686728933999953,0.01590377378666031,0.22925835648269902,,56.671559739630275,139.62156519531746,199.54471994669842,58.64566721798385,neutral,5f901bd2111dfd48d40fefa0
103,12.639006058746837,8.149375,6.592000000000006,0.031208664618885783,0.18522454928655638,0.04033351588880062,3.105961704279948,1.8651276156321854,0.49200492004920043,4.643374584275591,17.10770823101467,199.35732005150746,,56.31119197293207,216.62141526252748,425.8146425944806,94.00059931212034,neutral,5f69ead6111dfd48d40fce61
37,11.117788461538462,3.328,2.368000000000002,0.059612518132425706,0.2330257498116941,0.05940932327011876,4.512872726714074,4.080781790040178,0.3021148036253776,4.749626558289704,25.413058587999267,56.38019910579954,,41.43028148780375,187.11340715122287,306.96794243316714,72.28476416932251,neutral,5fb38e29e3dcec421f83590a
86,15.746950172804468,5.461375,5.504000000000005,0.07521412551968966,0.40604608359516225,0.0970574301732513,2.112588820167951,1.3517129408425783,0.18348623853211007,4.011497480195073,41.88812674477874,884.5431645594974,,50.06773904069423,189.64750624879005,284.95480601705475,90.81689417879299,neutral,5f60b561b878131628349c53
60,14.497349703257374,4.1386875,3.8400000000000034,0.020844729652722542,0.12097433539935916,0.02698194680161621,3.9757702189670887,3.545557347187501,0.4854368932038835,4.605768747148307,6.0875816976352075,20.018762172735226,,50.74360082712247,175.276732549784,205.72815965904965,75.57613890148733,neutral,5f922e1df8fac448cc0a7f09
52,10.785305021907652,4.821375,3.328000000000003,0.0012899026134537094,0.004767943442290955,0.0013181426375951937,3.375083586545166,3.2230553322543996,1.4553014553014552,4.727288385225273,0.014282479546984814,0.062409032843419636,,56.302348326542656,273.8205384529199,399.1502277750061,89.86259578330878,neutral,5f5b41852e23c7161acccec4
57,15.355603448275861,3.712,3.6480000000000032,0.03641660422234295,0.27071134682030623,0.06571620128301495,3.7783820311513905,3.057379318943881,0.27027027027027023,4.294784567871089,72.62437048984441,143.64958348965283,,62.064925606747664,116.91756457199179,138.99186545315516,53.118481007279364,neutral,5fbb58a7576e9378b67acb00
46,9.80104935147948,4.693375,2.9440000000000026,0.012198938559013819,0.03395947663566246,0.005659878841520415,4.926758090112664,4.104902865665314,0.2136752136752137,5.133266992819692,0.40586679678007814,0.8723160646626476,,31.19912382556405,108.1978257446542,91.55480535299704,22.280317107821286,neutral,5fb4bb2dcb503578af9ed93e
109,14.433262711864408,7.552,6.976000000000006,0.0018966616017204068,0.008505582823992422,0.0019279954091427896,2.637683139316149,2.14810564232961,1.8567639257294433,4.880514870821022,0.046632974817285414,0.5480072229609909,,58.83351117284212,169.10951412661765,221.82649376257405,60.03995353326295,neutral,5f8bc6b89e04b149046cd32a
90,13.101628605222455,6.869375,5.760000000000005,0.047236025405805876,0.3916122624728781,0.08166716792706591,3.5612658219364532,2.344871067001123,0.145985401459854,4.717130491978063,123.75877316470192,825.7046308288825,,41.28540766539831,194.67702265105314,235.391701186791,78.03971869523797,neutral,5fbb8a2c4c55eb78bd7ce6b8
42,14.69205710662673,2.8586875,2.6880000000000024,0.017173096886997165,0.08240343228645065,0.020851821890385615,3.921870780533722,3.5109329413879884,0.35211267605633806,4.4294246004342215,1.8175824495412034,8.051333605344672,,42.49806772011152,161.3334587021844,195.56879166181025,76.92827059305884,happiness,5fba3b174c55eb78bd7ce2b4
72,10.748374215098107,6.6986875,4.608000000000004,0.0021216715230918145,0.009796506191973314,0.0020040116025586137,3.327220228038052,3.035268889855884,0.7485029940119761,5.31150521624025,0.07431339993750413,0.29169222483867296,,35.63937536801953,256.2055700802335,204.62863869800566,46.2932533962583,neutral,5f8ed686f8fac448cc0a7b2a
57,13.359309768995269,4.2666875,3.6480000000000032,0.03350336735124301,0.20636523514171493,0.03919041426723437,2.608852488102489,2.0191633443111727,0.47058823529411764,4.2367382170025625,6.9618432013661975,72.13853427418272,,30.806662281603373,101.94473887616324,86.94104231296191,24.4907175018965,happiness,5fbdd3a8576e9378b67ad27d
58,14.775658376588225,3.925375,3.7120000000000033,0.011385775737408184,0.0624994495223778,0.015710054635412918,3.9105313169215266,2.8712663768523563,0.2557544757033248,4.652201587706861,2.4451796528887475,9.819559478833055,,62.845484671912125,176.68699854625453,245.98499165172495,91.69968591092001,happiness,5fb4b3074c55eb78bd7cd9f3
58,12.029763293666226,4.821375,3.7120000000000033,0.02092979412201623,0.1341505448625902,0.026153447559202757,3.55483349995964,2.9751040567183544,0.20790020790020788,4.817218891862189,6.974656377774865,37.87499375683227,,39.3473985599747,115.0673544716155,144.96928336801093,34.699481502494656,neutral,5fb9cc7644697678c497b143
28,10.096002163429034,2.773375,1.7920000000000016,0.0593787087609476,0.4264090604803306,0.07720714923433782,4.143662854442763,4.136307403820726,0.3623188405797101,4.624250716024458,54.020560707194775,82.45706034507901,,21.647684679857722,136.76443204615066,147.40900892134297,67.56906520598731,happiness,5fbdba724c55eb78bd7ceb9a
105,12.004544577590087,8.7466875,6.720000000000006,0.001956336400856733,0.011313521716809395,0.0020607232430281705,3.445935740737636,2.9825651425111444,1.0309278350515463,5.775245366537177,0.10397495135738664,0.4057911593534425,,46.76994968923767,254.40000505643275,625.2954453368837,104.52296533403023,neutral,5f8cd1f99e04b149046cd56e
53,13.075523483516822,4.053375,3.392000000000003,0.030402922566470036,0.16090121340286204,0.03088303669914884,4.760512661872335,3.598817823155225,0.9900990099009901,4.812591349252043,8.742502215581009,31.560849967131087,,64.34121402084816,187.14746935941872,223.48806273763967,80.04247919504266,happiness,5f6bd403d338b948c4e686b0
45,9.856802562768666,4.565375,2.8800000000000026,0.002189285223477295,0.009984774477674489,0.002462411622738548,3.4658890165021883,3.0858751124716184,0.21978021978021978,4.866078072309633,0.07593353281644624,0.2391265573758376,,44.77555299263941,237.45482317770805,176.6599420282376,43.749677739219834,happiness,5f846eaa111dfd48d40fdda7
48,14.80253647630245,3.2426875,3.0720000000000027,0.044946842432579404,0.20864451308314827,0.04371593087399976,3.7748439742422564,3.2788836970514135,1.238390092879257,4.446498184293588,3.901247314481784,24.81321533744143,,51.90346545812234,261.29678261871317,367.24370599424964,114.68705150841377,happiness,5fbb8c6c4c55eb78bd7ce6c9
80,14.763722764968454,5.4186875,5.1200000000000045,0.027375471343058844,0.1463095621620726,0.025638059704722303,4.150116685051671,4.089081257203623,2.5925925925925926,5.31301926712433,6.3668331620646645,19.56886750154036,,66.95535913138292,212.08447003786142,267.837914458896,76.26906366582662,happiness,5f6be9589e04b149046cbb79
35,14.143199898977144,2.4746875,2.240000000000002,0.023038041409610986,0.14812681266780034,0.03737099286271995,3.3038933397131816,2.5381581234684414,1.6260162601626016,3.7454308060141552,3.023458741895855,23.18005433573466,,48.17148942156665,123.70035069653775,161.34314645699226,54.41294678265591,happiness,5f85c4c1111dfd48d40fdfbd
97,13.532366071428571,7.168,6.2080000000000055,0.0017854067239276071,0.007049596903539833,0.0016659177312490275,3.465580367401911,3.662011320376514,1.1188811188811187,5.6401140978091595,0.057235135607750946,0.19785273038727486,,46.87468997913354,214.43037491850149,546.2849112674766,80.0678782988102,happiness,5f789136f8fac448cc0a641d
84,12.701532878447088,6.613375,5.376000000000005,0.0012001243810237248,0.006085231589477629,0.0011864417205871367,2.804201068617105,2.1927578215461505,0.606060606060606,4.69520336673651,0.010459029213880195,0.115477747443187,,62.466807023188935,222.90346049489705,497.66179257006297,115.12316638104873,happiness,5f6012f1b878131628349ba9
60,15.453213785554466,3.8826875,3.8400000000000034,0.029318859888906444,0.18427295891580123,0.03214253084442015,3.1418908641915184,3.3492447669252816,2.0671834625322996,4.67118358708618,4.680600498210398,18.33393606404895,,55.613075149681904,147.56561623622235,198.02105447849988,56.018307240429586,happiness,5f6384a154b2361621284dac
100,13.392819774498397,7.4666875,6.400000000000006,0.0004397672485767106,0.0028445724750172435,0.0006335907182811854,2.697333569008204,1.6905833964018597,0.40268456375838924,4.605292463712762,0.004100473481508552,0.05949917236764424,,33.671186098555516,232.31443468313756,239.5285748358484,56.770283301802294,happiness,5fbdd2534c55eb78bd7cec35
88,13.75,6.4,5.632000000000005,0.09029210036852602,0.41361762735513447,0.10282364058923549,3.475961357622505,2.5552020639130637,0.6259780907668231,4.982740905817213,106.82490398850446,627.5769279026865,,36.36684764207469,125.69794784701989,126.43371755306833,35.84895631883958,happiness,5fb9e0f344697678c497b19d
23,9.457236842105264,2.432,1.4720000000000013,0.008228048476936044,0.034728512066730895,0.008117086415095984,3.1882854562275376,3.4706149231262367,2.066115702479339,4.072878535739575,0.14031253760981463,0.47467058940341467,,35.039554129846195,307.9569667143085,181.7121154135504,59.30594292426176,happiness,5fbb69f144697678c497b742
56,14.914689970869745,3.7546875,3.584000000000003,0.014857813401052373,0.1580744508042248,0.02709944125687074,2.6030450174466937,1.7902599818263554,0.267379679144385,3.9170410585683983,1.9632164126407017,22.25975733742189,,44.02048467612197,188.15180870959267,352.5198985689557,131.6010079740106,happiness,5fbdb25544697678c497bcd8
87,13.503681499374292,6.4426875,5.568000000000005,0.0004697983872457257,0.0034857917390060614,0.000705853920290072,3.8875222750759453,2.2938345909758415,0.15552099533437014,4.853253291513773,0.0079519759990497,0.05103669840996368,,40.82247249497117,143.3875795391641,223.48806273763967,78.78898417159222,happiness,5fb86c6744697678c497ad00
89,12.270150102538473,7.253375,5.696000000000005,0.0032512232197353793,0.018881090500234794,0.003916458184360372,3.1900132016132225,2.77583732473142,0.6906077348066298,5.3118899350854,0.2833468482438209,1.6274061270257338,,48.77309737291238,411.9273168248151,1538.8992584242583,417.6873702718597,happiness,5f851985111dfd48d40fde07
70,14.648373638159013,4.7786875,4.480000000000004,0.02000300384394921,0.144545338070865,0.027098727811557383,4.380241366218479,3.591532318786005,0.21008403361344538,5.159880664571209,6.881786278299392,30.524450841844466,,50.512640681967284,206.74693431278956,369.74766831002495,124.11379572699906,happiness,5f425a499dd513131eaceff8
28,10.758110606824676,2.6026875,1.7920000000000016,0.022597685189573318,0.1878242575774768,0.03532499241868514,4.028839990021924,3.26124521275865,1.1583011583011582,4.3538455126185305,6.459313087174197,21.987991399457865,,27.402837943245025,148.97714422230143,160.20696647031764,54.853417096736926,happiness,5f9a2728d338b948c4e6b093
38,9.576612903225806,3.968,2.432000000000002,0.000990700640033186,0.005402272713960733,0.001366480319309308,3.180178253009677,2.4502900596034127,0.2531645569620253,4.269123760538466,0.011019255078948222,0.07161844667880829,,22.744332700672487,94.6106728814306,86.06592630451914,34.96437369510309,happiness,5fba3d05576e9378b67ac887
26,9.989674134908627,2.6026875,1.6640000000000015,0.03629446750761472,0.25706000054823686,0.06179030560312166,2.8126920810455656,2.0126482743899365,0.3861003861003861,3.7183807138316123,10.661933625075964,85.52221980052623,,25.10729336294576,91.377560326609,66.51052723924994,21.33005578686022,happiness,5fbc7cf544697678c497b9a5
18,6.4902871050615225,2.773375,1.152000000000001,0.005582881568791482,0.03178904225712781,0.007761292130688412,3.2210199109151367,2.844257137470832,0.3623188405797101,3.8518198074110908,0.13882285811831974,0.8905698271708071,,9.239210030723259,143.82872430677446,125.2504617475638,40.43904926165418,happiness,5fbe28b644697678c497bfec
39,12.02706088699574,3.2426875,2.496000000000002,0.04580835517730402,0.2673228730856942,0.06643943709926729,3.1775289505100215,2.2902082552874012,0.30959752321981426,3.9299696399150372,21.279309737116645,117.28354859396356,,26.878936242747187,114.45623954953098,115.68936857950385,30.421821199832877,happiness,5fb33e430fb0f33aa31ca1aa
146,15.276161079794399,9.557375,9.344000000000008,0.00042425298805593326,0.002512270985599514,0.0006633288434423228,3.0721640819265934,1.5774710968798569,0.10482180293501048,4.3690687698914,0.012119956387481503,0.14015998440448837,,35.03636266741351,119.19944880144973,247.7865093813503,74.3593746876024,happiness,5fb8748444697678c497ad44
101,11.272321428571427,8.96,6.464000000000006,0.0020641879166698562,0.009519775780063905,0.0020006569593204724,3.389640871206522,2.9379289711904555,1.5642458100558658,5.644731413884801,0.11268506326010981,0.48029352768201566,,45.15089459922275,224.06118954329062,228.33359994500915,47.191875522392884,happiness,5f789591111dfd48d40fd629
249,13.76398768703511,18.0906875,15.936000000000014,0.0007038263552489925,0.004661000353575522,0.000815387308195116,3.007140146985405,2.0196145088606454,0.11061946902654866,6.123057186184189,0.05413720243313146,0.48176560127373214,,58.62199178600441,141.24512296189954,221.82649376257405,56.57974422577364,happiness,5f6307bab878131628349e94
69,14.062440291948487,4.9066875,4.416000000000004,0.026931079957893813,0.1235632513943067,0.02832899834510815,3.254881273822111,2.973841464648139,1.2269938650306749,5.072766970020251,6.83766299333001,35.821523810470254,,55.962062289619396,197.3746147049957,262.579472972667,76.76536522553432,happiness,5f5f68852e23c7161accd208
41,13.346354166666666,3.072,2.6240000000000023,0.024770321026489864,0.24346307091443095,0.04061286739304551,4.279187963199027,3.8869159238468467,0.32679738562091504,4.402035334300972,22.868430551370952,36.59881735066856,,44.73586438430184,125.18479960674362,125.822014228225,27.066684575057664,happiness,5fba03bc44697678c497b296
110,13.860887096774194,7.936,7.040000000000006,0.07983215918861122,0.4062065594307576,0.08929590161436893,2.991752280313869,2.8874866535817048,1.5151515151515151,5.300937649831733,217.92350430510274,952.6541416218479,,48.11669557023976,427.24196830509544,947.1462875372378,293.69249727308977,happiness,5f5b7710b878131628349855
78,14.282117598590098,5.461375,4.992000000000004,0.08648171053091375,0.3178576247110882,0.08698623089216484,3.3607901472768718,3.4562572576234794,1.1009174311926604,5.1527694714531185,79.98888163289209,254.2102958012019,,56.04153568940154,261.7826525037627,460.9766044722537,85.16701370254101,happiness,5f5e0e7c3bd6941613f6d264
47,10.106032710217574,4.6506875,3.0080000000000027,0.0014745709434938062,0.010881030720768795,0.001948388735260493,3.229183360920307,3.1656524707021796,2.370689655172414,4.921483415317682,0.03925466057826704,0.18552240490353653,,40.140788654100355,228.12539499747638,298.47218288654506,92.68475427098466,happiness,5fbcbfb644697678c497bbb4
72,13.946224713388135,5.1626875,4.608000000000004,0.0008430853758844656,0.003951156992111062,0.0009389337449536968,3.686075812312585,2.9270275462899433,1.5533980582524272,4.941392992716861,0.011089726841043254,0.052275589888801384,,49.1004903671733,153.7190842040084,249.5984631970161,72.21934550144746,happiness,5f8da3979e04b149046cd69f
41,4.348114270564062,9.429375,2.6240000000000023,0.0003181037732539438,0.0027602713427835215,0.0004742552188497945,3.268224128266745,1.6948297458374522,0.10626992561105207,4.568185983802928,0.00514976847453428,0.04289243179855247,,28.15274047661322,256.6447114170022,191.1310144879906,46.02637057082414,happiness,5fb9fa9dcb503578af9edfb4
47,15.514751392613988,3.029375,3.0080000000000027,0.038075407814894505,0.19526387608085455,0.042410969845161565,4.2805552429194895,3.716463542117116,3.6544850498338866,4.483959194930929,7.555232181954247,32.14360429969196,,60.43419400625925,300.244845322037,427.62914983533426,118.11451102525137,happiness,5f81d96b9e04b149046cc5a3
101,15.077580496179289,6.6986875,6.464000000000006,0.07029566972868932,0.35106465581436835,0.08087370100093376,3.022343702238861,2.133090334600607,0.14970059880239522,4.658570466396387,97.8906881590118,546.5166233443388,,52.72357884500974,186.04848905385273,492.91496993349585,89.19291342995228,happiness,5f64c3c3f8fac448cc0a57e1
90,10.54682350183837,8.533375,5.760000000000005,0.0023761526754227636,0.013481505585216722,0.0026541687100938064,3.05155344132908,2.4688247269778913,0.11737089201877934,5.187547738490359,0.1855296867562941,1.0044970748607303,,40.07151546938102,233.05563219839968,279.7973623235787,54.715328139459956,happiness,5f846d369e04b149046cc895
62,12.974273793797982,4.7786875,3.9680000000000035,0.024732844645872495,0.17455057657613693,0.03625179879834862,2.852154790761166,2.0519600092410615,0.42016806722689076,4.276159241985618,7.3169567957398645,62.52104193889667,,50.52548147356497,237.42950763468278,320.08536359450676,98.68151393715813,happiness,5f6f338b111dfd48d40fd2b8
59,13.425300433762356,4.3946875,3.7760000000000034,0.0191512018519041,0.139080633454305,0.027068534754230874,2.731000268267829,2.4341584791903803,0.9132420091324202,4.309743981370094,2.6564377726520765,24.297301602112725,,30.50999400246305,214.6723692776605,251.4209135543536,87.82693421122174,happiness,5f5cc49a2e23c7161accd03f
112,14.266266489399813,7.8506875,7.168000000000006,0.0014014793026957406,0.005723582099740228,0.001452417346849635,2.957793866714726,1.9088613889597388,0.6377551020408163,4.7646940995191684,0.01821291584356525,0.1896664939197406,,56.392405572281206,180.1991115481846,315.66228094586256,57.52504258364515,happiness,5f808495f8fac448cc0a666c
76,13.597226881359722,5.589375,4.864000000000004,0.02577289109880886,0.27021000540810264,0.04790106586491901,3.0763506620366554,2.5408257333629605,0.5385996409335727,4.804377524989537,27.345856407215642,152.58867862835325,,63.23878850803473,185.51303765281884,670.3910524340095,150.12952655796266,happiness,5fba3cd94c55eb78bd7ce2cb
100,14.118934373428166,7.0826875,6.400000000000006,0.001453710519757084,0.007206586920487874,0.0015212512505908265,3.5594470941011327,2.763848789864908,0.7072135785007072,5.199985797950827,0.03445390371992795,0.18951797350596047,,50.19824866500913,149.4964006637698,161.34314645699226,37.731301815457876,happiness,5f8e9f4e111dfd48d40fed10
81,10.48857667748436,7.7226875,5.184000000000005,0.001618728777769846,0.007506807773942527,0.0016651213891981035,3.6967354569184154,3.2939212291275726,0.1297016861219196,5.424143224533011,0.08424118358053108,0.27570855949994066,,52.37551508174522,267.87531168901575,479.1255731735349,87.61298049830391,happiness,5f8f822bf8fac448cc0a7c62
72,7.601351351351352,9.472,4.608000000000004,0.0010238865051612957,0.005688565901001739,0.0012030314188648807,3.2651877033023387,2.1110504427217056,0.4228329809725158,5.257487844600517,0.03305883178903319,0.260071903023167,,20.394517067787355,213.04030654506167,107.79965249411262,27.389130650992186,happiness,5f83c3a7111dfd48d40fdc51
99,11.838299589695298,8.3626875,6.336000000000006,0.002974831388765746,0.01646937705767664,0.003106971896125979,3.979510401439647,3.147306865578527,0.11976047904191617,5.557678349829035,0.2746381035993435,1.0049307366680509,,58.25038817343426,281.67572115395416,804.992453209923,138.04088482486742,happiness,5f97ecf0d338b948c4e6ac6f
65,9.892419933226165,6.5706875,4.160000000000004,0.002588652530715281,0.011372277901708817,0.002665727285122166,3.4846002631267634,2.64577767939684,0.1524390243902439,4.931179110907582,0.1079478828374977,0.5118828379010613,,51.11089408189473,233.48181508983018,204.8138752584685,40.641463942464114,happiness,5f8acb4fd338b948c4e69df7
36,9.27192827133268,3.8826875,2.304000000000002,0.0037897743769093276,0.01864344389734597,0.004809890154508833,3.259221518810897,3.434915004642422,2.842377260981912,4.4610369845059035,0.10454738211230351,0.45924121778437127,,51.80712895508282,246.3276192273239,304.8255647312932,97.66815031545784,happiness,5f851cfd9e04b149046cc8ff
66,14.87365841291304,4.437375,4.224000000000004,0.0021357368267168886,0.020895868079559815,0.0033108764202298144,3.1823641589579266,2.062941950581309,0.22624434389140272,4.01561611045467,0.0402312616726999,0.275271040101286,,64.09599837037734,162.7600499461799,329.0863072927035,95.32531089888255,happiness,5fbcdd084c55eb78bd7ceac0
44,13.75,3.2,2.8160000000000025,0.0065887427132573255,0.028217621323916295,0.0074319663863917735,3.476706756252248,2.7034050608147013,1.8808777429467085,3.9915157252167,0.16965139408401847,1.4850006833641753,,33.15759746319465,173.54882341831205,160.0395058615972,44.169170999008564,happiness,5f8255539e04b149046cc5c6
87,10.962701612903226,7.936,5.568000000000005,0.001686098988601884,0.009428091964269844,0.0017371186835900576,3.421365617778179,3.2655358514154607,1.5151515151515151,5.6128428639760495,0.10333448247832458,0.3073046571674547,,56.958273985685594,300.3810388244412,578.9298562418528,113.77593728170267,happiness,5f681b90d338b948c4e682ef
140,13.230794674605145,10.581375,8.960000000000008,0.0009012380272010067,0.006082013502385894,0.0013099719649865846,2.5863401754747333,1.9407450330109979,0.0946073793755913,5.309334240202791,0.03157244440470287,0.4179635037887044,,50.39593154366455,136.92915753669087,208.87386934825736,64.6012451381864,happiness,5f66fcec111dfd48d40fcbbb
55,12.160910962784849,4.5226875,3.520000000000003,0.0017080210838237599,0.018476137870516385,0.0030682571297190103,3.284829659247621,2.5488797189194767,0.22172949002217296,4.612120831408702,0.0747873902678488,0.5042223861690086,,53.10139677573216,207.13356900888155,362.27896358461095,134.24849832730123,happiness,5fb33bef0fb0f33aa31ca194
112,13.059701492537313,8.576,7.168000000000006,0.001081357473866708,0.011095073339633279,0.0011710227478455087,3.019721963707845,1.94476590834064,0.35046728971962615,4.735609222471811,0.01305011447377937,0.15130290671426522,,64.45937304820674,147.0477598055881,350.1151609054579,73.04520065974631,happiness,5f6d8e979e04b149046cbd1d
54,12.408088235294116,4.352,3.456000000000003,0.028266856490550833,0.11621123068791028,0.030871009160639992,2.9224910848166634,1.7907495432358198,0.2304147465437788,4.066189852693098,4.871402867129807,43.409052889001494,,48.60731321969459,235.49590208943536,276.9895201864233,64.65293861509025,happiness,5f635f5f3bd6941613f6d6f7
53,15.723795219817916,3.3706875,3.392000000000003,0.07904311276089383,0.36480936702047756,0.08580760333920712,3.9502309420631896,3.8656381800712873,1.1904761904761905,4.700851496338761,23.338612333996025,65.05079087830272,,72.45176456167903,300.09349733021423,469.7496958774558,157.0202927475675,happiness,5f900812111dfd48d40fef6e
60,13.266448323038016,4.5226875,3.8400000000000034,0.018395698224829754,0.0737802391319354,0.01804448409679423,3.107252606139202,2.813086832607967,0.6651884700665189,4.666827985407966,1.9038742036152252,12.312486474182526,,64.80738904516357,241.75104762511936,307.7400272547942,65.9794171381871,happiness,5f6a3b4b9e04b149046cba1c
66,10.176743827457933,6.485375,4.224000000000004,0.0018222701028215889,0.013390394508415405,0.002111105304437084,2.839501440779941,2.3562552633185976,1.0819165378670788,4.932449705743912,0.05479030974120998,0.3542198289195778,,37.05165440015703,249.63530030767498,284.95480601705475,57.86759648738701,happiness,5f70acee111dfd48d40fd40a
52,12.43610056500553,4.181375,3.328000000000003,0.027163665855549773,0.15299494342907002,0.038864518589041566,3.5667355601264448,2.597807111487393,0.23980815347721823,4.341113385691547,18.863201939491965,69.75632619162518,,51.24831434845139,106.62404200251598,157.45470667747657,36.233412446663095,happiness,5fba1d60576e9378b67ac7ac
99,13.894005578653754,7.125375,6.336000000000006,0.0024925213936423684,0.009823953181997701,0.0024962488848417697,3.3468360432475666,3.1986872509322004,0.14064697609001406,5.5367941998627686,0.12335495021258787,0.4603172447534791,,76.54815275688411,183.48629092158558,235.391701186791,65.85720658144626,happiness,5f681468111dfd48d40fcc7d
82,15.625,5.248,5.248000000000005,0.036986262913138446,0.16725418629845207,0.04518648770166848,3.261317159288488,2.269973228582577,0.19120458891013384,4.542653967783459,16.515934340946178,130.5378155139751,,53.59356111749413,120.61501165055677,130.90826859169485,39.10868307263759,happiness,5fb88870cb503578af9edb55
83,9.630236622455564,8.6186875,5.312000000000005,0.002421087632946018,0.01245140032016274,0.002601029835057769,3.2395569095535404,2.6507589492045165,0.23255813953488372,5.564821992908894,0.12202635009729397,0.7916285410441635,,30.847355510028258,271.1226833766508,422.0499974979922,68.62526582893013,happiness,5f8d762d9e04b149046cd63b
104,13.928532565478333,7.4666875,6.656000000000006,0.001590530617984146,0.012353655782113011,0.0018683091211624042,3.313032039835185,2.215182563544829,0.6711409395973155,5.017864059987628,0.047139315175096425,0.320049298367186,,53.51290146920667,151.22373079332493,242.41302436705854,68.02802334354486,happiness,5f83eb84d338b948c4e69327
25,10.102285642126532,2.4746875,1.6000000000000014,0.0038249247581761837,0.0252690775653522,0.00584946581425905,1.964821414242807,1.783092588999843,1.2195121951219512,3.375775603112043,0.017749193551490117,0.817550293041311,,27.869706653119273,145.36052339252296,189.06159179290393,54.10580522123861,happiness,5f825564f8fac448cc0a690e
87,10.298295454545453,8.448,5.568000000000005,0.0010543671845667372,0.005104178467701035,0.0010775242925855585,3.5389964831724128,2.3700238927110715,0.11862396204033215,4.923352052568644,0.028161003433453395,0.17802409048413273,,56.98563091182527,235.27945738472863,308.5184234232413,72.23483441247402,happiness,5f83c729111dfd48d40fdc58
53,12.421814346609636,4.2666875,3.392000000000003,0.02508509510759668,0.16273970855277817,0.031240540730130818,3.162745631460609,1.550198041276781,0.23529411764705882,3.8131115497521293,3.2689021045513202,54.76931641532146,,30.793180948023657,157.57212633157872,218.532010492967,80.59963079115278,happiness,5f97fbf49e04b149046ce08b
79,11.221590909090908,7.04,5.0560000000000045,0.002728403679315868,0.01651012466607624,0.0035711089145967346,2.9026766829460424,2.160614868393718,0.14224751066856328,4.774191645903854,0.16002657981862153,1.4151510628096513,,36.70398480996386,167.34092496991457,296.3787371590077,101.33126097991853,happiness,5f893d88f8fac448cc0a72d0
29,16.183035714285715,1.792,1.856,0.08593016356593237,0.1992262440491297,0.058639333084261315,2.5665289657867865,2.5248588140717585,1.1235955056179776,2.8652685065260974,1.6874105098276437,15.02168576572217,,25.956520027146237,247.01140917047994,176.2618086639364,44.23586952307804,happiness,5f685970111dfd48d40fcce4
68,7.812499999999999,8.704,4.352000000000004,0.0013878401328076152,0.008156370071022833,0.0015108985860601825,3.3344829371462903,2.6585080849939926,0.9205983889528194,5.593439418005265,0.0454199520106433,0.26906399357234007,,36.89210736735537,321.8339836785655,2003.0200815404978,434.9417651720548,happiness,5f5b48d654b2361621284699
53,10.017601682201038,5.2906875,3.392000000000003,0.0022633603649973334,0.012343924089033672,0.0025391521511402113,3.624838839636502,2.390258440113059,0.1893939393939394,4.622521428147692,0.08191630521298791,0.36906270944730835,,42.5933457867536,230.3318928168718,274.1315381390467,68.7247332119994,happiness,5f6eab3dd338b948c4e68907
74,10.511363636363637,7.04,4.736000000000004,0.0014240081737950576,0.006801970168075982,0.001450325022403538,3.3267123772030245,2.9088021484645825,0.14224751066856328,5.217430655475937,0.02415314001420526,0.1792886811019976,,37.739185515095656,252.99509899732902,225.79295157669756,56.325642663032305,happiness,5f77e0d5f8fac448cc0a6388
47,9.103785576795032,5.1626875,3.0080000000000027,0.02084339059169551,0.1325398759925254,0.030787780033874102,3.3884228970326746,2.4447818647480664,0.5825242718446602,4.2632461693291415,11.554305270598613,55.25421798251739,,31.62079210611171,261.70317054622404,374.7991928883532,111.99394236253652,happiness,5f425d239dd513131eacf024
93,14.062411401137847,6.613375,5.952000000000005,0.0014971932962466795,0.008653575272314775,0.0015576670396656835,3.401290527941566,2.396290332640726,0.7575757575757575,4.502130776474516,0.02081098271116655,0.16235537610285083,,56.26783585441581,192.7408933745849,255.69431653212803,69.7251497195844,happiness,5f6c3a68d338b948c4e68724
85,10.946026431434413,7.765375,5.440000000000005,0.002938775890721136,0.012995392156020831,0.0029639585132441304,3.554153616067634,3.283176667190792,1.161290322580645,5.705991265594298,0.1887376511549606,0.7452389846309326,,53.41366185710856,296.24778101089714,579.7414994549175,125.28796970322503,happiness,5f7152b0111dfd48d40fd46c
44,15.391678873608956,2.8586875,2.8160000000000025,0.024939862286680332,0.11933455699253015,0.027308039265124765,3.3707771828163526,3.2238561235368133,1.7605633802816902,4.129735341586591,1.9003710855447102,7.0303918903246885,,51.504896370559216,205.56376978531915,359.818017842686,53.31661592745056,happiness,5f78773cd338b948c4e68ca8
74,12.128413677244883,6.101375,4.736000000000004,0.0015204149821375012,0.0066943098620123155,0.0016918390280824187,4.4686215999853625,3.040941124161927,0.16420361247947454,5.169245000347498,0.06180562323369872,0.20633175569966014,,46.110319836179194,234.25424319145014,333.66536961409616,110.73274745438098,happiness,5fbb6759cb503578af9ee492
91,13.84938790651663,6.5706875,5.824000000000005,0.0019324874379407539,0.010912373258922652,0.00237052596968029,3.7639201937580453,2.7341703830064352,0.1524390243902439,5.118360239692741,0.14181782654435693,0.5101549290979711,,47.809399462670626,184.4499363382047,409.09569405027275,104.03818532003345,happiness,5fbcd2aecb503578af9ee96f
43,15.269886363636365,2.816,2.7520000000000024,0.03843131796720475,0.1459269981946092,0.036889823115548635,3.322788043885089,2.281140182369156,1.4285714285714284,3.789722864311306,2.748600798218689,27.0135917539758,,31.554359464381232,111.66514786718841,97.27043350654314,25.753151834875002,happiness,5f99265bd338b948c4e6ae9a
31,7.123161764705882,4.352,1.9840000000000018,0.009947688077225701,0.03543819919289142,0.003749460585993308,3.746728170785724,4.103105019592351,0.6912442396313364,5.200620940343068,0.26527156545284264,0.5598288090933534,,13.789866379042191,106.40882714475876,45.70542894768437,15.612866505247283,happiness,5fb4b6ab4c55eb78bd7cda26
73,12.580377626746227,5.8026875,4.672000000000004,0.023383868616534263,0.2499830977626398,0.03994728901737841,2.72624835211076,2.2129062993363084,1.0362694300518134,4.772967631830112,12.312541569557899,130.93480643102754,,43.149751051792684,97.6351610273194,102.61814009714527,34.26168103404466,happiness,5fb8899c44697678c497add5
90,15.510054608317267,5.8026875,5.760000000000005,0.0007469085871104365,0.006830642321460859,0.0011546256192189219,4.197109012375921,2.678350903740855,0.17271157167530224,4.41790570104486,0.03257690265169127,0.1438856027231937,,44.49011257782451,140.03254013840973,315.2857397764521,90.91144060357176,happiness,5fbc83f24c55eb78bd7ce872
60,15.120967741935484,3.968,3.8400000000000034,0.03865121633894754,0.15307003796344415,0.037992551565246765,3.6844067437710963,2.812805680464865,0.2531645569620253,4.486553353949975,9.625558072324843,38.92019033854231,,68.18026891733746,228.84028150000535,272.17828420926253,87.48644296218022,happiness,5f5ec27554b2361621284969
81,10.48857667748436,7.7226875,5.184000000000005,0.0021965782984639066,0.008991431340364084,0.00211660959812385,3.314344981566561,2.487171546137482,0.3891050583657588,5.366638809027333,0.08910024326902061,0.5006386973096509,,48.484520188578365,257.0725911709583,523.5043951182339,86.96766266458056,happiness,5f6f5832d338b948c4e68975
98,11.149825783972126,8.789375,6.272000000000006,0.0035202948465738134,0.01699120185023314,0.0035694089735210464,3.566794415536871,3.441059196794806,2.9646522234891677,5.812495894188123,0.3738278038834126,1.1921915141455883,,32.19992537462246,289.1928885899405,487.9319358051621,116.37921562704419,happiness,5f9924ee111dfd48d40ff7c5
59,11.428156362359722,5.1626875,3.7760000000000034,0.05635353640587715,0.3073458306518753,0.07017129242294554,2.8359131121575922,2.120803011906524,0.3883495145631068,4.264918056190644,28.48747903542284,239.51007709738218,,53.5908108913541,249.30916777946808,322.31614041190267,105.00508809839945,happiness,5fbe0a4ecb503578af9eec41
74,14.453125,5.12,4.736000000000004,0.04664169911289805,0.3436543018127681,0.05403822609131475,3.7581061783038514,2.8330357307269707,0.19569471624266144,4.5881350102066945,25.068548353879308,93.87514108312023,,46.9323000476262,189.77137666974642,253.2539212592103,92.75472622597563,happiness,5fbe23c3576e9378b67ad3cb
98,14.6297315705502,6.6986875,6.272000000000006,0.03395845806822377,0.5499531446199453,0.076917817516553,2.9932146991935054,1.8290822733370036,0.5988023952095809,4.763548631206289,69.88189033922461,857.1924636377564,,57.97190050789779,227.85780252751573,840.3725858279689,228.9761435849599,happiness,5fba3605576e9378b67ac82a
45,15.74148975710007,2.8586875,2.8800000000000026,0.0014111061787033753,0.006344517997786761,0.0012120055950381483,4.939325322579551,3.625427978290664,1.7605633802816902,4.322989326415612,0.002276183877426713,0.007374596112976892,,40.13582231566394,151.17271168200998,195.0,49.11965984360892,happiness,5f6ea683d338b948c4e688f5
98,13.836555685959603,7.0826875,6.272000000000006,0.0009571549263068357,0.005812640064710803,0.001161124254136576,4.074094457624588,3.268709511589687,0.9900990099009901,5.351835888861697,0.04045315397112312,0.11811817740318693,,59.65129903797245,180.15275129953284,254.8117284798289,66.2097044530024,happiness,5f605a6b3bd6941613f6d436
94,12.377072789367567,7.5946875,6.016000000000005,0.003314939217354227,0.023367791239836976,0.004148404496212531,2.9898386269218684,3.5883312497068554,2.242744063324538,5.580820700194375,0.5235839781103674,1.297644235308162,,55.69892895072413,216.33583918966303,691.9396550779373,129.42752702623073,happiness,5f989d8a9e04b149046ce17d
100,12.600806451612904,7.936,6.400000000000006,0.0023176959665706346,0.009967263270039944,0.0021617804350700354,3.60760830550859,3.136953312224039,0.6313131313131314,5.597076474043897,0.08571215916136943,0.34845361539148545,,50.934627051068134,333.2457226599459,1566.5583824558314,356.70145787738176,happiness,5f6a169cf8fac448cc0a5cf5
64,12.93092562192196,4.949375,4.096000000000004,0.029122668839648286,0.19503919199298655,0.038141138634708804,3.4582537566641878,2.9753828704223255,0.20283975659229211,4.986991359430941,14.846604424473197,58.66004773889757,,29.077435859465705,245.54834844735663,309.1227308028132,97.62632451244652,happiness,5fbb6c4544697678c497b759
43,14.1943470187745,3.029375,2.7520000000000024,0.022346683929957315,0.10666377148289306,0.029423997124788187,4.097984692589085,4.451401265313512,2.6578073089700993,4.759055464128837,6.487949566330333,12.202578310275374,,63.89755078950334,222.82122305454234,328.2951080631574,101.85414079391917,happiness,5f60b7b354b2361621284af4
132,14.256880362362375,9.2586875,8.448000000000008,0.0011009028115309505,0.006098406594323824,0.0013419252253160721,2.8915708584071855,2.168329638558148,0.4329004329004329,4.892887121980288,0.03160094704572041,0.32773830956167455,,41.55584219858068,163.39045670899725,304.8255647312932,52.70578477216034,happiness,5f6affecd338b948c4e68630
75,10.102370689655173,7.424,4.800000000000004,0.0020355520390192335,0.010674782511418691,0.0022477487600625727,3.272381448837117,2.856386581553055,1.484480431848853,5.407944394128629,0.07122131909051527,0.5201653620313785,,36.64755838531736,255.13247456582195,237.10856386212055,56.822260820637055,happiness,5f8c22b6111dfd48d40fe87a
51,15.13044445680592,3.3706875,3.264000000000003,0.03247906272164597,0.14664398920130262,0.0377398829006532,2.70121389715115,2.293723933579535,1.1904761904761905,3.898476817220495,3.639457175327215,38.31275110883951,,73.98368646113697,210.1155055728594,284.06885072286843,99.54284625960572,happiness,5f60bba73bd6941613f6d486
53,13.957009776490338,3.797375,3.392000000000003,0.02219307979342159,0.11845572325613136,0.024517602735151564,3.6740848517912745,2.3340457609592287,0.5291005291005291,3.954928725300439,2.683731128336854,14.15498579912593,,79.0198574179229,181.1302720441199,197.11610174360712,59.83124275604311,happiness,5f93800cf8fac448cc0a8109
64,9.803921568627452,6.528,4.096000000000004,0.060812031570966416,0.1939421028718395,0.037928863414146384,4.545296561806741,3.466882206922785,0.4608294930875576,5.266010805008515,19.47623630781456,71.12627601636892,,34.291443912775186,133.79793774525552,299.82021173971464,79.78567282853066,happiness,5f6b6c76111dfd48d40fd006
51,8.599340295707707,5.9306875,3.264000000000003,0.0017800258766187318,0.013325665393211228,0.002377370838588246,2.50442396915411,1.8352384055831583,1.1824324324324325,4.277716304275702,0.03519718430341886,0.49131734760393686,,29.015900530268343,291.71624589191555,469.0520906223737,134.48101092515864,happiness,5f8271d3d338b948c4e6916d
100,13.093503985335277,7.637375,6.400000000000006,0.07382935129651254,0.3858212854526573,0.07996359832837847,3.123220256998927,3.039913883132683,1.0498687664041995,5.431184026114825,155.4182822368936,636.9512374815932,,36.85888781192121,228.87372984288456,284.06885072286843,79.87801817042757,happiness,5f5e1abe2e23c7161accd114
34,15.624999999999998,2.176,2.176000000000002,0.024669711507762586,0.13234869252197312,0.02726795190247127,4.551220186381233,3.1775575675738446,0.4629629629629629,3.873167487990113,2.9851104707991176,8.567866806952283,,35.78682848885105,109.42410243342088,111.56241769755178,37.164000739750385,happiness,5f97e804f8fac448cc0a835e
95,12.233794246897284,7.765375,6.080000000000005,0.0009609931546304613,0.00455820142909535,0.0010943923665679002,2.6089727739236763,1.9538947041490766,0.9032258064516129,5.047800991670091,0.010680158162351114,0.1808497021903434,,53.15504097439182,162.31410957436256,196.00837002137584,48.280267618470155,happiness,5f89a3f6f8fac448cc0a73ab
68,13.858636809456481,4.9066875,4.352000000000004,0.026214198550060356,0.12353856169923366,0.027080647295540935,3.0382624804758755,2.4389695001196743,0.40899795501022496,4.691307373495663,3.081041228730487,27.303958557817467,,53.73584574956508,201.579443752325,247.7865093813503,56.64687286094258,happiness,5f7134d1d338b948c4e68ac2
137,15.004346605882635,9.1306875,8.768000000000008,0.0023100160588912107,0.01277640084917883,0.002490439704480085,2.853937890625587,2.3125535823642585,0.43859649122807015,5.384170315413815,0.12658996808109244,1.0251574855613443,,51.16678596841207,150.61456683665563,230.49939831352532,49.34108503831097,happiness,5f8ea276d338b948c4e6a3fc
71,11.80186170212766,6.016,4.544000000000004,0.0045776649136416376,0.03298546840700093,0.0063422585389975306,3.2206279050507542,2.219632802059684,0.16666666666666666,4.703422530845,0.4874454825347843,3.174310542596824,,49.77952763278377,260.1135944517658,423.58906099648436,114.68890932339458,happiness,5fb9e364576e9378b67ac63e
67,15.861742424242424,4.224,4.288000000000004,0.06402448277945665,0.22705360434153543,0.04827240956001403,3.401698147943221,3.800204633705677,2.8503562945368173,4.973915996106438,17.6020004425179,64.04465759711528,,76.04158559045078,236.03077702625376,224.15055940976998,60.478372158559765,happiness,5f79190c111dfd48d40fd65c
100,14.928297520969593,6.6986875,6.400000000000006,0.02153077751266854,0.13959000627214335,0.026801920277792962,3.1358981019595342,2.595906381576731,1.7964071856287427,5.261863922849851,12.381052504946279,78.9918754579841,,50.49471521628417,179.21337479941553,226.84013256043693,80.64283256174444,happiness,5f5b5c8054b23616212846d4
40,13.392763722351267,2.9866875,2.5600000000000023,0.015276190023493251,0.08692982356975855,0.021810677236070105,2.840057077375827,2.5996199931366553,0.33670033670033667,4.231336990495719,1.5782417241416,12.315086118886716,,46.466317395977846,208.3524256945171,306.96794243316714,83.86554659691772,happiness,5f984fd5d338b948c4e6ad53
41,13.92663043478261,2.944,2.6240000000000023,0.0035003591398848222,0.019578889115543376,0.003951470812619593,3.7237398698552178,3.4682171204571715,0.341296928327645,4.529647377692275,0.09164785446722068,0.30444364036081245,,69.93292776074959,147.4843948379428,133.9561436376376,42.04058579053387,happiness,5f6a9debf8fac448cc0a5d57
133,15.664220359069864,8.4906875,8.512000000000008,0.025279643706051173,0.09521531150697678,0.02189084730099927,4.094499964864024,3.4096183052165,0.11792452830188678,5.774062980375984,15.005414960864607,47.927588544377805,,69.69239392042616,164.7150703723746,258.71437183931283,61.01748138595796,happiness,5f5b60062e23c7161acccf07
39,7.197314847922121,5.4186875,2.496000000000002,0.000987187747551315,0.0058505510179784215,0.0011090512659960967,4.59621012446148,3.0783214236753014,0.5555555555555556,4.961128173449513,0.013030377912620109,0.06409764183394907,,38.91153865374362,155.142866969281,153.63306796596578,44.20218951747214,happiness,5f61ec172e23c7161accd3ef
106,13.725791701399286,7.7226875,6.784000000000006,0.0017895003499155437,0.008005254546978471,0.0017221361921999742,3.05930155014913,2.2220816857703367,0.9079118028534372,4.999850179208524,0.03919859798385187,0.3022860456357883,,60.2115067962324,162.83190636802843,180.66869895086762,48.765329010718425,happiness,5f6d84d29e04b149046cbd0a
62,9.623313252427655,6.4426875,3.9680000000000035,0.0004011660554370011,0.00381516630220161,0.0006600576266230267,3.039578552495325,1.9399274189845295,0.6220839813374806,4.529770577468931,0.005462296920599002,0.0457833596459964,,37.83542836756239,554.5204124740256,1550.9569192092672,502.7470402205112,happiness,5fb33d240fb0f33aa31ca1a0
70,15.77509225611989,4.437375,4.480000000000004,0.032281670117542925,0.18084128839099461,0.03960889844735982,3.8308903101715654,2.424165361427973,0.22624434389140272,4.091336146433638,11.04166837156522,66.7954955445262,,44.022909801709126,111.99308840691025,124.1949604862567,32.82120481714513,happiness,5fb8c76c576e9378b67ac3de
60,6.7934782608695645,8.832,3.8400000000000034,0.002216267234406519,0.008591638251717618,0.002415846879272159,3.028001483141091,2.2008786048774223,0.11337868480725623,5.333898526156705,0.11649352445260412,0.9557384395623439,,29.118109122788024,228.4540570740357,278.0720568009525,70.7172020041626,happiness,5f6eaf3b111dfd48d40fd28f
134,14.744718309859156,9.088,8.576000000000008,0.0011075915201619014,0.006631474718799472,0.0012876781420858028,3.2849653503537835,2.2993060474197757,0.33076074972436603,5.383047724687458,0.06725386436810213,0.3473029047708061,,57.18475893228552,153.06708965599347,221.82649376257405,48.70451479537942,happiness,5f9808fc9e04b149046ce0ec
78,13.955048641395503,5.589375,4.992000000000004,0.001785394227756854,0.019925827901349166,0.0026067359298206113,3.9684235748297674,3.397369537416997,1.0771992818671454,5.223981326248984,0.06883027439132504,0.28558823051368515,,60.45382112856513,163.55809820427203,333.66536961409616,90.25485804372418,happiness,5f8cd7b7f8fac448cc0a7840
40,9.868319610201375,4.053375,2.5600000000000023,0.0008533921460246905,0.007944921107230489,0.001617655496968803,3.0110335442892047,2.391838035496224,0.24752475247524752,4.330142416792536,0.023807057450259086,0.13752182621707562,,16.906485483548135,97.06354395565253,108.52918104210445,40.570438976868445,happiness,5fba3cbc4c55eb78bd7ce2c8
79,15.053353658536585,5.248,5.0560000000000045,0.0021759106098999375,0.013678951744183092,0.0024454465583002008,2.7956997383962885,2.131647630914652,0.7648183556405354,4.267437929522221,0.03074757563808569,0.3341869517804531,,51.853564572917065,175.43977402575408,210.19236283772528,58.83961324707289,happiness,5f6c3342f8fac448cc0a5ed6
81,12.65625,6.4,5.184000000000005,0.002770925034970682,0.013633280021482022,0.0029608767723578546,3.3870214722636445,2.6753489558523973,1.2519561815336462,5.073708295712239,0.09418933138767084,0.6307456901936521,,63.64277517543719,263.9960560763499,464.08943989339684,123.0944873106467,happiness,5f6d5e89d338b948c4e6881e
35,13.671875,2.56,2.240000000000002,0.026249623623643126,0.13853703318799604,0.035651298670919006,3.6130544526264794,3.178630707017535,0.392156862745098,4.0554613413772795,3.858381888868136,18.606085761363087,,41.255067456256974,103.59182900507321,87.82122781686914,24.299382191599836,happiness,5fb8e24dcb503578af9edd89
74,14.574460227972132,5.077375,4.736000000000004,0.031619507813647675,0.14667141643928167,0.03323686258710301,3.0357027169061466,2.1716325885272165,0.39525691699604737,4.477402358475393,4.605414539299559,43.65706807801748,,44.56156090523737,204.76674396524783,226.45879891373505,54.77208527209107,happiness,5f7134abd338b948c4e68ac0
165,13.860887096774194,11.904,10.56000000000001,0.0009884800410408312,0.004403358731144817,0.0010750197417141619,3.374916985213973,1.8056593577553244,0.42052144659377627,4.913555978748023,0.029900840280993126,0.2424730175494625,,51.99436240212182,160.5229711499998,196.5061646776419,42.09888363664378,happiness,5f61f0f854b2361621284bd0
151,12.50549962473149,12.0746875,9.664000000000009,0.07955805099432701,0.4011752030281014,0.08792923368688145,3.1497389590362017,2.93677765744999,0.24875621890547261,6.102448047782545,488.3483674289014,1826.3178513829525,,31.957061782070255,238.02952279604207,250.9417091419749,56.0167543603852,happiness,5f5f67c3b878131628349b23
51,9.878575838649928,5.1626875,3.264000000000003,0.0021091503302503502,0.00841443263254139,0.002133878512056865,3.628344359725223,3.123750228713615,2.1359223300970873,4.836257534378709,0.05238385380816788,0.25850458529845033,,31.597916778271365,287.8697490481905,562.7087005831763,75.19826833582337,happiness,5f70a57e111dfd48d40fd3fd
65,10.434433630982241,6.229375,4.160000000000004,0.08030212667042827,0.41293708739402646,0.10832356283846555,2.339552796359523,1.6600593306095097,0.966183574879227,4.286681974004978,58.82178583531353,999.0604932696177,,34.79611624529398,492.4039941361415,892.1427340870998,344.35477380751945,happiness,5f5b74942e23c7161acccf4f
22,7.161458333333333,3.072,1.4080000000000013,0.002977464087269767,0.015200234117556695,0.0037252587404501543,2.7432199582146337,1.9351969894498289,0.32679738562091504,3.6206274109496968,0.04804404314217277,0.375632288362866,,34.446687796219365,213.88322818199342,136.14366708154895,34.47702409858495,happiness,5f85b08bd338b948c4e695e6
52,15.625,3.328,3.328000000000003,0.030315002005907043,0.1376840042224494,0.03325878392535809,2.7882476791458917,2.9840456996860274,2.719033232628399,4.198434743958114,3.6024743861425295,18.928559617353898,,51.239152229070434,184.00783498667963,199.54471994669842,57.26905046086403,happiness,5f9a287bd338b948c4e6b09c
120,10.693876641677155,11.221375,7.680000000000007,0.0022699830491777345,0.011711713789552292,0.002475583178437278,3.370882545489402,3.045016996065927,0.8920606601248884,5.897533910410289,0.2721229586486961,1.2664156040215981,,24.848238717791922,347.11203739250254,1481.6800250678345,352.90435126285433,happiness,5f607c5254b2361621284ac0
81,9.127081939504912,8.8746875,5.184000000000005,0.0021790125039098805,0.014447990772093373,0.0024918409944521378,3.0993639688157963,2.6681846496653026,1.9187358916478559,5.533187217382976,0.12336972359687785,0.7055424245447173,,43.40009804529464,280.8737725759922,498.3382952855633,101.69733864392559,happiness,5f811bee111dfd48d40fd933
72,8.272058823529411,8.704,4.608000000000004,0.001320286849353248,0.008371231618204904,0.0013886583576321393,3.5789561844426396,2.0992412582966122,0.11507479861910243,4.985324422886291,0.0488522514604471,0.32994835611525014,,27.00485897182644,196.27793095482892,277.20244206347195,53.8356457768966,happiness,5fb49996576e9378b67abf79
88,15.744157441574414,5.589375,5.632000000000005,0.062207540787358816,0.42159980341775,0.09131124903842434,3.160985688708036,2.2967168451013764,0.17953321364452424,4.689179074032648,79.51200813852374,556.4752227231031,,62.28974151774673,197.8720245389589,286.09098600372937,87.1090073752245,happiness,5f62123b2e23c7161accd42c
26,11.079447092976803,2.3466875,1.6640000000000015,0.033828307509500624,0.135369805842742,0.038728656544097996,4.470799703586858,4.6987784843810365,0.4291845493562232,4.466570604045551,7.0671155896223565,12.519256497752046,,41.25775916081993,256.9141390759371,274.67956619750936,69.70985397874024,happiness,5f685cddf8fac448cc0a5b1c
69,12.634180952598932,5.461375,4.416000000000004,0.0019313413536813189,0.009823223447150546,0.0021630817148162013,3.335976485391751,2.993247522479715,1.1009174311926604,4.886079961569439,0.03481114692265677,0.1570007731267184,,46.45986517082434,274.8741594497012,691.9396550779373,147.1625976258659,happiness,5f6010cd54b2361621284a6d
34,11.718581706949292,2.901375,2.176000000000002,0.01868304192694699,0.07283213858327327,0.020033648017930193,3.74367439890757,3.232360767782564,1.0380622837370241,4.065563575373889,0.7994142600099386,4.762445365486154,,42.76524832291251,224.1862355859948,287.1753331072119,80.662884420627,happiness,5fbb1ce744697678c497b515
107,12.860576923076923,8.32,6.848000000000006,0.0007507974972356899,0.004632566293437398,0.0007546450623744478,3.7970784908001374,2.662443574140693,0.6016847172081828,5.210380507014623,0.01259007078673833,0.07019871464635186,,33.90085757775754,126.37997356865645,124.23491376948436,26.780607748160946,happiness,5fba1a684c55eb78bd7ce1c0
62,11.26453488372093,5.504,3.9680000000000035,0.0022996089206373284,0.009534226342612133,0.0024807271616454694,2.713531642874735,2.7234699299913765,1.2750455373406193,4.886068434016986,0.04742670714062077,0.2749875919493826,,49.659885188627555,231.3860048022074,181.12457486255656,46.25155617657285,happiness,5f886613f8fac448cc0a71f2
84,10.148144792280162,8.277375,5.376000000000005,0.0015810911721566396,0.007857060132522714,0.0015820538818284036,3.4923808407388397,2.9298965553580936,1.089588377723971,5.6438070437116385,0.04908139666248697,0.27183149224203257,,43.09345891486984,224.6298859500144,282.05836208420885,65.88704692600258,happiness,5f8b71a9d338b948c4e69e92
48,10.416666666666668,4.608,3.0720000000000027,0.024828334015513553,0.16841764014961555,0.03104722321251981,3.4447663921041163,2.8814825535309,0.4357298474945534,4.505460025806409,8.455040058307162,28.91363699663667,,49.098729325250076,154.21338549426196,201.8633179076829,79.23682258930937,happiness,5f62bdfdb878131628349dfe
122,14.296805191380903,8.533375,7.808000000000007,0.08472502675371198,0.35972859298267934,0.08734482013690638,3.085116273354058,3.0991447617409515,1.2910798122065728,5.634876827579921,177.86510918832568,925.4094707855563,,51.44078108968162,239.69116425656333,511.97612547527933,76.94992109966371,happiness,5f5e1ada54b2361621284907
22,9.374916770980372,2.3466875,1.4080000000000013,0.0005527276012887538,0.00387440690165071,0.0007571326288598914,3.0156165382197453,1.9968045354516684,0.4291845493562232,3.3023917833895053,0.0009860209322521255,0.007781874764258248,,40.63000770417925,94.74423193457163,86.06592630451914,32.033801044645195,happiness,5fb38178e3dcec421f835883
38,8.906206512663513,4.2666875,2.432000000000002,0.0022435528799910343,0.01533518156822913,0.0026082447760340695,3.202887526296718,2.7887641137147985,0.9411764705882353,4.512700114683969,0.018663600656470474,0.10473434624563673,,29.907393836066507,529.1655025556678,1491.7701334173225,547.8709285114795,happiness,5f6a1689111dfd48d40fcea6
208,14.130434782608695,14.72,13.312000000000012,0.07600644631401855,0.42458182097566005,0.07666565966908243,3.169161551450358,2.9038529711199583,0.8837525492861998,6.258624152498802,292.271353005139,2169.1172515194876,,44.55163503881357,212.35865536740187,272.17828420926253,76.58605116787449,happiness,5f5cc8f9b87813162834991b
44,15.625000000000002,2.816,2.8160000000000025,0.02506031264307713,0.13548460218584762,0.02894838402850568,3.1945977988827763,3.427489055623786,0.7142857142857142,4.138204460015801,1.0893830737852417,9.785022330016758,,56.899023631956084,185.0451972160013,215.2753675911423,65.21774339699782,happiness,5f923391111dfd48d40ff15c
54,15.625,3.456,3.456000000000003,0.03750624830736319,0.24380287495445194,0.05015349876328843,3.178399316503585,1.578386554731502,0.29069767441860467,3.3027554377031128,8.643869369171268,77.85738981880752,,31.36660825044006,91.02823804544711,61.299152349968764,21.73889687389069,happiness,5fb9fe2744697678c497b269
65,14.50892857142857,4.48,4.160000000000004,0.02401275921009035,0.08579423349221597,0.02008897409942963,3.7160856729563942,3.5890171007481415,2.9082774049217006,4.674373735744957,4.158965356903327,15.116148906511109,,46.489611174676604,198.77742680909455,414.70240902954765,64.64989578217786,happiness,5f77c25a9e04b149046cc060
80,15.120908199548737,5.2906875,5.1200000000000045,0.0006334155745405235,0.0043652927225472935,0.0009634397156961863,2.4912808596783833,1.4378568103648985,0.3787878787878788,3.9786349839235426,0.001540814662439606,0.02807047526874443,,41.07107351005438,109.80618489753292,352.5198985689557,40.967337508738524,happiness,5f6216693bd6941613f6d5b6
41,16.015625,2.56,2.6240000000000023,0.0009590115595208387,0.002504012496936483,0.00061465193078315,4.877493439658818,4.534009054498336,1.96078431372549,4.587793002880488,0.0013107872170614536,0.0037676286391832288,,32.89424341735188,148.65199550674126,123.14500086724917,40.94208075772365,happiness,5f71cdb0d338b948c4e68af8
39,16.036184210526315,2.432,2.496000000000002,0.0028492703636658354,0.009776055543780734,0.002326245168765141,4.1687971325105835,2.855350125867383,0.4132231404958678,3.838768159349455,0.009035390055347174,0.05804652851723448,,24.267115331517232,141.98726320019352,68.63922856711413,20.39015671711793,happiness,5f85073af8fac448cc0a6c08
61,15.885416666666668,3.84,3.9040000000000035,0.014431106370982301,0.06184892805589398,0.01427519309208566,3.55584153112809,2.5815831319900537,1.3054830287206265,4.526772957007757,0.9147054515654347,8.231603407656822,,72.59658168175,185.90019778768865,182.09189628412776,54.395197143427744,happiness,5f8305f4111dfd48d40fdba8
26,7.254464285714286,3.584,1.6640000000000015,0.04357842548611466,0.2218040263634485,0.04738792438134193,5.854183172825707,4.196034048230409,0.5602240896358543,4.773789120847696,21.29909099495699,49.83551887563726,,38.19546195500097,103.05483479139356,79.32436492230406,26.285352104827503,happiness,5f98e3fb9e04b149046ce200
71,12.2357097465614,5.8026875,4.544000000000004,0.02900291766660212,0.33143770190699556,0.0646032253815561,3.0498546526891444,2.408231445730539,0.17271157167530224,4.806038169579342,16.154878764287478,133.3167611539022,,28.54635691210755,328.75979767624847,1831.3827762010906,526.0396582799596,happiness,5fbb665acb503578af9ee485
85,12.297453703703704,6.912,5.440000000000005,0.0018323293155051955,0.005776080528457064,0.0015334939385991972,3.1041895153036747,2.7690306423865625,1.0144927536231885,5.176875329697729,0.03030954136629682,0.18633446664741893,,51.958814860449685,228.8611142762579,238.37144500670263,50.3655777905214,happiness,5f6291033bd6941613f6d60e
36,14.300610755251006,2.517375,2.304000000000002,0.003478963725251136,0.018494867492610447,0.004509503813468194,3.525027633848419,2.982845039448853,0.4,3.84636251856301,0.03913199785076363,0.1626927266557331,,41.11323664178557,90.67492619614387,56.9969395672486,21.538764020842283,happiness,5fbc7c2844697678c497b99c
81,11.505681818181818,7.04,5.184000000000005,0.0021096408389900904,0.009683149012600263,0.0021072703124405986,3.5182797273293236,2.8894867417368286,1.991465149359886,5.105282355583149,0.07658340056784237,0.364938860672882,,32.69052002388182,250.90188013002424,284.06885072286843,73.46758416032024,happiness,5f70a5a9f8fac448cc0a6209
56,15.625,3.584,3.584000000000003,0.004065575027957937,0.021096652829091855,0.006231837400422442,2.653937842337001,2.317562330216081,0.2801120448179272,3.882432406275516,0.07636692187977674,0.8316373680849644,,51.39778547875903,200.8114560692919,264.4771215546362,82.7736904916548,happiness,5fbcba4a44697678c497bb6c
46,6.417410714285714,7.168,2.9440000000000026,0.0010119878438011889,0.008615225718153359,0.0013301429372703432,3.6871870419817134,2.8445612966675085,0.13986013986013984,5.307287698970173,0.04742999139165573,0.20951687148539302,,28.630821621245666,234.70084166002889,150.93621791688582,53.110885178571294,happiness,5fb490f7576e9378b67abf3b
52,10.32834709204891,5.0346875,3.328000000000003,0.0019287049381493079,0.012153542889357868,0.0023657099518435394,3.0769777377625336,2.4172362226813218,0.9960159362549801,4.472109304382887,0.030792118770854637,0.1888060338952051,,48.62787097306398,460.3315323476805,1614.7542669440872,477.07859616024217,happiness,5f6b753df8fac448cc0a5e3b
109,12.58460694751122,8.661375,6.976000000000006,0.0019881939005753557,0.008627608886236801,0.00182902406850177,3.099031188113406,2.9585289626117155,2.1965317919075145,5.551824205852585,0.08812549057108278,0.43252393691156565,,33.54524293679018,248.49557936831633,216.89919953550887,43.34154673893371,happiness,5f6b758d111dfd48d40fd017
38,8.323522164115762,4.565375,2.432000000000002,0.0024101533186759857,0.009130108901417583,0.00261409556275521,2.947623852193715,2.652728047270308,1.3186813186813187,4.502799845312666,0.029808796195396076,0.2537284548979999,,52.66679394654322,266.47471534754203,675.5532703042713,100.36031948489713,happiness,5f87bc3d111dfd48d40fe2d2
51,12.19694478490927,4.181375,3.264000000000003,0.002037707436003977,0.01334180251272967,0.0027839401595439483,2.8621764591028085,2.3553930905681244,1.1990407673860912,4.16265801886001,0.023626902381704493,0.20301328064367316,,68.98452132683329,493.11948786843215,1655.533861027023,500.5747707960888,happiness,5f8c1abef8fac448cc0a75f8
66,15.315445975344453,4.309375,4.224000000000004,0.0012673015850372135,0.00641886042819896,0.0013245900360072988,3.6767912253096817,3.464929829796522,1.1655011655011656,4.734274127249308,0.015162179805061807,0.07070920067230947,,65.90646816998918,172.84130399089813,238.60907583299993,48.11566732718354,happiness,5f699f88d338b948c4e6849c
66,15.784281486353173,4.181375,4.224000000000004,0.0027766698467091523,0.01168666684847944,0.0021845810148311677,6.0058449265438805,5.075245133876363,0.23980815347721823,5.395145112881567,0.08288387286748133,0.14147018189663643,,37.05261980771917,141.14106935504287,126.43371755306833,25.965635016571984,happiness,5f6d54449e04b149046cbcba
84,15.02851392150285,5.589375,5.376000000000005,0.022633767485485484,0.1065138378066819,0.025231802511946216,3.9544926744492717,3.2015382243639006,1.6157989228007181,4.913117964481444,7.980668384250067,31.937350590092475,,84.90197028449728,178.32302077754443,278.0720568009525,91.24145055653997,happiness,5f41495e9dd513131eacee7d
51,14.576894907018703,3.4986875,3.264000000000003,0.054383771760101896,0.3210378792952121,0.06380458941250795,3.6854958235595907,2.8552221551448467,2.586206896551724,4.410460936016253,8.730991704478141,77.04867478646769,,40.78992963189568,119.19124189861164,100.70066793616915,26.30048041950306,happiness,5f85194dd338b948c4e69498
49,12.217356749933769,4.0106875,3.136000000000003,0.01755737975621937,0.0797294967474675,0.020351132538928833,4.304567843300648,3.697574778611691,0.25,4.6514276939484915,4.768358471758925,15.107811070225296,,45.41080999681169,157.5894868726408,216.8989862783688,71.21823520132965,happiness,5f90c9e5d338b948c4e6a71c
53,12.805992237877348,4.1386875,3.392000000000003,0.007017310439524524,0.04735314357659544,0.009958466862428229,3.120344357599029,2.4019899169912864,0.24271844660194175,4.173848896283774,0.4298910576975762,3.1640021362475417,,56.239076317920805,110.88870398733168,114.64867439581087,38.21906420403484,happiness,5fbc82c34c55eb78bd7ce866
46,10.366489196878785,4.437375,2.9440000000000026,0.002394726179963008,0.012174973077383043,0.003037207663311248,3.753039196089628,3.1211285236921893,1.3574660633484164,4.819806565470863,0.07482661897976346,0.31601164097521933,,22.85704323777839,299.2052037468835,163.70366076384957,43.71676585163909,happiness,5f3f41d89dd513131eace798
137,14.796913709421556,9.2586875,8.768000000000008,0.00454977543436706,0.044413433184413244,0.007507018811881537,2.693196202487307,1.9180729924902358,0.10822510822510822,4.9082709760242516,1.8387198879150857,14.437133116881325,,48.10231388313314,154.88437904854482,335.97481460606457,113.47544078735694,happiness,5fbe31314c55eb78bd7cee7d
85,13.460681941901322,6.3146875,5.440000000000005,0.03213166081014126,0.14841397031521897,0.03478926874999157,3.7454850591972644,3.1391743284087448,0.15873015873015872,5.34074936875171,18.637461784986137,88.01098318172687,,44.766291410165984,246.40436669125086,335.97481460606457,72.74285336339929,happiness,5f6608bbf8fac448cc0a5918
48,13.081246806336228,3.669375,3.0720000000000027,0.025326683433690593,0.19022620083628403,0.04591608188191669,3.8576757248747255,2.421480865965674,0.273972602739726,3.8491787216910827,23.372720369468905,84.14628549749084,,46.95816817830823,94.92900803148815,82.61557577921405,30.0665102157293,happiness,5fbc7ce44c55eb78bd7ce82c
42,10.148144792280162,4.1386875,2.6880000000000024,0.001578516039811556,0.005734054114444184,0.0014863482425598873,3.273714111213067,3.037396126170968,1.6990291262135924,4.583945096274766,0.018871983551937078,0.08223655997287752,,46.78498844760975,237.3530340456722,183.1142387380356,34.61895605700289,happiness,5fbb2e5e4c55eb78bd7ce3fd
50,11.488970588235293,4.352,3.200000000000003,0.030677562410968716,0.2539374687644036,0.044706494564795946,3.6394898812802983,3.0497374154514048,0.2304147465437788,4.705963762708572,21.184148716772125,90.44655583332829,,45.47210237720999,282.8418659042789,518.6802651208739,149.13438377679324,happiness,5fbb88a9576e9378b67acc66
67,10.610184589498688,6.3146875,4.288000000000004,0.002030482408472696,0.010812295689607098,0.002026997133369367,3.748531151559574,3.209945005869241,2.0634920634920633,5.077421206650522,0.0847673392964237,0.29197689177451647,,46.7643917170854,401.59048699175287,1522.3225065854483,418.0829039033222,happiness,5f8cc496d338b948c4e6a14f
87,13.871173469387754,6.272,5.568000000000005,0.002201577657428499,0.011266725648312867,0.0025734017085003572,3.339867377468464,3.664070729743062,1.2779552715654952,5.42971601074635,0.16762994853607635,0.4100851404393301,,26.05056714397092,134.5829514332799,104.41187359019374,30.55383997741439,happiness,5f78250a111dfd48d40fd5b1
56,14.266152915326561,3.925375,3.584000000000003,0.006051524814152039,0.03464512179564493,0.005759708879381569,3.828755460374548,3.8406047842521476,0.7672634271099745,4.79266697495432,0.45280598695881236,0.9666975546874723,,63.29134225163009,263.32363591894693,526.3679254565914,126.13029131095566,happiness,5f87bd60111dfd48d40fe2d4
108,10.863688373087223,9.941375,6.912000000000006,0.0020734233918165935,0.010123281600668053,0.0022465290455720866,3.2177248472853646,2.648923854693368,0.2014098690835851,5.744215368761953,0.13670196478136087,0.9596945688262793,,44.85586913811557,248.3288211137195,326.0607512325187,52.05304297996767,happiness,5f715637d338b948c4e68ae4
72,14.933499261102902,4.821375,4.608000000000004,0.028733641458871965,0.14177419427916066,0.03162175562708247,3.833722673890648,3.289471552234621,0.20790020790020788,4.9447883280636455,10.42729042662283,42.97240047908995,,76.17311697705428,229.1702521140684,411.13595332762407,98.07961396747237,happiness,5f60b7f1b878131628349c58
41,15.75294767427899,2.6026875,2.6240000000000023,0.033353023972390164,0.24773110160559647,0.056195517585553335,2.2759210246301578,1.4090161612113838,0.3861003861003861,3.202268960546506,5.2264476391447605,81.55891576338462,,29.77167343402953,91.88510258708122,51.48775344855382,17.624479339614826,happiness,5f937dc3f8fac448cc0a80fb
71,13.752527147924411,5.1626875,4.544000000000004,0.0037743178045363877,0.019644095951600635,0.0047081979453195725,3.767814182154548,3.9839989853785815,3.1067961165048543,4.831223653623334,0.32480237227073955,1.2883618415141855,,24.173344533545606,125.68979932449118,90.00228875472077,21.131573912884885,happiness,5fb9c791576e9378b67ac591
104,15.72570737331544,6.613375,6.656000000000006,0.01990210802372373,0.23299948985004806,0.024115947797823344,7.103718952577341,7.023971679062389,0.4545454545454545,6.378051616916935,18.439682447790158,19.675355496038517,,15.174013399415175,66.51241634790865,30.716858776534167,5.664876437585009,happiness,5fb37fa248cdda3a922e4f26
63,13.183536274343112,4.7786875,4.032000000000004,0.04455282841327584,0.3518926908012147,0.08065224341875003,4.293371503743297,3.532977224362634,0.21008403361344538,5.044264561667958,112.23261980090064,312.69229452838215,,40.32211660695756,220.2892017398002,434.3939314265223,161.66567811653863,happiness,5fbe07becb503578af9eec19
93,13.210227272727273,7.04,5.952000000000005,0.03764907101020833,0.2140997217051064,0.04912503241740592,2.7987685630282693,2.2549491635064705,1.8492176386913226,5.0015801592149245,23.903650255261507,255.02540971455534,,40.89412695530438,186.753657705052,268.30546129938955,90.94214057102518,happiness,5f65395a9e04b149046cb511
80,15.625,5.12,5.1200000000000045,0.025269608669935367,0.156378378011663,0.02598255296320243,3.3057650120464306,2.9722197402137533,0.19569471624266144,4.875220645144794,4.381285576450394,36.32784983993144,,72.75142875395768,245.93930412642848,400.87158130994806,96.98133521983831,happiness,5f6980be111dfd48d40fcdf8
45,15.980113636363637,2.816,2.8800000000000026,0.05331733271509525,0.20253848602365288,0.05347976621793254,3.1707090875381994,2.3621871880543894,0.3571428571428571,3.9113847729207563,3.7411459540981804,32.08783912168164,,41.66008174765849,111.84635266930246,95.04877373483913,32.91773325203261,happiness,5fb9faab4c55eb78bd7ce10a
62,9.952844386475368,6.229375,3.9680000000000035,0.0019440708692637014,0.008768575021481106,0.0019444507633561796,3.451860211149187,2.940332581589205,1.7713365539452495,4.961533826956588,0.055114963661748784,0.2897933051805034,,32.32194204157473,263.1392109345054,444.8836501831968,77.42190638392472,happiness,5f8271fbf8fac448cc0a6923
102,9.9609375,10.24,6.528000000000006,0.002545268715970936,0.0122122691345264,0.0026116041368959763,3.49075986356742,2.7636230800050106,0.19550342130987292,5.838455350868677,0.2229420806179797,1.192443076965443,,33.25413514240009,283.3284150573277,469.86661791448586,67.73095428020612,happiness,5f3cc7908a3c1005aa97c704
40,14.204545454545455,2.816,2.5600000000000023,0.0011662581403703437,0.0037105134391521174,0.0009696779515026666,3.9488752043834725,2.6781657329287802,0.3571428571428571,3.927066954827535,0.0011477142431980014,0.011661160290530697,,55.42336691772843,153.13301872376383,159.8248083970215,47.23642299019932,happiness,5f6dfd54111dfd48d40fd204
114,14.926594543282215,7.637375,7.2960000000000065,0.018240221727879355,0.14577914307700765,0.023022259168128174,3.1071550223055584,2.944154652025173,0.26246719160104987,5.459938460403997,6.66136447034038,49.021523717547815,,50.591292429358546,207.94340395626395,295.79014297178264,92.68711843435715,happiness,5f62b9292e23c7161accd4c7
51,12.073863636363635,4.224,3.264000000000003,0.02119788177025337,0.1278211364130881,0.02203198428113855,3.612940027737445,3.544352780179156,3.0878859857482186,4.891791418632776,4.853361955808495,14.867763689912557,,39.30841155813196,206.65794312602742,183.25881701670832,42.88287351321757,happiness,5f6018d02e23c7161accd285
57,12.256252435795783,4.6506875,3.6480000000000032,0.020723632712998905,0.1304836708678543,0.021938183399828632,3.602491377801439,2.847287563025766,0.21551724137931036,4.7223958112207916,4.608193520786675,22.680762425865204,,42.612753502533906,222.24979074526112,188.1633243572804,46.02087815181709,happiness,5f64a9a8f8fac448cc0a5793
79,15.691142697535843,5.0346875,5.0560000000000045,0.00037686074987473356,0.0016540649804802862,0.0003965168907966658,3.436535460769848,2.3094505640393974,0.199203187250996,4.551968047126312,0.0010652608159196879,0.007103751044022523,,60.68580911452539,121.51855608708271,97.84637702113662,28.092191791284918,happiness,5fb48763576e9378b67abec1
96,15.0,6.4,6.1440000000000055,0.09162182762548118,0.4289090934641903,0.08623846157516278,3.817556804211812,3.2998916284684205,0.31298904538341155,5.262158654172736,122.51543916195347,434.9068401917891,,47.061659604050284,240.5998629372241,354.52516609991903,55.627427512050815,happiness,5f60bdb63bd6941613f6d492
40,8.012820512820513,4.992,2.5600000000000023,0.0019248248176426195,0.013257741032586064,0.0029501861187986762,2.422168613255097,1.9757188281854283,1.2048192771084336,4.233530619817223,0.0427318382147502,0.48569880703315155,,22.609437158802084,280.8421533154555,181.73609144327253,55.99387122654142,happiness,5f6eaae9f8fac448cc0a60b6
56,14.747029197801112,3.797375,3.584000000000003,0.003223545121475959,0.024614600449642914,0.004853482261259041,3.904467241426867,3.5140546417389182,0.26455026455026454,4.572179025213309,0.27589915777731794,0.6470056058495233,,57.92590800605789,131.703105486624,179.53673139744546,40.09076066557431,happiness,5f82cf579e04b149046cc643
68,15.324375334516464,4.437375,4.352000000000004,0.00032305293697992604,0.002263659558902405,0.0005388167403232635,1.6648742651889843,0.9548045013597652,0.45248868778280543,3.323376583633625,0.0004472140157108524,0.024561278417555683,,35.77888159840898,786.432861608156,893.4866608934908,310.7780048986682,happiness,5fb9ff36576e9378b67ac6ff
93,14.246323529411766,6.528,5.952000000000005,0.0275117250493926,0.25067538281939883,0.05149268630163289,3.698077872856397,2.3529918207727905,0.15360983102918588,4.574998247905529,47.19539475552999,202.29743572123658,,40.77500028411309,212.9920924713041,403.6502405576318,153.20258648497096,happiness,5fbe0b1e44697678c497bf0d
71,15.848214285714285,4.48,4.544000000000004,0.027803835300899898,0.10409518297210209,0.02986829006879483,3.176623829369187,2.745197788681161,0.2237136465324385,4.548095823335307,5.519595024350365,28.59416956614063,,56.039723534643564,157.76032996632694,162.65433896553014,48.61691656476262,surprise,5f5b60523bd6941613f6d07a
88,12.5,7.04,5.632000000000005,0.002197359863269977,0.018041113691004824,0.002765461241493727,2.7311066367376124,2.784102551686368,0.995732574679943,5.102393971867609,0.22439609023924717,0.7233272405923287,,63.16376931644725,216.7530645577642,702.0966092056727,94.11046813978099,happiness,5f98402b111dfd48d40ff68a
84,12.784050375246121,6.5706875,5.376000000000005,0.0008748730627658342,0.006322649253481686,0.0010423373029836123,2.7157966870916574,1.8562428539830782,0.45731707317073167,4.742166086333521,0.009763272676876966,0.10114460133991823,,48.05880530429368,157.00353425680618,390.30867793106023,70.35795406869343,happiness,5f8132b5f8fac448cc0a67ab
89,13.723184858238728,6.485375,5.696000000000005,0.032014383120120615,0.1534672720150371,0.03674403620931141,3.610948977608962,3.146019031991354,3.400309119010819,5.148053503060347,26.19822524605915,101.88757991665017,,52.220207421747936,274.5212360965204,414.6044206646884,120.16454646898843,happiness,5f6de69d111dfd48d40fd1f9
56,9.442412873718265,5.9306875,3.584000000000003,0.001503614794409026,0.008994068761892867,0.002002774695724811,3.2463752990152366,2.652299318911615,0.16891891891891891,5.055835942816755,0.07055061520829985,0.30995339028531793,,33.31442536669162,224.61298156324983,294.28413214166017,89.36637159397286,surprise,5f70ae25111dfd48d40fd40d
125,12.793367918071272,9.7706875,8.000000000000007,0.0009756445133247996,0.005137326842971626,0.0010263199608888877,3.0826930587258516,2.328795310987439,1.1270491803278688,5.331504600594127,0.02146377675186762,0.1582043187248571,,30.963818488953557,172.20094452152335,223.48806273763967,51.40915439868415,happiness,5f6aedfed338b948c4e6860a
44,15.865146256817054,2.773375,2.8160000000000025,0.009976924681490017,0.03217638294082795,0.006569045055688996,4.8981212567461805,4.971718079588146,1.4492753623188404,4.74042986115249,0.23490025427867178,0.42828119921722596,,49.49669467176802,170.75028668663992,160.8534912126977,34.71950784797848,surprise,5f98e3be111dfd48d40ff749
86,15.269886363636365,5.632,5.504000000000005,0.01469211095190756,0.10143491089392631,0.02072638982389055,2.8731484885101777,1.5651624532583972,0.17793594306049823,4.089117165452099,4.320913042740305,43.78932012942128,,65.98972183778308,140.67260918623415,270.23628019429054,85.8045557217837,surprise,5f62bb8d54b2361621284c8c
42,11.71875,3.584,2.6880000000000024,0.01745587984340339,0.11608899468561425,0.026626770707329498,3.183348335736171,2.0585400492260697,0.2801120448179272,3.80954041505015,3.291344719714829,27.44835852611055,,51.47417438374043,181.9036594830442,204.88646726867614,83.83054928152701,surprise,5fbe1524cb503578af9eecad
104,14.953942934172096,6.9546875,6.656000000000006,0.04852849813093048,0.14215366784281533,0.021701259879386394,6.002871211783933,5.279000881763379,1.440922190201729,6.006845282372974,10.38624729967748,21.16145697302906,,18.168612221413174,98.89897935357229,44.499613472416854,8.510404121129532,surprise,5f64b5c7f8fac448cc0a57b6
68,10.916022875489114,6.229375,4.352000000000004,0.06640490282433999,0.38812228620099815,0.09505953001205678,2.697894511587723,2.0748766701950476,1.1272141706924315,4.6990982986105925,92.2587954217007,722.6453450657908,,29.03790818168413,170.4895239229188,264.4771215546362,87.63857604303504,surprise,5f5b7bbb2e23c7161acccf5d
83,10.238460530272075,8.1066875,5.312000000000005,0.0270846237289429,0.27466619254957797,0.04320391046136921,3.2398560219898505,2.677193449765058,0.49443757725587145,5.425070995495133,31.93371101767498,181.5146073149461,,47.109443000014686,219.67733675848018,479.59294386672605,117.02065731712034,surprise,5fba3b85cb503578af9ee18e
120,13.392857142857142,8.96,7.680000000000007,0.03435122393206178,0.22077835557953415,0.040164957746040876,3.997854706681399,2.989132572202478,0.33519553072625696,5.744435708135045,67.94495441840539,229.29496718952922,,66.67349716798553,201.4321266961867,329.0863072927035,109.55383400112245,surprise,5f3dca148a3c1005aa97cbb9
100,13.167098712093157,7.5946875,6.400000000000006,0.026687918214046865,0.18203675003500616,0.03486378989145515,3.9262225174515843,2.692390131253602,0.395778364116095,4.7646500402560505,36.96612674376066,148.29722760214838,,45.68384846477446,253.54858865366623,379.90941335495313,116.02395475772244,surprise,5f5e1ad454b2361621284906
105,15.477594339622643,6.784,6.720000000000006,0.04690573985746197,0.22294490491334204,0.050103186004886474,4.37900578109308,3.704789131478781,0.14771048744460855,5.501199434462019,66.80590945829137,145.66368187814416,,53.15967237022289,270.32716141926255,452.0050203851247,126.77006181772097,surprise,5fbcd83644697678c497bc50
29,6.235637204176801,4.6506875,1.8560000000000016,0.010480351983469346,0.07740810133080815,0.020094398897536822,3.2498574654888377,2.101056977245786,0.4310344827586207,4.204429066748265,2.5129883408693248,20.815585621360732,,26.103731018762872,210.6768454406523,163.98251067138295,35.51317601312955,surprise,5fbca6334c55eb78bd7ce975
161,13.333678407826289,12.0746875,10.30400000000001,0.06831055358838314,0.27801000390982417,0.06226781244480716,3.1321331750518864,2.56809304897349,0.49751243781094523,5.883056187173189,153.7843318695652,846.8551263833587,,45.241979949246236,217.92084496403788,282.05836208420885,58.93916110906799,surprise,5f5d7539b87813162834999c
45,11.71875,3.84,2.8800000000000026,0.012527211946875286,0.08261180379730247,0.01443832199690557,4.123537950208252,3.500786048008701,0.5221932114882506,4.710075375615216,1.507500642943753,3.9846219952811683,,43.66039358444586,157.8053079438456,201.0772119191614,70.86283011541717,surprise,5f6b419a111dfd48d40fcfba
52,15.827721340790625,3.285375,3.328000000000003,0.007638706168164967,0.0355541952278326,0.006384381641914374,3.8900400849504426,4.34275220739413,2.4464831804281344,4.742529265352762,0.5911754523680023,0.7309731797047626,,60.20526952988969,153.17390064174967,157.45470667747657,39.4897073047692,surprise,5f98e452111dfd48d40ff74a
115,12.536280267622331,9.173375,7.3600000000000065,0.001346414326268358,0.00544047704133719,0.0013310616884419013,3.301135743288583,2.570572664122827,0.8733624454148472,5.517942847387319,0.04585445566547509,0.2711203619243663,,38.71057231440524,197.61886339854627,405.2289237959428,57.23424443868422,surprise,5f6309da54b2361621284d10
70,15.051538079047452,4.6506875,4.480000000000004,0.0011585701964723267,0.007320718451729365,0.0016595515665625467,4.623292943750276,3.1882498836545325,0.646551724137931,4.835794363022302,0.03503667261022811,0.11800023922267884,,39.20287278216991,125.46856177288477,111.56241769755178,30.778725092601277,surprise,5fbcc1484c55eb78bd7cea07
68,10.282193282552404,6.613375,4.352000000000004,0.0018665250269226806,0.008145252016058976,0.0021036280327493386,3.3466798742570867,2.2505321431196497,0.606060606060606,4.819234481343849,0.06221426383252535,0.4975361195519816,,38.28441847413758,463.4928146206928,974.2011884932444,308.0211224356251,surprise,5fbb167c4c55eb78bd7ce384
63,8.584641327212802,7.3386875,4.032000000000004,0.0008276842460260757,0.004319747851921881,0.0009262812802866823,5.2903169632471165,3.8335307924500395,1.2295081967213113,5.661958163902829,0.025617843433649222,0.08268780061817721,,45.15331185806466,472.6771766788511,1756.2347117242414,589.246455222035,surprise,5f630695b878131628349e8f
51,14.229910714285714,3.584,3.264000000000003,0.04413667451683191,0.17821563909269952,0.04468538751931075,2.8019966258600637,2.2780954958826816,0.5602240896358543,4.060133455305952,4.022641311635395,32.71643718229407,,48.29794002827347,201.53524557756413,178.99387913449723,46.161462244878884,surprise,5f6ad370d338b948c4e685e4
124,13.392827007067686,9.2586875,7.936000000000007,0.012776975815819512,0.08358766459099952,0.017245621214142172,3.4583951467208593,2.2176111448839086,0.3246753246753247,5.021866158132535,6.348584110451911,48.84794080113083,,56.389078642093125,109.45220205276078,141.36213675586595,30.044687686427714,surprise,5fb9c669cb503578af9ede94
63,15.380859375,4.096,4.032000000000004,0.03227887563064879,0.14791394574234143,0.03339100214446911,3.5648338949979776,2.8098314836071756,0.9803921568627451,4.701854656878307,6.062210600895888,34.30413957136089,,43.03838462662754,230.98417753363276,317.8674351061366,104.97263007053931,surprise,5f5e1b282e23c7161accd116
53,15.92548076923077,3.328,3.392000000000003,0.002678949183849888,0.008336514228370742,0.0017036345200183978,5.400807726647591,3.966267192700053,2.719033232628399,4.509080610518073,0.013681835188342347,0.03922790445499311,,17.615145311661813,141.2881171890752,72.1568017338185,14.837093162650513,surprise,5f693febd338b948c4e6840f
80,10.593220338983052,7.552,5.1200000000000045,0.0015538883265910548,0.007625291659885145,0.0017084886751749136,3.1037088498374423,2.385572287415735,0.13262599469496023,5.136298497877835,0.05241461202225207,0.3475743530113378,,44.975183688067645,228.47950106570858,244.36823447265428,48.96426499401762,surprise,5f63e1c53bd6941613f6d794
46,9.136614735274035,5.0346875,2.9440000000000026,0.016582852988998396,0.08167939542318527,0.023833137836138055,2.8407358200541415,2.19956297208157,0.597609561752988,4.253249141768941,3.5703983142157667,24.35209132008713,,43.763591066603176,228.7305079327799,459.08703892944027,68.32868795255449,surprise,5fbca5e8576e9378b67acf78
75,10.044614830873797,7.4666875,4.800000000000004,0.0027090104318225525,0.019444133957766487,0.003381042279025441,3.134334287870921,3.1025757354041197,0.1342281879194631,5.597854012536672,0.23061127061389705,1.0185902087847205,,21.72318849838592,218.87460815547743,270.23628019429054,65.8455943988802,surprise,5f98a721111dfd48d40ff6e6
47,13.599537037037036,3.456,3.0080000000000027,0.03926788152107767,0.15717490512292404,0.0397325996958238,4.20796140772455,4.462122238268064,0.5813953488372093,4.579300482465761,13.012049520684066,20.166419338854357,,51.24675351054328,249.5299055234914,225.06142251696025,53.96054400464566,surprise,5f917688111dfd48d40ff095
66,9.979775833065569,6.613375,4.224000000000004,0.001423915930896168,0.00799905300287474,0.001790374860284641,3.467439862529361,3.1005642045637933,0.909090909090909,5.191138546016233,0.060257061923830534,0.2830660030743253,,27.63408477465696,299.3916760646324,367.24370599424964,87.0412272575399,surprise,5fb33c7675b0a9389bf3967f
95,13.57651976634095,6.997375,6.080000000000005,0.0031245639660027157,0.019849254206065405,0.004540912141602898,3.447495044998146,1.9070347908560765,0.14326647564469913,4.643761342919015,0.5174365586736507,3.1714878037909093,,35.82638886419008,143.14383812553504,167.81542016517585,31.12893286880904,surprise,5fbb4ee344697678c497b63d
58,10.298295454545455,5.632,3.7120000000000033,0.002276068163576968,0.008298420865661219,0.0021030244959963167,2.824498732064214,2.594033014954494,2.135231316725979,4.639737958799118,0.026967752305246576,0.29796252413127716,,45.49740937714984,229.85042244184353,265.0562685248526,54.489337962256684,surprise,5f6a10b29e04b149046cb9e7
92,13.310185185185185,6.912,5.888000000000005,0.0014154756931301353,0.007688080676780442,0.0014290479005071523,4.352639523469324,3.9523088414806584,1.1594202898550725,5.489402153338451,0.05566521661836001,0.15093989991557155,,35.72274997527282,216.7388979428806,305.5516739313828,78.32411101152194,surprise,5f808a66d338b948c4e68f17
69,14.836516106489631,4.6506875,4.416000000000004,0.020341437667496742,0.11155344681499166,0.027293765714695703,4.206888819408012,2.354359512772999,0.21551724137931036,3.933632245004335,4.417805597591453,22.34136536909545,,68.27090008642854,150.37749015533592,228.53074524959408,76.44571590503274,surprise,5fbc9dbccb503578af9ee7f1
84,11.186017478152309,7.509375,5.376000000000005,0.002344836366538512,0.013213722401480145,0.002513738503736034,2.7536165227021927,2.5744517766915522,0.6675567423230975,5.2152701775187715,0.10483869151993724,0.7489363355955909,,51.436310598416384,270.644570276283,224.61801274922712,57.60331593648954,surprise,5f607e173bd6941613f6d445
58,14.014104713148795,4.1386875,3.7120000000000033,0.054110306057538964,0.2654954945029484,0.05763375401071397,2.7548424184227778,2.0613967307304706,0.4854368932038835,4.091384091718783,17.449759049691153,142.4455792710363,,14.283429826004717,224.2996319472802,63.688369671451795,17.900004194661438,surprise,5f62ce452e23c7161accd50d
49,11.484318924224004,4.2666875,3.136000000000003,0.006381731990491639,0.037176309974781586,0.008281074956643068,3.985634364142423,2.8053376124839287,0.23529411764705882,4.448024161416396,0.8682415365580858,3.1017326851000377,,36.25926442481682,131.21422748772926,141.36213675586595,52.60152684430254,surprise,5fbb2ee3cb503578af9ee2ec
74,13.139204545454547,5.632,4.736000000000004,0.015114080568375175,0.13385893441319155,0.023938574263580457,3.028601377584827,2.7204926178521465,0.5338078291814947,4.979706009250409,10.644309717450474,43.54621421732425,,57.60369360798138,167.98227070523154,245.98499165172495,86.57036826336086,surprise,5f708d0fd338b948c4e68a53
62,14.678030303030303,4.224,3.9680000000000035,0.0010296293847064438,0.004888398208370067,0.0011214236719238203,4.653834059892379,3.55378085624771,0.23752969121140144,4.8015821484951315,0.010488947440886813,0.039906293656353536,,48.31668706619927,130.48053259630603,315.66228094586256,63.024070810519596,surprise,5fba36a644697678c497b3cc
84,11.122881355932204,7.552,5.376000000000005,0.001366807030890536,0.008283657101084908,0.0014713317989697766,3.7849185359925914,2.8471706857926606,0.9283819628647216,5.299350189805055,0.05245113530622332,0.2035531139215406,,40.6479963976152,165.22921008340396,178.99387913449723,42.5866882581647,surprise,5f83081bf8fac448cc0a69af
63,11.626431677412658,5.4186875,4.032000000000004,0.02754227984154622,0.2455858771265474,0.040996479239311615,3.5458339754755013,2.589254077214743,0.5555555555555556,4.857823875538949,18.170691210981555,112.91011737300293,,58.89638206499884,200.15134934840276,247.7865093813503,70.62967603686882,surprise,5f69e787d338b948c4e684c9
87,13.503681499374292,6.4426875,5.568000000000005,0.002642415506566867,0.00970297957438868,0.0024533165909478433,3.4483319177119,3.0755728841954775,1.7107309486780715,5.200746388771032,0.08272566469135637,0.4132096024004661,,44.53719806766864,195.5676079355035,212.05613042340593,67.37904557682768,surprise,5f681f879e04b149046cb7ef
96,15.517189125844808,6.1866875,6.1440000000000055,0.05330151600460213,0.11112375193260741,0.021631436513751302,5.506913961156323,4.7404677358072185,2.106969205834684,5.765262711488337,9.388635687768879,22.182346451687284,,44.37148675756562,104.53138805682472,350.86834967617636,41.03332609594082,surprise,5f68c9e4111dfd48d40fcd60
52,11.607142857142856,4.48,3.328000000000003,0.0066955091647085685,0.05213981565388235,0.011744551464504016,3.5119335213203655,2.173073883471412,0.6711409395973155,4.122600574486019,1.1513519071109868,6.847672159728057,,37.03687702124203,201.7871777274985,268.31318307590834,85.0711784732927,surprise,5fb9c5194c55eb78bd7cdfa4
37,15.213815789473685,2.432,2.368000000000002,0.028728750387579372,0.10383843303255606,0.02698522238201368,4.424536825990932,4.856334122907044,1.6528925619834711,4.614840863936864,2.2811489792843136,4.397750989997206,,44.725956492964166,148.67732071759565,137.0828338831368,44.931073869246376,surprise,5fbdd260576e9378b67ad269
61,8.612549967791182,7.0826875,3.9040000000000035,0.0012182006710212145,0.007613636139208165,0.0016111515018067421,3.3714414961419434,2.3012522815098024,0.14144271570014144,4.884733968182161,0.05055459419858598,0.30813201663908385,,37.085182006184326,248.66804160378314,291.8685549460175,48.7019188856973,surprise,5f793f3ff8fac448cc0a649d
89,11.653218546948397,7.637375,5.696000000000005,0.0026340566000341,0.01640686131687221,0.002695163908270167,3.291513175876192,3.202403927558269,0.7874015748031495,5.5741678883289705,0.17386999541093637,0.6375012081792913,,40.45983872211758,248.30551783846747,287.0963487728022,58.40042157000871,surprise,5f6fffd4111dfd48d40fd370
121,14.109141791044776,8.576,7.744000000000007,0.0008138828711212775,0.004279029051516624,0.0009357647369135137,2.7389281370909595,1.6896979010433932,0.35046728971962615,4.843672608513343,0.010164794467878543,0.13996434525609222,,52.45802527371029,153.87796034700744,238.88208462592382,48.435149761708836,surprise,5f6afd189e04b149046cbae0
62,10.925711768269178,5.6746875,3.9680000000000035,0.002491529839218091,0.009688624787566857,0.002406375103959337,3.6923230412958112,3.10170236152465,2.1201413427561837,5.086808399599746,0.07124749417970913,0.3203358226700791,,44.50359550500236,215.63536728148497,268.30546129938955,59.45543461481645,surprise,5f831be7111dfd48d40fdc21
68,11.89357003869783,5.717375,4.352000000000004,0.015974654218028208,0.12278532075816333,0.020101256406910174,4.447975460924962,3.996025233497314,0.17543859649122806,5.650064299664271,11.089043089738944,28.856986491847053,,48.523352449077194,238.67077355844114,310.593439048077,85.91006544696997,surprise,5fbb1ac444697678c497b503
55,13.020833333333332,4.224,3.520000000000003,0.01970193095087795,0.16309756859287802,0.022750914502120415,4.048928368637789,4.086570807584794,0.23752969121140144,5.073230547618815,6.322942130161465,12.684616782481081,,38.84038687838679,173.63696308097298,329.0863072927035,91.95220010504882,surprise,5f60bf3bb878131628349c71
34,10.216346153846155,3.328,2.176000000000002,0.0033979071203908678,0.013157956535131795,0.0032048550773942364,3.4970701372979747,4.080307532676539,3.021148036253776,4.26009410061126,0.054890178791395926,0.1307028303176473,,43.81960965829076,261.89731911281774,258.4875412025396,65.49771791541176,surprise,5f6c23e2111dfd48d40fd097
54,14.22034958359393,3.797375,3.456000000000003,0.020708532926959164,0.08573508597745862,0.020981151994023884,4.140744408543155,3.8001876510914405,0.5291005291005291,4.939951067731251,4.0947329719246115,8.301835415513514,,54.13697119654416,258.7471960566291,319.64961679404314,99.50353758072924,surprise,5f77c8b6f8fac448cc0a6360
91,11.405384657564293,7.9786875,5.824000000000005,0.0020890910387720706,0.009356894078494802,0.0022873803805512683,3.4488114245795956,2.8252884755884082,0.12562814070351758,5.281156742754517,0.10844976662140138,0.5992389400266382,,45.69974671022102,245.53920328510316,294.2973487916218,79.45811003045537,surprise,5f992fbbf8fac448cc0a85d2
79,12.681850105347648,6.229375,5.0560000000000045,0.028267480460055717,0.17313789153158196,0.037180631230422895,3.211109459768072,2.151675644823626,0.4830917874396135,4.640954519194027,13.829771009782638,103.20161651495566,,46.776959327954074,243.68800656566623,307.716872413573,91.22963596608602,surprise,5fbd0f3644697678c497bca7
70,12.718023255813954,5.504,4.480000000000004,0.013445171865037724,0.06419940505635541,0.014129541736334551,3.2721994089308692,2.142239442988798,0.5464480874316939,4.601387291911846,1.171785913284359,11.38788831815169,,52.75763620869977,177.14862371041514,228.53074524959408,68.1122067787472,surprise,5f5c207a2e23c7161acccfc0
59,14.868951612903226,3.968,3.7760000000000034,0.0013727055302913667,0.003916046046456345,0.001126602488321579,3.999436610441279,2.9643528748496,0.2531645569620253,4.486423135446239,0.008372770721922768,0.03356907279741513,,52.453093544894365,145.7632566685431,133.18461302324906,44.208912174262636,surprise,5f8da64dd338b948c4e6a2c8
61,13.880395363720401,4.3946875,3.9040000000000035,0.018167538220577786,0.10678941788573174,0.020812066828153022,3.9450425146838106,3.8942640644629964,0.4566210045662101,4.982085189007277,5.544953038959809,12.177008957615874,,47.55292559870866,203.9708363340136,341.07908552448333,73.71808358277197,surprise,5f6363d154b2361621284d6b
89,11.784957627118645,7.552,5.696000000000005,0.012308390510465846,0.07772884562383846,0.014368837618742334,3.2133102854882964,1.9809715999010327,0.3978779840848807,5.018029127897779,2.8934152983079646,26.09854552409356,,28.443437279313855,119.66896045046464,95.97592684906726,21.547625842734444,surprise,5f92802b111dfd48d40ff1af
42,14.06240190846883,2.9866875,2.6880000000000024,0.034629635775657426,0.1920866745471985,0.042584540885259294,4.63971778541474,4.257734300197671,0.6734006734006733,4.553209659756335,7.908224800496575,18.21889739496683,,54.126587736527405,215.7678102700448,293.3950682651454,83.7546771137187,surprise,5f81da04f8fac448cc0a68e6
86,14.82071884794761,5.8026875,5.504000000000005,0.0021142788062444504,0.009703634925856892,0.0024000620695446883,3.246919195441942,1.8690589452997663,0.3454231433506045,4.0818009447248915,0.03840137414811383,0.35192814523950433,,38.832307859314234,151.4617612516279,92.1931308399452,25.44425595269799,surprise,5fbcc137576e9378b67ad02a
77,13.569029131560107,5.6746875,4.928000000000004,0.009414875106088495,0.09731851905112997,0.01572865558454286,3.9277078212860994,3.5981031813248254,0.17667844522968199,5.179863979247023,7.6004797497955625,17.222628401135477,,33.80709504332355,104.34687966665477,129.7799199939686,34.40829114669259,surprise,5fba17674c55eb78bd7ce19c
219,14.218297943134923,15.4026875,14.016000000000012,0.0014418143258784178,0.01134551228017366,0.0018806330299256258,3.6397466186973473,2.6990604025355878,0.3898635477582846,6.182491646768405,0.2282797231443335,0.9343619538971828,,57.27202847610894,157.94759319430037,416.28113482835084,74.7451800316185,surprise,5f5f075954b23616212849b4
66,13.689040989344326,4.821375,4.224000000000004,0.06124707004481239,0.15835329651036575,0.026619430945175597,5.211580199602852,4.380463978259383,0.20790020790020788,5.2514177565242495,9.416429320868527,18.50708774848033,,37.080089478239984,130.78840657388324,236.39652668693404,71.94321340475783,surprise,5f68cbf2f8fac448cc0a5baa
57,9.542344152175279,5.973375,3.6480000000000032,0.0012162377399949583,0.006026416080652256,0.0013291741713621706,2.790766085720667,2.1749450039744835,0.6711409395973155,4.7077053769435935,0.015361749503132752,0.14507897682086646,,32.3313416084395,193.5641604113651,210.4604045334168,51.866434413670916,surprise,5f66a00b111dfd48d40fcb2d
97,13.45225403264252,7.2106875,6.2080000000000055,0.08854925881271498,0.3579345032724158,0.09702784737232022,3.1615804835130294,2.753847200789053,1.25,5.182262304660763,168.09637756339518,892.7603670520576,,39.444366734728966,214.04335759091018,492.3222005188725,95.02917251413594,surprise,5f5b7c6154b2361621284732
74,11.18944563101291,6.613375,4.736000000000004,0.005520147380555419,0.028674338732638655,0.00669395468030518,3.2539420297433894,2.9910540350552646,1.9696969696969693,5.267905884419987,0.6655357387581552,3.1211316662570647,,47.77142517735061,134.88745431423987,352.5198985689557,77.61370082298578,surprise,5fba19decb503578af9ee071
57,12.035472972972974,4.736,3.6480000000000032,0.0021220154164231027,0.008373717493381262,0.0019490879917065883,4.0762910553211755,3.9685124760479593,1.9067796610169494,5.24634149162462,0.05982235831781429,0.12688744548839795,,18.262417390252885,314.37786873937443,223.73595150773065,45.19169180916422,surprise,5fbb6ab9576e9378b67acb7d
80,14.88095238095238,5.376,5.1200000000000045,0.0032954692690830164,0.013640407186168043,0.0029922291677449207,3.4230598718388396,3.1767493347637803,1.4925373134328357,5.057975789387514,0.08688175880647543,0.36657500099851464,,28.927859522398485,192.45410648860607,197.5497396295223,48.95538024712104,surprise,5fba1c224c55eb78bd7ce1d1
48,15.625,3.072,3.0720000000000027,0.00456776474589969,0.02693633585603083,0.00678289967623897,3.159694284717177,2.620723868827086,0.32679738562091504,3.953539251592301,0.1341545917002062,0.8338644716241023,,48.91398700780788,164.68888241090494,202.61858152730787,78.67054525195653,surprise,5fb87344576e9378b67ac1db
163,15.100020264597747,10.7946875,10.43200000000001,0.017179587421815926,0.12605074962423934,0.026297479407221727,3.099434045264825,2.4403560424910937,0.0927643784786642,5.717697964505335,38.59256245552995,200.3680731609526,,54.34613242975569,155.14447129281294,482.7477386965147,123.60386860563305,surprise,5fbe2a19cb503578af9eed2e
88,13.75,6.4,5.632000000000005,0.005085172853553963,0.022955014717371866,0.005328296089422122,3.217398280530615,2.4679729888886985,0.31298904538341155,4.714388408738299,0.2749477785064335,1.610879482568365,,36.259343488739184,141.17832127018772,170.68255189130872,26.430409185715437,surprise,5fbb506fcb503578af9ee3bc
29,15.104166666666668,1.92,1.856,0.02761778526489146,0.17176063100950614,0.038940214344903926,2.2300132484006743,2.6084259451981806,1.5706806282722514,3.374209973141224,1.6124457193106232,14.228480951424142,,59.99403182122919,158.4419416135612,132.8922529984466,45.7043736669467,surprise,5f6032cab878131628349be1
42,9.943181818181818,4.224,2.6880000000000024,0.03976309093987773,0.3417629638577071,0.07234686334239002,3.6082142259186636,2.7404747247660834,0.23752969121140144,4.383177996200854,78.0869968209275,291.8716595150902,,31.505231385281913,167.3467361267671,247.7865093813503,99.90505895954453,surprise,5fbb854944697678c497b800
38,15.903740517917868,2.389375,2.432000000000002,0.004433940314699401,0.012490618663576376,0.002811149867480714,5.891739458908384,5.100238541851462,0.8438818565400843,4.503426244186745,0.01661920361543978,0.03342270368623319,,15.994367278150708,142.12545629457495,48.128807137126586,14.173271705003184,surprise,5f924f529e04b149046cdc67
82,12.399115428960252,6.613375,5.248000000000005,0.0009126258424066138,0.006190662277114907,0.0010091959336234499,4.040924072850684,3.2694118647590225,0.4545454545454545,5.36617466780474,0.021384321264069736,0.07258546069596422,,36.495606957753246,177.90634291376742,189.33160537699058,46.8607848278076,surprise,5fbb32d14c55eb78bd7ce42e
49,14.005251969488558,3.4986875,3.136000000000003,0.034468358779902585,0.1658899573192202,0.03974662631865326,3.676467071578501,3.8083249875250833,3.1609195402298846,4.878810514552412,11.244212235996864,32.91706629429355,,56.81166636981935,239.78899164657997,331.3692260464981,109.8929059112567,surprise,5f80863ef8fac448cc0a6674
77,11.350235849056604,6.784,4.928000000000004,0.0009130619379058893,0.005637653801374815,0.0010110241890294773,4.018050862784975,2.5574688682238604,1.4771048744460855,5.085136522221588,0.01795784229853647,0.12223259780010183,,50.66517333399963,179.3245376648058,354.9385667360219,82.84677317935521,surprise,5f78104e111dfd48d40fd597
61,12.324788483394368,4.949375,3.9040000000000035,0.021488657461413097,0.124360798849327,0.025442140595924357,3.7602404319414804,2.829602430274038,0.40567951318458423,4.407447400764431,6.425969877382615,25.432484262899766,,54.375386239200694,175.50486590832062,220.17449472060275,71.6494077414677,surprise,5f6fe5d5111dfd48d40fd35e
111,14.373234706182272,7.7226875,7.104000000000006,0.003499324296217029,0.02775246527168672,0.006786554001601743,2.7627905792336067,1.794713554329403,0.1297016861219196,4.462566929148514,1.147924657821039,8.452272937898176,,63.675380853833765,136.11444515290924,294.2973487916218,83.6635213876429,surprise,5fbcbcf6576e9378b67acfee
106,12.060015643888217,8.789375,6.784000000000006,0.0009999578486114193,0.005021747890705778,0.001060905386143294,3.108121867923531,1.8676475640522836,0.45610034207525657,4.902337584299816,0.019251878699961106,0.16264618666065875,,38.36220275124689,151.07010413023826,282.16420534104145,49.43616545132381,surprise,5f808ac2f8fac448cc0a669a
68,10.282193282552404,6.613375,4.352000000000004,0.0005045634471825035,0.0037450863417047096,0.0007011019913074556,3.161184339857444,2.4377854411024384,0.1515151515151515,5.0645390077722405,0.007297870768609628,0.05929151593285798,,41.92138402488509,137.90430808846415,300.57775582181085,69.44729127130579,surprise,5fb48f74cb503578af9ed842
78,14.86280487804878,5.248,4.992000000000004,0.022511204657396363,0.0891284016237243,0.0242041327404592,5.222628389495722,3.835901261851717,0.19120458891013384,5.079802140943807,10.341289083581902,20.801000372515084,,64.71540431489441,189.66190540525852,282.05836208420885,98.55211244676674,surprise,5fbc9d534c55eb78bd7ce900
67,15.861742424242424,4.224,4.288000000000004,0.0021545098990064203,0.010944318580591519,0.0016344008744220652,4.383043695898763,3.8018990225187927,1.9002375296912115,5.037267734503433,0.021637547235371184,0.07487644336655176,,38.67181521651332,136.29758810682387,107.52972650401387,20.507281805729896,surprise,5f8e4f25111dfd48d40fec6e
45,12.555803571428571,3.584,2.8800000000000026,0.0014855725738594909,0.0052659410115301,0.001221234079227757,3.9976183854556337,2.924596152954837,0.2801120448179272,4.550061372115024,0.007998450295445672,0.034796610457110695,,40.112560481357136,171.00882780586636,211.79180840820425,35.46245730742986,surprise,5f8da61f111dfd48d40fec1c
103,13.79460436773335,7.4666875,6.592000000000006,0.001385914407997937,0.008531486520416985,0.001625028371116621,3.056954085007386,2.739276209941001,0.9395973154362416,5.171683598620832,0.043086487638503874,0.26116079410637966,,43.570273670876006,232.8916604394636,293.1685053494897,73.49354335973905,surprise,5f628c8f3bd6941613f6d60b
63,10.546801431351623,5.973375,4.032000000000004,0.0020722434465515398,0.00973916037681518,0.0022341852017252663,3.740899499486187,3.6225017405703883,1.5100671140939599,5.404598772420213,0.10804782976940726,0.28807515609093926,,31.208459733690358,255.18622484429758,304.8255647312932,68.63212604302703,surprise,5f6eb37ed338b948c4e68928
127,15.5029296875,8.192,8.128000000000007,0.060448518103296676,0.22679455795074502,0.0580594447102674,3.4192506386272212,2.6337894010209375,0.12224938875305624,5.3959831169988055,64.77696487627294,382.92043019523396,,51.079820139784154,223.2727948263193,260.7934988322019,80.5450478150317,surprise,5f5fd8022e23c7161accd253
64,12.09672655963899,5.2906875,4.096000000000004,0.0027281139254475787,0.016349955806755773,0.0025841148337352638,3.2879435371695056,2.5392679768913275,1.5151515151515151,4.473339068442439,0.028837910074040667,0.2653969751297,,52.85122132785615,235.33105293370136,459.2325320089278,63.30552557798057,surprise,5f866c03111dfd48d40fe078
121,15.412662903726584,7.8506875,7.744000000000007,0.07325458456227849,0.2727041440537043,0.07042163848484709,3.209606841241166,2.7781178272708584,1.1479591836734695,5.441336783019052,111.87592302497183,536.629450828911,,43.865190982544554,243.29390798502305,313.4698275389687,85.34889769768795,surprise,5f41d7639dd513131eaceef4
51,14.756944444444445,3.456,3.264000000000003,0.034997905794979384,0.15238917878058195,0.03538290650124658,3.985968478308466,4.000782851794665,0.5813953488372093,4.675694802822213,8.573677100269189,19.352207815013685,,55.91099943855048,238.9010852850331,335.97481460606457,97.12847855659919,surprise,5f5ec15c2e23c7161accd17a
39,7.55420505308524,5.1626875,2.496000000000002,0.002954908299120978,0.017672019104163522,0.0038177944366537342,3.6814873863772615,2.8841836688178217,0.7766990291262136,4.738610863419975,0.19965815264067185,0.6333475936355828,,54.546413991177076,856.9609645398006,1469.3196960474988,506.6233016408009,surprise,5f90293a9e04b149046cda9d
53,15.14853784454885,3.4986875,3.392000000000003,0.025112806782163925,0.14674067639933047,0.035823541172220065,2.877702422653103,1.814473515646163,0.28735632183908044,3.7925745280714107,4.35739603609237,49.91140790649477,,65.50950208942689,143.33651936686675,184.6969657132611,70.255065433458,surprise,5f8ba30c9e04b149046cd2fa
79,15.4296875,5.12,5.0560000000000045,0.019775822657326993,0.16779300041628753,0.027598860845897053,2.9595804153059295,1.9054225224897108,1.1741682974559686,4.35688207898451,4.329471422740124,69.31400381479561,,55.19836719696462,190.54559397437723,256.575312528724,91.96062247054157,surprise,5f6016ce2e23c7161accd27f
85,15.207424801520741,5.589375,5.440000000000005,0.0010312707910533777,0.004266025886103933,0.0009857899119870104,3.591477466336916,2.588943477313151,0.3590664272890485,4.727212887493792,0.007157360503047739,0.04542704619743812,,43.01354444111677,175.98101540197678,144.81450616967246,33.468902265664696,surprise,5f69a0ad111dfd48d40fce31
39,6.770833333333334,5.76,2.496000000000002,0.07432425394167053,0.45305377897205246,0.10500530914281195,3.313286980247326,2.4136528771008416,0.5217391304347826,4.7242916635917735,101.31462710811739,547.3154327831662,,29.470134885648278,114.98142333694344,173.4210512332145,55.833408627457004,surprise,5fb9e21bcb503578af9edf2c
53,12.29876722262509,4.309375,3.392000000000003,0.001756518843663452,0.005792991083178132,0.0016075489716406157,3.7093115284500415,2.91203698173713,0.2331002331002331,4.5240846748611165,0.017187430066881552,0.08421368629737591,,45.05119587240252,247.77696622648395,214.6405949919203,54.96388534297699,surprise,5f77e7e2f8fac448cc0a6396
88,11.921898020355286,7.381375,5.632000000000005,0.0011802842259518997,0.007180054213342563,0.0013942056728268569,4.232102129776487,3.1126505568788314,1.0854816824966078,5.466090072358459,0.06710596705868418,0.2401269265948739,,45.12952096279972,202.78868402190562,253.36352393880858,67.60898169900092,surprise,5f67057a9e04b149046cb6f8
108,12.347531565521233,8.7466875,6.912000000000006,0.03333942245088595,0.22183427159287553,0.050236278392054017,2.690704065013079,2.00954166764848,0.4581901489117984,5.0420539933163,28.871371586383376,401.3062431789825,,34.99340720917945,106.26100088131986,137.8169587634771,30.10587588135133,surprise,5fbc6a18576e9378b67acd88
64,10.0,6.4,4.096000000000004,0.000695999198846899,0.007141647524731614,0.0009722599219731018,4.123510780339213,3.746443343387508,0.9389671361502346,5.495724046275267,0.03219806557379253,0.0844654591844989,,51.27321787340587,316.8106581731888,482.2585485696954,115.90606806967652,surprise,5fb33dbf0fb0f33aa31ca1a4
49,14.005251969488558,3.4986875,3.136000000000003,0.03320220798080461,0.17733768327223942,0.04154015971145626,3.339541230378601,1.982117679302671,0.28735632183908044,3.551980350725016,4.71242249097959,39.11052457746243,,46.18855011210392,119.02802369685158,143.75994928447787,45.83318771966777,surprise,5fb9e10744697678c497b1a0
57,9.27734375,6.144,3.6480000000000032,0.0026540265684706545,0.011775849609478417,0.0028245727561627466,3.7546116298831724,3.0327752638086296,0.6525285481239804,5.2034237880492045,0.15412306364243092,0.515302704670123,,44.38461939702878,251.91511163414992,220.36839615233237,47.162038431958315,surprise,5f81c8e3f8fac448cc0a68ca
49,13.200431034482758,3.712,3.136000000000003,0.019873086951689815,0.1865888541482382,0.037633152408789804,3.5093009277234555,2.2697562604097032,0.27027027027027023,3.934333848777185,8.770981868607874,45.62125556846905,,56.41414229419993,88.07592500673229,103.58914210463126,22.819640654722917,surprise,5fbb536c4c55eb78bd7ce512
100,13.167098712093157,7.5946875,6.400000000000006,0.000915086122057978,0.004041819462869853,0.0009885262314908434,3.8112473157189646,2.6306952641828585,0.395778364116095,5.243971552650271,0.021106181943208194,0.1031098099624794,,50.642227399420065,167.62011289877327,251.4209135543536,63.044118933143885,surprise,5f708fb4111dfd48d40fd3e6
82,14.131383087577953,5.8026875,5.248000000000005,0.06260769739312963,0.2741812162438937,0.05382230590480465,3.2123013093224344,3.0019698809764006,1.0362694300518134,4.802538810959915,46.100439059592055,139.63340642737634,,43.148980181931776,149.45947975638606,153.63306796596578,38.7463885679494,surprise,5f8ff989111dfd48d40fef54
48,11.71875,4.096,3.0720000000000027,0.0014370486549019027,0.008578577882210616,0.0019341298809675792,4.135919162229338,3.7834893791539113,0.7352941176470588,4.93220917146265,0.04555364084146888,0.11739168492461555,,52.30523205778257,199.93365540847037,246.75563848949454,60.33734682445442,surprise,5fbb160f44697678c497b4ee
64,14.999926758170128,4.2666875,4.096000000000004,0.04924616672866085,0.16374709214008515,0.027009373126195325,6.1616149773158915,4.899495848637037,0.47058823529411764,5.080306392762226,10.08881985123473,14.651520317709716,,50.975190554654546,104.95116758459599,119.91278236564659,36.061840753021286,surprise,5f8a7c64f8fac448cc0a74a6
71,9.454848106533499,7.509375,4.544000000000004,0.001972819623297711,0.012670857585673588,0.001982823118024446,3.549642625511117,3.133370183868412,1.335113484646195,5.393731712542724,0.09597211424352349,0.34822283431396606,,35.870577087835,230.7918525258727,201.9343499868543,35.09378457310619,surprise,5f82730b9e04b149046cc5df
82,10.168650793650794,8.064,5.248000000000005,0.0021469863766781293,0.016729161952724163,0.003211297278379056,2.960152697465322,2.4832268391364383,0.8695652173913042,5.280134662268236,0.12708063196259814,1.0459242981056507,,35.20796723023107,253.98999669515862,292.22794833910325,70.57370112870322,surprise,5f8a2708111dfd48d40fe6ac
142,14.661280538956932,9.685375,9.088000000000008,0.06528031452961265,0.3031049365519451,0.06904875755332494,3.357115383068279,3.215040407986372,0.6204756980351602,5.80630828868631,209.67243866042546,604.1871667101527,,53.34516246718783,221.98707904787977,464.08943989339684,80.63148292661644,surprise,5f5d74a52e23c7161accd0b9
59,13.425300433762356,4.3946875,3.7760000000000034,0.007545717489019027,0.12477774370758632,0.017851445217467267,3.587039286819483,3.0084059031673402,0.22831050228310504,4.6753701333292215,7.466594411433646,18.92529915258709,,37.24172573708455,86.60782070036959,74.33055012971812,18.63053446607967,surprise,5fba17b0cb503578af9ee052
100,12.600806451612904,7.936,6.400000000000006,0.001671315327786101,0.00687699472749539,0.0015370581615190173,4.053242616883425,3.7011391692048368,1.0101010101010102,5.706427079097787,0.07001716087188982,0.21444440947624127,,33.986957825780046,263.2262964923668,300.57775582181085,76.92674762948255,surprise,5f6776029e04b149046cb766
73,12.864144501349193,5.6746875,4.672000000000004,0.022941922807384232,0.11333147462530312,0.0230519381641187,4.551168373965869,4.436947095474538,3.0035335689045937,5.62318016723339,14.138314915752503,27.546322165891635,,53.45863823290288,259.80156599200996,368.1115716392448,90.11688106486935,surprise,5f5f6a0ab878131628349b2c
97,12.84427966101695,7.552,6.2080000000000055,0.013549370632066918,0.16855983834051855,0.024357902140322858,2.9331961851706865,1.8657775591701968,0.5305039787798409,4.778003982607367,8.31157789512902,93.78444056218028,,38.97819586887875,120.85964210432046,207.29647193336302,61.25937751465777,surprise,5fb33d2675b0a9389bf39688
25,16.276041666666668,1.536,1.6,0.01551408109909088,0.07100186721093707,0.018203890489862668,3.2648042772825026,3.0818601508399763,3.2894736842105265,3.3373817225636895,0.2660860954267666,2.2386937160668348,,46.607308557108254,164.34930585250103,153.63306796596578,51.995163310805715,surprise,5f6229b53bd6941613f6d5e1
100,14.204545454545455,7.04,6.400000000000006,0.023998027698353554,0.2075115504667063,0.03848398262158056,3.5551023460099422,2.1453550337330936,0.42674253200568985,4.7582398154157834,25.333369007309056,173.6570956625142,,65.5769913679715,193.1859476781826,280.0594530080277,74.16234796528263,surprise,5fbd0f5fcb503578af9ee9fe
59,13.169642857142856,4.48,3.7760000000000034,0.04902433762431782,0.3304743270818678,0.07272200575832848,3.9198299844630857,3.2889620941471787,0.2237136465324385,4.9106212185772495,85.81698015791306,213.6880424013642,,36.655292811153856,224.01639893930417,359.818017842686,119.66837870754968,surprise,5fbe0ad74c55eb78bd7ced1b
55,12.160910962784849,4.5226875,3.520000000000003,0.010079403936165328,0.06923608132509554,0.01513095564822772,3.8626574026471263,3.106176067692054,0.22172949002217296,4.724607568368715,2.5037192290650556,9.550861140040627,,43.04083509718526,167.50464382130662,164.79954926806698,35.806483458153124,surprise,5fb9fb2244697678c497b24c
65,15.234300613766536,4.2666875,4.160000000000004,0.0009976961501053116,0.004237148708920372,0.0009232081719597032,3.6172549765886526,2.8563019585256786,0.47058823529411764,4.650242695678756,0.004350868888024926,0.030892225320297242,,60.070100158081054,182.03993554770142,275.76473840405816,62.572872800991696,surprise,5f6c3c63111dfd48d40fd0b3
97,12.917186849771118,7.509375,6.2080000000000055,0.0015899975655269852,0.0061830180896381365,0.0016371994724765318,2.9521966485381457,2.011738049262654,0.13351134846461948,4.964723806806296,0.036685471728539774,0.3064304177030386,,49.29452728927501,206.55221205907884,280.0594530080277,77.48888693346089,surprise,5f628cee2e23c7161accd4a2
39,15.234375,2.56,2.496000000000002,0.0027079016576653176,0.010132441847224713,0.0023306096466463306,3.9535480073578757,3.2891076844831213,1.176470588235294,4.288989105512849,0.013238090078236078,0.05529725724078024,,54.32525112833116,160.13811710003822,156.17346184722248,49.675350981082296,surprise,5f6458c6d0b14d419059b881
58,15.273708812008294,3.797375,3.7120000000000033,0.03220883376436219,0.13319068756381722,0.03579275173551241,2.8270710668253978,1.9682082639802265,0.7936507936507936,4.038493381764416,4.590358160161307,41.43889771096008,,24.93536400732835,195.06607339264025,217.56246115672258,62.43469771125148,surprise,5f901ab1111dfd48d40fef9a
93,12.82161752287728,7.253375,5.952000000000005,0.0553421733235019,0.27179016255851784,0.060188212247976276,3.285429390177928,2.8311638306125464,1.2430939226519337,5.315506148426163,73.75431459657996,340.36324512915223,,62.11719918227607,223.09505269093145,539.2637052180767,123.58516858489263,surprise,5fbc6b9d4c55eb78bd7ce7c2
14,6.076388888888889,2.304,0.8960000000000008,0.055557538224370505,0.2228741425674833,0.03735756965342155,4.770981317567783,4.4636047768254725,1.7467248908296944,4.423897764293562,4.520693127610997,11.732291971508584,,9.59662800660848,97.91327076890393,17.615384121186707,6.771435767421161,surprise,5f68c9799e04b149046cb8c6
32,13.392623594036099,2.389375,2.048000000000002,0.0015055778601089566,0.004143905897877186,0.001110956025667027,4.763074694627882,4.197794722838314,1.6877637130801686,4.283394759753226,0.002813446089908169,0.006528371763290355,,11.916268972132853,174.1751548845147,58.071799172936664,17.30107107577626,surprise,5f8059d9111dfd48d40fd7fe
57,9.27734375,6.144,3.6480000000000032,0.002102314651151915,0.010589801713086886,0.002274142423854984,3.497213052338226,2.494490977664261,0.4893964110929853,4.781057237798712,0.03457727970253035,0.26205826704100965,,41.98366666104373,294.86496475591287,258.0648853156215,57.77511498880411,surprise,5f3f3a959dd513131eace73e
102,12.451171875,8.192,6.528000000000006,0.0013522330144578418,0.007395928475157464,0.0014749460528507893,3.294955652176545,1.9956246185562594,0.6112469437652812,4.60980395024415,0.03203416476519489,0.2842217688870681,,51.0908764139007,132.42068272738518,212.05613042340593,63.86276322393068,surprise,5f6f6122f8fac448cc0a6132
51,14.756944444444445,3.456,3.264000000000003,0.06543376296595452,0.2866367916040886,0.07228226661142727,3.3625133016667466,2.1853235603982144,1.1627906976744187,3.8054262244993446,20.504096184637252,122.17643032895349,,45.701785388460465,199.34966408718816,272.17828420926253,94.64942107415808,surprise,5fbe0af4576e9378b67ad34e
99,14.501908868686312,6.8266875,6.336000000000006,0.021765762506534336,0.32825779347148865,0.03218784858919271,3.898948198315506,3.510741050882369,0.29368575624082227,5.589862147267649,13.869535002261191,60.554592489363976,,58.31603473221379,163.49044559278624,286.09098600372937,98.64264295940906,surprise,5f6e91979e04b149046cbda2
53,8.066127022476719,6.5706875,3.392000000000003,0.0014597556736476683,0.007671844538662716,0.001891625660890477,3.1899242504780942,2.6475147269356754,0.9146341463414633,5.170857326587354,0.06439980133391862,0.30573215607468307,,29.70335189102555,284.3074904588563,212.31897446213156,54.21895968586439,surprise,5f77e77cd338b948c4e68c0d
75,14.062390137577049,5.333375,4.800000000000004,0.012495021966102592,0.06981537630341886,0.017431342492535928,3.150374356588915,2.4676871484777427,0.5639097744360901,4.702147218730305,3.8104616745924735,18.371002686815732,,54.32552862193527,126.78785424108888,202.39073734859863,46.570026612921836,surprise,5fba3aa1cb503578af9ee182
72,9.375,7.68,4.608000000000004,0.002938919603887758,0.016128583647376512,0.00318499325815007,2.9485802467320363,2.5470461827191375,2.0860495436766624,5.124057989192415,0.16566638632379813,1.0335914433373894,,41.05903614715302,229.24225554330891,220.79903217939693,44.90690074375377,surprise,5f80771ed338b948c4e68ed4
87,14.669462857383735,5.9306875,5.568000000000005,0.0026343684546673925,0.011346329453878513,0.002346760937883861,3.442519783682971,3.2325207775660703,0.8445945945945945,5.219721070365493,0.05441113550055858,0.24473713219116938,,53.30759394848908,304.74087085072546,441.09431190811745,98.50563578064097,surprise,5f6b796bd338b948c4e686a3
54,13.907892406999018,3.8826875,3.456000000000003,0.010760514878579939,0.052241560701789466,0.013376044163710944,3.0481454035733773,2.329623979135948,0.5167958656330749,4.395302176831414,0.7331622205734827,4.983946657163282,,50.87258079748395,166.79092581603382,183.25881701670832,61.36543826253418,surprise,5f9a29649e04b149046ce460
97,13.45225403264252,7.2106875,6.2080000000000055,0.001214346014454638,0.004008770083304893,0.0010955871170704183,3.4403210392752768,2.2691239636774916,1.8055555555555556,4.965006234144557,0.00966113092442869,0.08694141680889271,,44.685787812166524,136.61380232837917,173.4210512332145,39.298950619863625,surprise,5f923375d338b948c4e6a88c
64,13.88888888888889,4.608,4.096000000000004,0.035173141589234826,0.15123442123126674,0.0324096342465604,3.450551021125181,2.9519059186956733,0.4357298474945534,4.7396866129081445,9.263095454373394,38.79594964365554,,49.38870911672166,209.00240393236282,258.816901813294,70.36148579728614,surprise,5fb88d9a576e9378b67ac2b4
61,14.738972198311664,4.1386875,3.9040000000000035,0.022214377049538707,0.13850481941300177,0.026053400450309648,4.691230422483622,4.830047282204195,0.7281553398058253,5.335258143050866,12.198456318796536,17.794226069563763,,62.599865283760145,230.2809249236706,347.72427351173184,80.84922381575355,surprise,5f5f6a1f54b2361621284a02
57,14.06235544453696,4.053375,3.6480000000000032,0.011153831983202953,0.06952754805379857,0.011142975400231977,4.140644622616097,3.220562800378538,0.49504950495049505,4.616997370058389,0.7206860988965629,2.171226558024359,,71.42855205232866,152.30615599963156,229.09497157175343,69.78925543889615,surprise,5f5c1fecb8781316283498af
127,14.590992647058822,8.704,8.128000000000007,0.014716029215980177,0.12279183280644328,0.023071370256028387,3.5841751988027957,2.3057745095870392,0.4602991944764097,5.00513922094096,14.954820816069768,70.57672604230382,,44.78495313130905,153.58675854177395,286.09098600372937,80.69237991982934,surprise,5fbdd3224c55eb78bd7cec3b
50,9.084302325581396,5.504,3.200000000000003,0.0010332825166678558,0.009771780122282152,0.0020466461512013557,2.7715004549402598,1.4459953549143356,0.18214936247723132,3.918220089028703,0.02981771580358148,0.378769367485316,,52.73303140335442,156.81665722244742,193.50251019256234,60.389113161765785,surprise,5fbb163e576e9378b67ac920
78,13.343882984410753,5.845375,4.992000000000004,0.07836175109566097,0.5930364664674913,0.10905310583865574,3.13698452521023,2.8390584506385146,0.5145797598627787,5.219814443110583,235.61799248098234,836.981424420277,,49.88423454471999,234.37433036358996,377.34692369444497,119.4306843524972,surprise,5fbe27dd4c55eb78bd7cede2
94,13.516063805886317,6.9546875,6.016000000000005,0.005263022045521898,0.036792353324633334,0.008268106607524087,3.9402541008269396,3.0222500278734756,0.1440922190201729,5.159302931536245,2.5106068833934305,8.154418806329083,,48.888600666468115,193.77810935552245,741.595276153542,174.17186583837517,surprise,5fbe23f1576e9378b67ad3d4
69,11.46941489361702,6.016,4.416000000000004,0.001995786313029502,0.008351483497407882,0.0019618253166310893,3.706552418976005,3.7855172028673225,3.5,5.563255927006653,0.06347753871294452,0.1868344361076411,,49.012120088387526,289.42400437570217,524.9301429779679,104.19498273489003,surprise,5f6e08bad338b948c4e688bd
174,12.66496526687866,13.7386875,11.13600000000001,0.09125193186350732,0.3465811405907124,0.08724498695816513,2.7868478203975124,2.3355981705398654,0.4373177842565597,5.752521378524791,294.923535121426,2545.661376211583,,41.29425914564527,241.08916487734794,500.28014754341996,67.83398403759784,surprise,5f5e1eb654b2361621284917
83,15.079941860465118,5.504,5.312000000000005,0.058142690453409744,0.3591216982867816,0.07311593461595942,3.3212417329872195,2.43256362453139,0.18214936247723132,4.617942988764719,79.9953402344425,376.46628986497984,,59.20388487339721,123.46352778307332,190.5333556217653,44.09475244157055,surprise,5fbdef5344697678c497be9a
51,13.898824731732242,3.669375,3.264000000000003,0.015953613416133834,0.07295253469550879,0.014931883625725204,3.706993288845219,3.092886496473269,0.547945205479452,4.331990254976114,1.2247531681610575,3.82259471853957,,49.58322391444508,201.62159924372313,279.59974372520423,69.18515169480939,surprise,5f67ebc89e04b149046cb799
60,14.802479415302063,4.053375,3.8400000000000034,0.052988330562031796,0.21783873855953104,0.046460549981561065,2.627738936642599,1.9252583321177867,0.24752475247524752,4.135981506389037,4.480400728096937,70.221018898172,,35.68129211358299,188.1964179811631,195.0,46.089935724202675,surprise,5f69b6989e04b149046cb9a0
51,9.639578977212318,5.2906875,3.264000000000003,0.01722825443784796,0.21505217469771357,0.03392553743317292,2.555459337013491,2.131693759457314,0.1893939393939394,4.769777089411962,8.415539886662549,110.17924282104184,,35.54535685916555,155.2937392889028,233.66157229922914,92.70757154871706,surprise,5fba3beb44697678c497b423
44,15.391678873608956,2.8586875,2.8160000000000025,0.04353274746876744,0.281337304930882,0.06379002728656678,2.9045147906735016,2.031947198927987,0.35211267605633806,3.2679122427533027,6.689769741646207,49.18143300469522,,35.49864829172763,106.2636780492379,152.37383415501247,45.142368812268685,surprise,5fbdbca64c55eb78bd7cebab
38,10.602678571428571,3.584,2.432000000000002,0.022915026256399185,0.11682201362864975,0.024473963468002003,3.8130538826491227,2.9267580301679765,0.8403361344537815,4.546114967898375,3.1657024768754627,13.618016707138402,,40.1163914625779,180.58252479342892,225.159257083858,78.22375010265843,surprise,5f97fca9111dfd48d40ff5c2
75,10.219811103824764,7.3386875,4.800000000000004,0.002172243661360997,0.00962127204328996,0.0022044828559754813,3.0860158973682803,2.9893502602707978,2.4590163934426226,5.528400397930172,0.08333406473867513,0.4073979332053291,,30.421862854976805,220.26837625758932,219.47829181662448,43.99777179668489,surprise,5f8b78b89e04b149046cd2d3
93,14.339957211417998,6.485375,5.952000000000005,0.02511611133903133,0.16343901335708966,0.02886355412624471,3.5530954199600098,2.8343119673277695,0.6182380216383307,5.137195717400557,10.277479023522108,48.18864783680084,,72.59119294950676,203.17529861463126,439.2580824524537,114.03514187801696,surprise,5f6165e63bd6941613f6d4fe
88,11.718684977111943,7.509375,5.632000000000005,0.002629452479689167,0.01097840489310503,0.0023728319165079365,3.1973823464811235,2.9982097897412934,2.403204272363151,5.4265234954804775,0.07556697910494269,0.4756095022197195,,53.840491214860556,259.3248472979949,575.1950949393564,110.61525060962799,surprise,5f6967b59e04b149046cb92a
140,13.284386694263398,10.5386875,8.960000000000008,0.0007281076881001944,0.002999652046599864,0.0007657805777735958,3.640429630188021,2.2886363340007634,0.47528517110266166,5.1326719292958,0.014869595391799335,0.10592029103477518,,62.732135675693016,152.7074367540665,196.5061646776419,52.92665328931104,surprise,5f6306c13bd6941613f6d6c0
76,11.566521768079824,6.5706875,4.864000000000004,0.002030022956382058,0.007996249612235905,0.002078408872058111,3.359885040550401,2.639116391716367,0.1524390243902439,4.85434392914497,0.043807666827066244,0.3792936971436536,,34.54361359271629,249.96741070299692,388.63509150123014,58.820387910399155,surprise,5f7005b4111dfd48d40fd381
67,13.654833326964473,4.9066875,4.288000000000004,0.002848309452279607,0.02181718951017103,0.0043736940851036065,4.014524736549661,2.9089682361692573,0.20449897750511248,4.794155486137899,0.33373603959553844,1.2031470113487637,,47.980759599635775,176.95087190373457,461.1202752385201,97.0988121898914,surprise,5fbb4f46576e9378b67aca74
53,11.718696018683582,4.5226875,3.392000000000003,0.009928742340423532,0.09514485487017045,0.014622773789995406,4.127239257796955,2.9458010348694703,0.22172949002217296,4.789318325000956,3.1270039675637404,9.973897537190805,,33.407798531384614,211.21958818045445,234.2555212001164,72.42983743625669,surprise,5f677f009e04b149046cb77f
130,14.93566176470588,8.704,8.320000000000007,0.001950445626109618,0.009071247728095548,0.0017059847214487538,3.998537401271189,3.9682826340088178,1.2658227848101267,5.967692875480765,0.09732290549913657,0.2793166555815027,,41.650440123173304,314.3025746895792,1556.3994901211422,308.47053848383683,surprise,5f67761d9e04b149046cb767
83,13.509114583333334,6.144,5.312000000000005,0.002230937626441965,0.010696454768637759,0.0022366456613782584,3.917085806736374,3.4517366615244374,0.8156606851549755,5.175973215093133,0.07327152232714904,0.29598062455995183,,48.417063130929286,282.28578967129783,500.32562789180014,91.19602164497887,surprise,5f6c213e9e04b149046cbbcf
56,15.625,3.584,3.584000000000003,0.0988094776154799,0.5161590477567076,0.08455766131107849,5.196025526493567,5.89289872582852,3.361344537815126,5.439235293762492,105.1747436432486,116.64983426917287,,64.93814396679872,262.84313655975933,391.36943991711007,108.64212568484969,surprise,5f5c40dbb8781316283498d9
96,11.904761904761905,8.064,6.1440000000000055,0.0019370031605647012,0.010075230263282135,0.002207804734930675,3.339121009542449,2.7583699720114105,0.7453416149068322,5.536963406502111,0.10702789005873255,0.5904233523185604,,42.15041254239783,274.24299532996207,414.70240902954765,74.21610697135554,surprise,5f6eb394111dfd48d40fd298
30,7.990012484394507,3.7546875,1.9200000000000017,0.10006504435302355,0.4464151622205844,0.11103431201129434,3.710995980115492,4.5505584874433875,5.882352941176469,4.764904327534893,86.31976993288146,125.7019443582768,,30.35629390655885,273.4246248967844,189.1315273886536,55.737771176659486,surprise,5f5e2046b878131628349a37
127,12.829983773101233,9.8986875,8.128000000000007,0.0008102848507381352,0.003583580359173203,0.0007270239700363334,4.170162071390407,3.1602142665223183,0.30364372469635625,5.781029672830148,0.02797144685016879,0.08080917975020975,,40.881872916293226,144.25733399976636,161.34314645699226,45.18709151099798,surprise,5f6d8dadd338b948c4e6883f
99,10.893485915492958,9.088,6.336000000000006,0.002115126054148127,0.010564600460003305,0.0021582167247593273,3.7823668812997795,3.1585632784863984,0.8820286659316428,5.644196840670496,0.13918296136536615,0.6527924970009781,,27.803788545095557,263.3625323239722,212.9974222903855,46.298035059209056,surprise,5f633b67b878131628349eb5
70,15.624999999999998,4.48,4.480000000000004,0.02569859415340117,0.119546398747677,0.02755803803227963,3.178876778488117,2.5229013384063133,1.342281879194631,4.401174162971513,5.74313035041599,34.42483525419948,,65.64107477444783,188.89758045299325,237.13185260903833,85.17771655827195,surprise,5f5cc99c2e23c7161accd054
101,14.260123717162449,7.0826875,6.464000000000006,0.027977086924837268,0.20613120602336002,0.039311386455533594,3.7526584006184,2.8180969361458135,0.4243281471004243,5.411571631501968,27.59941252874862,127.09863212783746,,48.927310246665755,206.41253741887417,379.90941335495313,107.26928627238787,surprise,5fbe0bb9cb503578af9eec4d
47,15.514751392613988,3.029375,3.0080000000000027,0.0012159119404457804,0.002973392791042794,0.0007736630146840208,4.144920855785159,2.7825949923495608,0.9966777408637872,4.284495495435334,0.0010626337152556927,0.007320402020995073,,44.746383334031215,148.76380008420233,136.6488190383855,32.24987980331363,surprise,5f8a58ebf8fac448cc0a7480
80,12.335447063585374,6.485375,5.1200000000000045,0.0013205412531987959,0.0059396258069158445,0.0013802418263758121,3.0467078345851495,2.557022771242697,1.3910355486862442,5.263951141449981,0.03046191776292117,0.1484829717471126,,46.6033105481028,193.74759437905985,220.54650888028624,51.65463628038883,surprise,5f6d8d81d338b948c4e6883e
77,12.446078778021358,6.1866875,4.928000000000004,0.0009319465467218326,0.00595323263669137,0.001097166338729325,3.111424115737016,2.109171171332995,0.1620745542949757,4.672808290497144,0.012992930818241601,0.14809673622042,,46.99966242964337,152.36290057451075,213.46316859518143,64.40346631675077,surprise,5f6d90c5d338b948c4e68844
62,10.233239459866514,6.0586875,3.9680000000000035,0.001122096323082805,0.005999928544757134,0.0013351455386157091,3.2534697712615475,2.818745421378275,0.8278145695364238,4.6607456786851245,0.024693578059310804,0.10514614266256472,,42.32563942999854,160.79054895212383,163.31023183224858,34.039736051457616,surprise,5fbb309844697678c497b57d
136,14.554794520547945,9.344,8.704000000000008,0.07505228977160576,0.3128200232106239,0.06779698532312124,3.6959530356055317,3.1737438738106745,0.4287245444801715,5.860409045832911,156.30913777581216,617.38546619587,,42.87952871128761,227.29194226067872,272.17828420926253,69.85820167380763,surprise,5f3e94849dd513131eace3b3
101,14.433984172636167,6.997375,6.464000000000006,0.022494637276838224,0.18012584325154554,0.02937829439143225,3.7979941798642938,3.850488794048193,0.8595988538681948,5.650869742266928,15.849825333114183,54.111990367071336,,64.06587967515331,211.83447413214162,315.66228094586256,103.3685562571365,surprise,5f62bb24b878131628349df5
68,10.916022875489114,6.229375,4.352000000000004,0.002474940884156102,0.02090790116057165,0.003619769103737471,2.769007146412178,2.2041840450376475,1.1272141706924315,4.937872924164279,0.16048085625031405,1.242309370876112,,56.78916766665893,431.21720883059277,1276.5911211526402,312.4668554326017,surprise,5f6f5626d338b948c4e6896e
40,13.204043738394883,3.029375,2.5600000000000023,0.0014713504136323766,0.0051630946886940966,0.0010546313173584437,4.095568481012227,3.64859042210093,3.322259136212624,4.1646989527996015,0.0017804316830763872,0.011380324217790932,,9.629200002397406,169.1597186113428,45.82166688819734,12.781009962551343,surprise,5f904a4c9e04b149046cdad7
87,11.52012711864407,7.552,5.568000000000005,0.001783789172088546,0.01101631252251577,0.0020213136600984285,3.123705180915923,2.4055493942107558,0.6631299734748011,5.08338797719125,0.05764479466000051,0.3489906157518591,,57.535326697961395,160.66525596023826,352.5198985689557,76.10544466135521,surprise,5f86e482d338b948c4e697ba
64,15.463839683474532,4.1386875,4.096000000000004,0.024672111432791265,0.1310699897010671,0.02785010113042411,3.159160460566007,2.4113258468356573,0.24271844660194175,4.450087530311439,5.31857395686666,33.43378077254996,,51.384636413766685,166.80104120940095,174.8022103323442,60.14869608699264,surprise,5fbe1558576e9378b67ad3a7
78,11.425746381389217,6.8266875,4.992000000000004,0.0023148468063300433,0.013156749391591772,0.002503081030865839,3.3703607735839824,3.120722776623322,1.4684287812041115,5.429657877703933,0.1145759501535055,0.4320292294035056,,34.62691267711908,245.52738078631634,286.09098600372937,60.63405096158821,surprise,5f992fdb9e04b149046ce2a9
50,15.218962827683292,3.285375,3.200000000000003,0.033291983425587486,0.1382849701487401,0.03658994071901044,3.2857615910187876,2.7689717119992956,1.529051987767584,3.8801653750492133,2.647985561880641,20.41592033521992,,56.03142673778031,221.0642044972553,268.30546129938955,70.68180599942731,surprise,5f640edd24c86141a01b11b5
82,14.236111111111112,5.76,5.248000000000005,0.02629109551754097,0.1845493114290073,0.0313234887632466,4.368643407241242,3.6118057083611066,0.34782608695652173,5.327676223300413,21.106527671309294,44.87593245915071,,75.07989089870271,206.7264132572445,364.75416544019015,107.35789205946547,surprise,5f41461a9dd513131eacee53
103,13.873922413793103,7.424,6.592000000000006,0.0009793990816145538,0.004605667796590808,0.0009499237636895748,2.9029527280869165,1.527959321290385,0.4048582995951417,3.7271327311310887,0.007218687341005016,0.07105335031562209,,51.8902970208972,138.32328190408856,199.54471994669842,50.70548566348759,surprise,5f923397f8fac448cc0a7f21
80,12.583810141764486,6.357375,5.1200000000000045,0.018527185366221787,0.09169313429781839,0.021651303404697553,3.7955353614471994,2.7746781128659164,0.31545741324921134,5.118554166683625,8.229113777527033,38.156924822624454,,48.56478488319174,241.9321748090926,485.1655454472086,130.4687552116575,surprise,5f6363e5b878131628349ec5
71,13.000389096152524,5.461375,4.544000000000004,0.03120706075143593,0.19604252931193664,0.037870879407175026,3.442195445001142,2.760495562166223,0.18348623853211007,4.8646904187420645,9.85433476050437,52.13478580241734,,47.50057444505588,209.96456769934696,268.30546129938955,91.5348244839339,surprise,5f60bd342e23c7161accd30a
45,8.7890625,5.12,2.8800000000000026,0.0019381253664688119,0.009362301081061987,0.002198060330736039,4.0750045024024315,3.310364660230991,0.19569471624266144,4.680927144629974,0.06692840569635466,0.16254984256112115,,37.322578334241896,179.46752425579177,193.25061316635157,43.0564644431405,surprise,5f707f09d338b948c4e68a2d
24,12.783807177575072,1.877375,1.536,0.08737624296927576,0.2657163252394273,0.06377435193034682,4.59877387377793,4.865672328723795,2.150537634408602,4.29044351965906,11.485389413297543,17.013454238328123,,31.57504902215085,127.24918237970564,104.56576906952336,31.089415709236526,surprise,5fbdbc73cb503578af9eeab1
86,11.136019682267346,7.7226875,5.504000000000005,0.0025832441701329383,0.013745677525726868,0.002855882830298983,2.5825033536839905,2.2605918529295184,1.5564202334630353,5.166971100723551,0.11999248475254028,1.1643751648801177,,26.84117754214517,243.77313532326073,201.76019985411483,45.26987376893644,surprise,5f8272d59e04b149046cc5dd
72,9.07258064516129,7.936,4.608000000000004,0.002009757744664873,0.010816837621687541,0.0020595507357575515,3.02229836129712,2.5330110763049087,0.7575757575757576,5.296719307209007,0.09325562575425249,0.47291310020758043,,28.07418083784993,224.68693701930337,207.73399647684738,42.35297777244405,surprise,5f8b78ecd338b948c4e69ea5
109,15.672882498314985,6.9546875,6.976000000000006,0.03158670002514701,0.15355420813823792,0.0345325697584258,3.320998175181987,2.049619543906457,0.43227665706051877,4.866212319050784,12.304241505935536,113.6115859305588,,71.69739530175102,191.11579547382618,298.47218288654506,87.57089338543402,surprise,5f660a60f8fac448cc0a5922
69,14.70157402721922,4.693375,4.416000000000004,0.02266213741970633,0.09474916355480352,0.020103335451288343,3.3832618958929963,3.0012282815557105,1.0683760683760686,4.584399156753962,2.1297856751732422,13.700126860981666,,74.54433587126539,212.23168637924255,313.4698275389687,69.21173950045379,surprise,5f693c019e04b149046cb8e2
116,15.273834506028063,7.5946875,7.424000000000007,0.03065884862681084,0.14061948016262402,0.03223975185601082,3.857237342876777,2.759299021314774,0.2638522427440633,5.273314604318024,21.493378292134786,102.91643658005061,,62.1410896558312,167.49175581231893,278.0720568009525,89.17147936291225,surprise,5f5b5a522e23c7161acccef2
105,14.391447368421051,7.296,6.720000000000006,0.001599948309394371,0.007310445873041431,0.0014598117708670658,4.122863637201281,3.9847282645480364,0.2747252747252747,5.790488493038898,0.052525797683084824,0.12269362427313593,,69.42603008780236,262.81412380232894,508.6529875251481,126.19072547134836,surprise,5fb8a965576e9378b67ac359
71,14.22275641025641,4.992,4.544000000000004,0.026371945280839162,0.16095315086378645,0.02705101383478372,4.326809266635012,4.538424614125997,0.2008032128514056,5.3896272086040415,16.606460381681547,29.208043271632395,,59.25979179295206,209.6483082765076,399.4202036390279,86.20394730610892,surprise,5f655e64111dfd48d40fca38
56,10.253828019500583,5.461375,3.584000000000003,0.0020194594323198196,0.013709706141051272,0.0021825582779327404,3.5554987770535753,3.248304754127235,0.18348623853211007,5.188792175307413,0.03875576608911893,0.17606371166743226,,28.416079521419675,230.76829137397402,168.2453415146052,46.08222315850866,surprise,5f715190f8fac448cc0a6276
69,11.152979684200956,6.1866875,4.416000000000004,0.002962075150368511,0.021354718541444537,0.0037365049673008686,3.548011177912661,3.498743779596108,1.2965964343598055,5.48205650917374,0.2857271038372793,0.7380319779208888,,49.80668739176472,250.2089546840411,269.96362233428,65.3395424930392,surprise,5f90d37e111dfd48d40ff022
105,12.492006602917776,8.405375,6.720000000000006,0.002185680400879369,0.010124520209226386,0.002068527296851174,3.731705828235099,3.066552049256412,0.47675804529201427,5.679650057479941,0.1445983579473853,0.4836912955271689,,59.30901343103276,414.27373058659185,1156.672753926183,339.848622324471,surprise,5f3f3adc9dd513131eace744
78,15.492520638073366,5.0346875,4.992000000000004,0.026527161309896918,0.12113670285411618,0.03332003329554478,3.418504017997924,1.8187006062573734,0.199203187250996,4.093478128190478,6.4861847577001575,73.89581979554194,,70.721079628114,112.86027746600023,184.6969657132611,43.22459790229509,surprise,5fb8c637cb503578af9edccf
112,12.559749926407715,8.917375,7.168000000000006,0.0008486019963592009,0.004126344755051863,0.0007781214077853412,4.096068264456246,2.3551421973837567,0.5617977528089888,4.774025494800153,0.0155598649261792,0.08859604905470309,,47.301656478203384,162.14811368247086,228.53074524959408,52.261139525242534,surprise,5f781082f8fac448cc0a63b3
180,13.608849532432062,13.2266875,11.52000000000001,0.0010137635985644163,0.007099110573753609,0.0011273084015244173,3.4589698781772147,2.4654020087789843,0.4542013626040877,5.668897533541689,0.12771892643883334,0.518590077027953,,48.56026142781044,188.84940545985253,309.1227308028132,69.24269194094377,surprise,5f6057bc3bd6941613f6d42f
89,14.385727418751959,6.1866875,5.696000000000005,0.015951062789585687,0.12882709231070108,0.02389431077939471,3.4926627392418044,3.7225019724185606,0.4862236628849271,5.364380851753057,7.745239255057211,41.717083517670275,,40.73895133503045,218.3053706083487,286.70199941907856,95.1405251434651,surprise,5f62b8362e23c7161accd4c6
69,11.46941489361702,6.016,4.416000000000004,0.0044623587595569135,0.03428827026593313,0.005497248919231142,5.915052827945444,4.030027763728306,0.16666666666666666,5.3956515701267405,0.7352742849216192,2.1299906107836724,,49.22833549573258,107.44727739547089,102.61814009714527,31.04219639594236,surprise,5fbb7cdf576e9378b67acc1d
100,11.602694725850078,8.6186875,6.400000000000006,0.0019327642893627519,0.010919865705198088,0.0020760728225207464,3.632922601250464,3.2986976656190365,0.5813953488372093,5.833954492747619,0.11280893718712708,0.507305100504811,,35.79000529710311,265.83659796484443,290.1704667561429,70.54419320984313,surprise,5f6e08d0d338b948c4e688be
175,13.491960237265758,12.9706875,11.20000000000001,0.06744452461755308,0.31069125292900285,0.07014652984621012,3.2976773793402794,2.5749810776703947,0.4629629629629629,5.881525099170905,252.17328219677722,1359.7044622008752,,52.48331117713407,219.30212902484388,292.22794833910325,88.44512214564469,surprise,5f5c24b6b8781316283498ba
98,12.415475002771311,7.893375,6.272000000000006,0.02030098631164603,0.10821484269992257,0.018859211628443347,4.081513162907964,3.310709752560577,0.25380710659898476,5.461402827952175,11.55387848536913,30.955398538392718,,33.907466153585645,137.64436860956903,268.30546129938955,94.16413437210474,surprise,5f6f392b111dfd48d40fd2ce
