error,fft_resolution_hz,h1_peak_bin_index,h1_welch_dominant_freq,h1_zero_pad_freq_std,h3_peak_bin_index,h3_welch_dominant_freq,h3_zero_pad_freq_std,n_valid_envelope_frames,relative_hmc,situation,track_full_continuity_ratio,track_h1_valid_ratio,track_h5_valid_ratio,track_overall_valid_ratio,utterance_duration_sec,wav_id
,0.32105949633791514,7,3.2679738562091476,0.0669673051909926,5,1.9607843137254886,0.07075370945951291,262,-0.23523716672652642,angry,0.8562091503267973,0.8562091503267973,0.8562091503267973,0.8562091503267973,3.1146875,5f787514d338b948c4e68c98
,0.3167187933013975,1,0.6410256410256404,0.01734826530016903,6,1.9230769230769211,0.05665919721046042,262,-0.24660994811806242,angry,0.8397435897435898,0.8397435897435898,0.8397435897435898,0.8397435897435898,3.157375,5e37da38c8c25f16cd1457bb
,0.244140625,1,0.9803921568627443,0.3672479195691435,5,0.9803921568627443,0.030637254901960786,265,-0.24904802939011822,angry,0.6617647058823529,0.6617647058823529,0.6617647058823529,0.6617647058823529,4.096,5e340d7a5807b852d9e06327
,0.2170138888888889,4,0.4366812227074232,0.040278320963368815,3,0.4366812227074232,0.011792284909918816,351,-0.23814011397464988,angry,0.7647058823529411,0.7647058823529411,0.7647058823529411,0.7647058823529411,4.608,5f9933c89e04b149046ce2b8
,0.16505224935268573,3,0.33333333333333304,0.034153325647406224,3,0.33333333333333304,0.034153325647406224,521,-0.24641800310341638,angry,0.8683333333333333,0.8683333333333333,0.8683333333333333,0.8683333333333333,6.0586875,5e38437133e9ad176cc9b765
,0.18601190476190474,6,1.1194029850746259,0.040392975922781606,6,1.1194029850746259,0.019336665055710096,488,-0.2443329192022763,angry,0.9104477611940298,0.9104477611940298,0.9104477611940298,0.9104477611940298,5.376,5e3939c8ee8206179943d374
,0.20740971195976252,8,1.673640167364015,0.04287028323942207,1,3.34728033472803,0.0,340,-0.24278944976911507,angry,0.7112970711297071,0.7112970711297071,0.7112970711297071,0.7112970711297071,4.821375,5f62c6603bd6941613f6d652
,0.11322463768115941,1,0.2267573696145173,0.24092970521542467,8,0.9070294784580692,0.01417233560090736,755,-0.24345387020815293,angry,0.8560090702947846,0.8560090702947846,0.8560090702947846,0.8560090702947846,8.832,5e49d4617bef803b4851dd80
,0.1502403846153846,2,0.3012048192771082,0.027842995967148017,6,0.6024096385542164,0.015609115165452759,536,-0.2471638550438489,angry,0.8072289156626506,0.8072289156626506,0.8072289156626506,0.8072289156626506,6.656,5e33aa755807b852d9e0510d
,0.21502197255782074,1,0.8733624454148464,0.03851344124109732,1,0.8733624454148464,0.022580506470284555,400,-0.23669366822127952,angry,0.8845315904139434,0.8845315904139434,0.8845315904139434,0.8845315904139434,4.6506875,5fb9c89d4c55eb78bd7cdfda
,0.19054878048780488,4,0.7662835249042139,0.03918163554195743,10,0.7662835249042139,0.010349251957271021,306,-0.23874962632686678,angry,0.5850860420650096,0.5850860420650096,0.5850860420650096,0.5850860420650096,5.248,5fbb34ba44697678c497b5a1
,0.12466690561156908,2,1.0025062656641817,0.0,10,1.0025062656641817,0.027131121672445368,648,-0.2463615828081524,angry,0.818295739348371,0.818295739348371,0.818295739348371,0.818295739348371,8.021375,5f8c2b2dd338b948c4e69f68
,0.3167187933013975,6,0.6410256410256404,0.03321939894186086,2,0.6410256410256404,0.06567947239885813,212,-0.23821400092758477,angry,0.6955128205128205,0.6955128205128205,0.6955128205128205,0.6955128205128205,3.157375,5e36cf777995ef170fc0ecdb
,0.1032484544996967,12,1.2448132780083254,0.019158289453043195,12,1.2448132780083254,0.012953367875647936,727,-0.24131261988125866,angry,0.7533678756476684,0.7533678756476684,0.7533678756476684,0.7533678756476684,9.685375,5f886f09d338b948c4e69afe
,0.20740971195976252,1,1.673640167364015,0.011323553919775598,5,4.184100418410038,0.021682954957867425,422,-0.24400571914546615,angry,0.8828451882845189,0.8828451882845189,0.8828451882845189,0.8828451882845189,4.821375,5e40fb219306c7039ddcc959
,0.1227087966868625,1,0.24691358024691884,0.015413070283600817,1,0.24691358024691884,0.015413070283600817,739,-0.2485170515220904,angry,0.9112207151664612,0.9112207151664612,0.9112207151664612,0.9112207151664612,8.149375,5e350b015807b852d9e07421
,0.14291073438253632,1,1.436781609195403,0.0,15,2.011494252873564,0.01795977011494254,398,-0.24305684425626045,angry,0.5718390804597702,0.5718390804597702,0.5718390804597702,0.5718390804597702,6.997375,5f886972f8fac448cc0a7200
,0.15625,2,0.6269592476489022,0.028932315058194494,4,0.6269592476489022,0.008470514512758572,503,-0.22754146230949246,angry,0.7871674491392802,0.7871674491392802,0.7871674491392802,0.7871674491392802,6.4,5e37fa06c8c25f16cd1459c5
,0.2320522117476432,3,0.469483568075117,0.012676015863355332,3,0.469483568075117,0.029274004683840726,412,-0.2438447089175435,angry,0.9648711943793911,0.9648711943793911,0.9648711943793911,0.9648711943793911,4.309375,5e3638b7bacf60088a5adbe7
,0.2467079902550344,3,0.9950248756218898,0.0509751129065765,4,0.9950248756218898,0.045989426174592764,355,-0.2346866810163804,angry,0.8880597014925373,0.8880597014925373,0.8880597014925373,0.8880597014925373,4.053375,5e396ebf33e9ad176cc9bc11
,0.28935185185185186,3,1.1627906976744176,0.03012922229610643,3,0.5813953488372088,0.0513885742141386,319,-0.23868642667508544,angry,0.9273255813953488,0.9273255813953488,0.9273255813953488,0.9273255813953488,3.456,5e411a8748600202f726fb49
,0.10702054794520549,3,0.21459227467811617,0.023205396671609237,4,0.8583690987124647,0.01339764201500565,646,-0.2376649665621712,angry,0.692390139335477,0.692390139335477,0.692390139335477,0.692390139335477,9.344,5fb33fff0fb0f33aa31ca1b7
,0.27252597513200477,1,1.1049723756906067,0.03443526170798894,7,1.65745856353591,0.0,198,-0.24513423084901925,angry,0.5454545454545454,0.5454545454545454,0.5454545454545454,0.5454545454545454,3.669375,5e4156089306c7039ddcca7f
,0.2232142857142857,3,0.4484304932735422,0.041359618170439115,4,2.690582959641253,0.012108856316896503,419,-0.24618126367798032,angry,0.9373601789709173,0.9373601789709173,0.9373601789709173,0.9373601789709173,4.48,5e4603262a2d173b73a02a5b
,0.24933381122313816,3,0.5076142131979691,0.04680442866376274,3,0.5076142131979691,0.013702933604184132,337,-0.2456451119598381,angry,0.8531645569620253,0.8531645569620253,0.8531645569620253,0.8531645569620253,4.0106875,5e415417189842034d9f72af
,0.12807377049180327,1,0.2570694087403654,0.016046213093710224,2,0.5141388174807308,0.13896428173691547,462,-0.247052565780715,angry,0.5994865211810013,0.5994865211810013,0.5994865211810013,0.5994865211810013,7.808,5f812169d338b948c4e68fa6
,0.14928297520969594,1,0.3012048192771082,0.02784299596714802,1,0.6024096385542164,0.00815159453863364,649,-0.2446689315006722,angry,0.9774096385542169,0.9774096385542169,0.9774096385542169,0.9774096385542169,6.6986875,5e395fc2ee8206179943d42d
,0.25755356309257443,6,1.57068062827225,0.014169263805373655,8,2.0942408376963333,1.1452879581151822,367,-0.24542108183050676,angry,0.9607329842931938,0.9607329842931938,0.9607329842931938,0.9607329842931938,3.8826875,5fb383af75b0a9389bf39766
,0.18168604651162792,7,1.4598540145985388,0.018878784098106775,1,1.4598540145985388,0.009859123449276391,390,-0.24139405361955305,angry,0.7103825136612022,0.7103825136612022,0.7103825136612022,0.7103825136612022,5.504,5e3629138661d6073410fa76
,0.24933381122313816,2,0.5076142131979691,0.05481173441673658,3,1.0152284263959381,0.026239120176862297,357,-0.2471194770930107,angry,0.9037974683544304,0.9037974683544304,0.9037974683544304,0.9037974683544304,4.0106875,5e495785963e443aee02b53a
,0.27901785714285715,1,0.5617977528089882,0.0,1,1.1235955056179765,0.0,337,-0.2350009597637142,angry,0.9439775910364145,0.9439775910364145,0.9439775910364145,0.9439775910364145,3.584,5fbb6e50576e9378b67acbb4
,0.1890113524943592,5,0.7662835249042139,0.03380051535308542,4,0.7662835249042139,0.03380051535308542,479,-0.2346043189221628,angry,0.9158699808795411,0.9158699808795411,0.9158699808795411,0.9158699808795411,5.2906875,5e49400ec38c123b9ec6dab2
,0.08648508402566446,13,0.6956521739130583,0.00901256736509642,13,1.0434782608695876,0.1961610230790688,1035,-0.24424924992490077,angry,0.9,0.9,0.9,0.9,11.5626875,5e317c1c5807b852d9e0341a
,0.1105537360253168,7,0.6666666666666808,0.026641043798102015,1,0.22222222222222696,0.0196200549718802,521,-0.24819604695846015,angry,0.5782463928967814,0.5782463928967814,0.5782463928967814,0.5782463928967814,9.045375,5f633e9c2e23c7161accd578
,0.3301010934598721,1,0.6711409395973148,0.0,3,1.3422818791946296,0.041806020066889604,285,-0.24031187551864547,angry,0.9531772575250836,0.9531772575250836,0.9531772575250836,0.9531772575250836,3.029375,5e37e8c3ee8206179943cbc3
,0.14034349069347227,1,0.8474576271186456,0.007634215477648448,5,0.8474576271186456,0.007634215477648473,480,-0.23485370914059928,angry,0.6770098730606487,0.6770098730606487,0.6770098730606487,0.6770098730606487,7.125375,5f6afde1111dfd48d40fcf96
,0.2170138888888889,1,0.4366812227074232,0.04027832096336881,5,0.8733624454148464,0.03851344124109729,393,-0.24757197741975254,angry,0.8627450980392157,0.8627450980392157,0.8627450980392157,0.8627450980392157,4.608,5fbe0d164c55eb78bd7ced34
,0.0643886498907405,5,0.2587322121604195,0.011427064983622547,15,0.7761966364812585,0.008080155138978806,1365,-0.24635987809290114,angry,0.8823529411764706,0.8823529411764706,0.8823529411764706,0.8823529411764706,15.5306875,5e39641fc8c25f16cd14611e
,0.1936975654637241,2,0.39215686274509765,0.010592287228283238,1,1.5686274509803906,0.02028268585099924,365,-0.24322364785059172,angry,0.7142857142857143,0.7142857142857143,0.7142857142857143,0.7142857142857143,5.1626875,5e4811be963e443aee02b275
,0.1455736511691384,3,0.29325513196480935,0.007924829829652605,3,0.29325513196480935,0.030002921505774143,670,-0.24358731415997953,angry,0.9809663250366032,0.9809663250366032,0.9809663250366032,0.9809663250366032,6.869375,5e29b3a75807b852d9e01cae
,0.12466690561156908,10,1.253132832080227,0.027131121672445368,9,1.253132832080227,0.02215246808228585,739,-0.2455969564382407,angry,0.9260651629072681,0.9260651629072681,0.9260651629072681,0.9260651629072681,8.021375,5e453f50c38c123b9ec6d46f
,0.34466416785144977,2,0.6993006993006987,0.0757015213098285,2,0.6993006993006987,0.07165033352602704,164,-0.24640368447485939,angry,0.5734265734265734,0.5734265734265734,0.5734265734265734,0.5734265734265734,2.901375,5e3cb2057995ef170fc0fe95
,0.1802877843758099,1,0.3649635036496347,0.018878784098106775,1,0.3649635036496347,0.018878784098106775,235,-0.24762842605461044,angry,0.42805100182149364,0.42805100182149364,0.42805100182149364,0.42805100182149364,5.5466875,5e32eb8a5807b852d9e04497
,0.14291073438253632,1,0.8620689655172418,0.025398950473654737,7,1.1494252873563224,0.02656285822153206,559,-0.24666245633970715,angry,0.8031609195402298,0.8031609195402298,0.8031609195402298,0.8031609195402298,6.997375,5f6ac2c6111dfd48d40fcf55
,0.2211074720506336,1,0.8968609865470843,0.03954735912676437,2,0.4484304932735422,0.04843542526758601,243,-0.24173416214855625,angry,0.5436241610738255,0.5436241610738255,0.5436241610738255,0.5436241610738255,4.5226875,5f63825b2e23c7161accd5ee
,0.1890113524943592,1,0.38314176245210696,0.03918163554195742,9,1.9157088122605348,0.0,429,-0.2415312962090692,angry,0.8202676864244742,0.8202676864244742,0.8202676864244742,0.8202676864244742,5.2906875,5f85c3d5d338b948c4e69658
,0.13020833333333334,2,0.2610966057441309,0.0,4,0.5221932114882618,0.02413544297935601,640,-0.24504658873210117,angry,0.835509138381201,0.835509138381201,0.835509138381201,0.835509138381201,7.68,5f6a39b3f8fac448cc0a5d0b
,0.33481909305878166,1,2.0547945205479436,0.018473238135333577,5,2.0547945205479436,0.03537355791761302,279,-0.2445045650567302,angry,0.9522184300341296,0.9522184300341296,0.9522184300341296,0.9522184300341296,2.9866875,5e4107019329cb02ef38a5e2
,0.10016025641025642,4,0.2008032128514099,0.020553656357516742,2,0.2008032128514099,0.0,908,-0.24043093757968817,angry,0.9107321965897693,0.9107321965897693,0.9107321965897693,0.9107321965897693,9.984,5e514bf87bef803b4851de40
,0.08340718344367408,4,0.33500837520938737,0.0,4,0.33500837520938737,0.0,888,-0.2446727346371599,angry,0.7430962343096235,0.7430962343096235,0.7430962343096235,0.7430962343096235,11.989375,5e40d17d189842034d9f7091
,0.09155255975235033,3,0.1841620626151052,0.004984032019938163,1,0.1841620626151052,0.06164907137899691,632,-0.2392359422822873,angry,0.58195211786372,0.58195211786372,0.58195211786372,0.58195211786372,10.9226875,5e3952c17995ef170fc0fce6
,0.14467592592592593,1,0.2898550724637682,0.025619810912556076,6,0.5797101449275364,0.007844433005293815,477,-0.240858777821718,angry,0.6927536231884058,0.6927536231884058,0.6927536231884058,0.6927536231884058,6.912,5f90cd7e111dfd48d40ff00a
,0.48828125,4,1.9801980198019784,0.0,6,1.9801980198019784,0.7558795380043659,202,-0.24740983840954858,angry,0.9950738916256158,0.9950738916256158,0.9950738916256158,0.9950738916256158,2.048,5e424c090b3f160367c2090f
,0.23437385559640825,1,0.4761904761904758,0.04867457336922502,1,0.9523809523809516,0.01285667167138418,261,-0.2471109883753772,angry,0.6199524940617577,0.6199524940617577,0.6199524940617577,0.6199524940617577,4.2666875,5e2fe6315807b852d9e02be9
,0.1474056603773585,1,2.662721893491124,0.01846381093057607,7,1.1834319526627217,0.027308344641338658,611,-0.24908889664128178,angry,0.9025110782865583,0.9025110782865583,0.9025110782865583,0.9025110782865583,6.784,5f5c1d462e23c7161acccfac
,0.2232142857142857,3,0.4484304932735422,0.041359618170439115,3,0.4484304932735422,0.041359618170439115,383,-0.24148340303264892,angry,0.8568232662192393,0.8568232662192393,0.8568232662192393,0.8568232662192393,4.48,5fba1e9b4c55eb78bd7ce1f0
,0.2966753815059984,13,0.6060606060606055,0.016352443424932833,14,1.212121212121211,0.06190935162671822,274,-0.24019189695764614,angry,0.8277945619335347,0.8277945619335347,0.8277945619335347,0.8277945619335347,3.3706875,5e453b8e8849ac3aacea4e56
,0.2211074720506336,1,0.8968609865470843,0.012108856316896491,1,0.4484304932735422,0.02318669456344657,70,-0.2425468567486142,angry,0.15659955257270694,0.15659955257270694,0.15659955257270694,0.15659955257270694,4.5226875,5fba3e0344697678c497b442
,0.21502197255782074,1,0.4366812227074232,0.04716913963967526,1,2.620087336244539,0.0,438,-0.22673790295578206,angry,0.954248366013072,0.954248366013072,0.954248366013072,0.954248366013072,4.6506875,5e379ddf33e9ad176cc9af6d
,0.22754746497902298,1,1.3824884792626717,0.040731957441621364,6,1.3824884792626717,0.43298664684253735,333,-0.24092543404471142,angry,0.7672811059907834,0.7672811059907834,0.7672811059907834,0.7672811059907834,4.3946875,5f707f9b111dfd48d40fd3ad
,0.2547527306308315,3,0.5154639175257727,0.013914289906562287,3,0.5154639175257727,0.02664383668344632,235,-0.24797791472669575,angry,0.6041131105398457,0.6041131105398457,0.6041131105398457,0.6041131105398457,3.925375,5e40b8d79329cb02ef38a455
,0.09645061728395062,4,0.9671179883946047,0.019799029360815647,4,0.3868471953578419,0.01786255973158135,1016,-0.2450902314319801,angry,0.9816425120772947,0.9816425120772947,0.9816425120772947,0.9816425120772947,10.368,5e363fe98661d6073410fe64
,0.2467079902550344,1,0.4975124378109449,0.013464325307593884,11,2.9850746268656696,0.05097511290657649,388,-0.23822876550701869,angry,0.9651741293532339,0.9651741293532339,0.9651741293532339,0.9651741293532339,4.053375,5e47cc637bef803b4851d8fe
,0.2130662902495539,2,0.42918454935622286,0.043974239030995156,1,0.42918454935622286,0.0379349131537847,384,-0.23751606925877936,angry,0.8240343347639485,0.8240343347639485,0.8240343347639485,0.8240343347639485,4.693375,5fbca26acb503578af9ee82c
,0.14928297520969594,2,0.3012048192771082,0.008151594538633651,2,0.3012048192771082,0.015609115165452738,557,-0.24072963307191225,angry,0.838855421686747,0.838855421686747,0.838855421686747,0.838855421686747,6.6986875,5e34d1085807b852d9e068d7
,0.2253584608017127,12,0.45454545454545414,0.04657271679191749,2,0.45454545454545414,0.04657271679191757,421,-0.2458833707389707,angry,0.884090909090909,0.9568181818181818,0.884090909090909,0.9422727272727273,4.437375,5e4217759306c7039ddccb4f
,0.16389748212493085,2,0.3300330033003297,0.03050783716532389,5,0.9900990099009891,0.0,486,-0.2433837454538094,angry,0.801980198019802,0.801980198019802,0.801980198019802,0.801980198019802,6.101375,5e529a0ef2fe7a3b1d5450d5
,0.28582146876507264,1,1.1627906976744176,0.030129222296106428,1,0.5813953488372088,0.053743457331936875,318,-0.23595568815136264,angry,0.9244186046511628,0.9244186046511628,0.9244186046511628,0.9244186046511628,3.4986875,5e3664c205fef317e874b506
,0.13167098712093156,2,0.26525198938992606,0.016578249336870382,2,0.26525198938992606,0.023445185052604862,555,-0.23744554872103815,angry,0.7360742705570292,0.7360742705570292,0.7360742705570292,0.7360742705570292,7.5946875,5e42bf8b48600202f726ff6a
,0.13167098712093156,3,0.26525198938992606,0.013745958182839297,2,0.26525198938992606,0.0071785925380011256,411,-0.2433443331250952,angry,0.5450928381962865,0.5450928381962865,0.5450928381962865,0.5450928381962865,7.5946875,5f66c741d338b948c4e681e0
,0.2055921052631579,2,0.4132231404958674,0.042251536883389125,6,0.4132231404958674,0.011160121182789117,424,-0.24110360658197166,angry,0.8762886597938144,0.8762886597938144,0.8762886597938144,0.8762886597938144,4.864,5e5330268849ac3aacea570c
,0.22754746497902298,4,0.9216589861751144,0.0,5,1.3824884792626717,0.02880184331797231,407,-0.24025543242778719,angry,0.9377880184331797,0.9377880184331797,0.9377880184331797,0.9377880184331797,4.3946875,5e377a76ee8206179943c571
,0.36057150583675124,10,4.379562043795616,0.045620437956204185,4,1.4598540145985388,0.01975422910092243,230,-0.2436434196606292,angry,0.8394160583941606,0.8394160583941606,0.8394160583941606,0.8394160583941606,2.773375,5e33cfd35807b852d9e058ce
,0.1273773793696412,3,0.5141388174807308,0.006948214086845753,9,1.0282776349614615,0.02779285634738311,568,-0.22980851593037688,angry,0.6919127086007703,0.7291399229781772,0.6919127086007703,0.7216944801026958,7.8506875,5fbca75e576e9378b67acf8e
,0.1616373867275501,1,0.32679738562091476,0.020391517128874367,2,1.9607843137254886,0.03015946055821579,530,-0.2255223189084438,angry,0.8646003262642741,0.8646003262642741,0.8646003262642741,0.8646003262642741,6.1866875,5fb9c71844697678c497b108
,0.19054878048780488,2,0.38314176245210696,0.03918163554195743,2,0.38314176245210696,0.03380051535308542,508,-0.23539275964904766,angry,0.97131931166348,0.97131931166348,0.97131931166348,0.97131931166348,5.248,5e41317c0b3f160367c2075c
,0.16505224935268573,1,0.9999999999999991,0.0,10,1.6666666666666652,0.00902109795608787,363,-0.2355107587507518,angry,0.4716666666666667,0.605,0.4716666666666667,0.5783333333333334,6.0586875,5fbdc3e744697678c497bdad
,0.1616373867275501,2,0.32679738562091476,0.016907752805645385,2,0.32679738562091476,0.0,506,-0.23910549130853292,angry,0.8254486133768353,0.8254486133768353,0.8254486133768353,0.8254486133768353,6.1866875,5e42ad789306c7039ddccd21
,0.2693965517241379,1,1.6216216216216202,0.014628807496358757,4,1.08108108108108,0.04996689005996291,185,-0.24744310874257586,angry,0.5,0.5,0.5,0.5,3.712,5e338c055807b852d9e04e58
,0.21904005695041479,3,0.4424778761061943,0.011948474114023725,8,1.7699115044247773,0.0,422,-0.24095406340567965,angry,0.9315673289183223,0.9315673289183223,0.9315673289183223,0.9315673289183223,4.565375,5e53017af2fe7a3b1d5450e6
,0.4111842105263158,1,0.8264462809917348,0.0,3,1.6528925619834696,0.0,204,-0.24392363210914353,angry,0.7603305785123967,0.8429752066115702,0.7603305785123967,0.8264462809917356,2.432,5e338cb95807b852d9e04e75
,0.12466690561156908,3,0.2506265664160454,0.006782780418111343,3,0.2506265664160454,0.015664160401002825,628,-0.24075578720594484,angry,0.7907268170426065,0.7907268170426065,0.7907268170426065,0.7907268170426065,8.021375,5fbc69cb4c55eb78bd7ce7a4
,0.11214062434292603,5,0.45045045045046006,0.011671680709302776,5,0.45045045045046006,0.014076576576576905,467,-0.2405906728714334,angry,0.5259009009009009,0.5259009009009009,0.5259009009009009,0.5259009009009009,8.917375,5e42679f0b3f160367c20960
,0.20204571284253062,6,0.4081632653061221,0.03600340026408085,3,0.4081632653061221,0.04409497982609156,470,-0.24740577346904216,angry,0.9572301425661914,0.9572301425661914,0.9572301425661914,0.9572301425661914,4.949375,5e3551ed5807b852d9e07fbd
,0.1370614035087719,4,0.549450549450552,0.02814834531379649,2,0.549450549450552,0.025395260057948333,631,-0.24577530178681511,angry,0.8667582417582418,0.8667582417582418,0.8667582417582418,0.8667582417582418,7.296,5f6bd58cf8fac448cc0a5e57
,0.12400793650793651,2,0.24875621890547794,0.006723799718823414,2,0.4975124378109559,0.01552795031055934,327,-0.24768857198433053,angry,0.4062111801242236,0.4062111801242236,0.4062111801242236,0.4062111801242236,8.064,5e43f4be48600202f72701b5
,0.36057150583675124,1,1.4598540145985388,0.019754229100922404,3,2.189781021897808,0.01975422910092233,210,-0.24845926647735944,angry,0.7664233576642335,0.7664233576642335,0.7664233576642335,0.7664233576642335,2.773375,5e46025b963e443aee02b06e
,0.1890113524943592,4,0.7662835249042139,0.010349251957271021,4,0.7662835249042139,0.04139700782908403,446,-0.24905606421714147,angry,0.8527724665391969,0.8527724665391969,0.8527724665391969,0.8527724665391969,5.2906875,5e45707f8849ac3aacea4efd
,0.18454653456210568,7,0.7462686567164173,0.019336665055710096,23,1.1194029850746259,0.010098243980695304,536,-0.24163900115502335,angry,1.0,1.0,1.0,1.0,5.4186875,5e38b6dc05fef317e874c638
,0.3255208333333333,1,1.9607843137254886,0.0669673051909926,2,0.6535947712418295,0.07075370945951291,305,-0.24744578717091334,angry,0.9967320261437909,0.9967320261437909,0.9967320261437909,0.9967320261437909,3.072,5e315c9e5807b852d9e03261
,0.1953125,1,0.39215686274509765,0.040101752227874245,1,1.9607843137254881,0.02028268585099924,155,-0.23960029294745003,angry,0.30332681017612523,0.30332681017612523,0.30332681017612523,0.30332681017612523,5.12,5fb48bedcb503578af9ed7f7
,0.2467079902550344,1,1.4925373134328348,0.0,6,0.9950248756218898,0.031094527363184077,400,-0.2267015181006506,angry,0.9950248756218906,0.9950248756218906,0.9950248756218906,0.9950248756218906,4.053375,5e379dfa05fef317e874bd6f
,0.11214062434292603,8,0.9009009009009201,0.0,4,0.45045045045046006,0.014076576576576877,811,-0.24707752216124454,angry,0.9132882882882883,0.9132882882882883,0.9132882882882883,0.9132882882882883,8.917375,5e381601ee8206179943ce6c
,0.22977941176470587,6,1.3824884792626717,0.0498862559783663,2,0.4608294930875572,0.04721657923604546,359,-0.24840292421958185,angry,0.8271889400921659,0.8271889400921659,0.8271889400921659,0.8271889400921659,4.352,5e3381c65807b852d9e04cc6
,0.2130662902495539,4,0.8583690987124457,0.03967328180726671,4,1.7167381974248914,0.02224131431300562,466,-0.2490230836511626,angry,1.0,1.0,1.0,1.0,4.693375,5e368d3b05fef317e874b66a
,0.27901785714285715,3,0.5617977528089882,0.6723122177633898,1,2.8089887640449414,0.02903207974750873,269,-0.24401895290580838,angry,0.7535014005602241,0.7535014005602241,0.7535014005602241,0.7535014005602241,3.584,5f7919ebd338b948c4e68cf6
,0.06103515625,3,0.48899755501223535,0.013225800302145048,3,0.48899755501223535,0.0076359193646916845,775,-0.24329186426987395,angry,0.47342700061087356,0.47342700061087356,0.47342700061087356,0.47342700061087356,16.384,5e48d1d3963e443aee02b3d9
,0.1775568181818182,1,1.4234875444839845,0.0,10,1.7793594306049807,0.018442086245303576,459,-0.23195917480613398,angry,0.8167259786476868,0.8167259786476868,0.8167259786476868,0.8167259786476868,5.632,5f6b6fbcf8fac448cc0a5e2f
,0.09084302325581396,7,0.5464480874317056,0.0049250762271637,3,0.3642987249544704,0.021841292504176452,1013,-0.24595064389746102,angry,0.921747042766151,0.921747042766151,0.921747042766151,0.921747042766151,11.008,5e443b14189842034d9f790f
,0.17891088001789107,2,0.36101083032490944,0.03331126003997528,5,0.7220216606498189,0.03185165681020479,479,-0.23044852971531665,angry,0.863063063063063,0.863063063063063,0.863063063063063,0.863063063063063,5.589375,5f5e1bd23bd6941613f6d27f
,0.1483376907529992,2,0.29850746268656686,0.01865671641791042,2,0.5970149253731337,0.026384581387557723,604,-0.24456990099654105,angry,0.9014925373134328,0.9014925373134328,0.9014925373134328,0.9014925373134328,6.741375,5e355a715807b852d9e08208
,0.11837121212121211,2,0.2375296912114065,0.021930900738062507,3,0.475059382422813,0.0,643,-0.24419253460347914,angry,0.7627520759193357,0.7627520759193357,0.7627520759193357,0.7627520759193357,8.448,5e37a8fd05fef317e874be2d
,0.1220703125,5,0.24449877750611768,0.02646776906431716,32,1.2224938875305884,0.025051339105677556,649,-0.23978126235083347,angry,0.7970660146699267,0.7970660146699267,0.7970660146699267,0.7970660146699267,8.192,5e48fcba963e443aee02b434
,0.1483376907529992,5,0.5970149253731337,0.008078595184556331,5,0.8955223880597005,0.015469332044568095,577,-0.24209813869274693,angry,0.8656716417910447,0.8656716417910447,0.8656716417910447,0.8656716417910447,6.741375,5e482128c38c123b9ec6d8aa
,0.2467079902550344,12,0.4975124378109449,1.234295099713657,18,4.477611940298504,0.04598942617459266,358,-0.23865458014114874,angry,0.8905472636815921,0.8905472636815921,0.8905472636815921,0.8905472636815921,4.053375,5f6184f82e23c7161accd3ab
,0.07102272727272728,6,0.426742532005699,0.0,6,0.426742532005699,0.008890469416785396,921,-0.24448471297962832,angry,0.655049786628734,0.655049786628734,0.655049786628734,0.655049786628734,14.08,5f40b6ea9dd513131eaced3c
,0.15521472987786541,3,0.3134796238244511,0.008470514512758596,4,0.6269592476489022,0.01956181533646323,397,-0.22965769319762214,angry,0.621283255086072,0.621283255086072,0.621283255086072,0.621283255086072,6.4426875,5f70907bf8fac448cc0a61f2
,0.12807377049180327,4,0.5141388174807308,0.026305513977463654,7,1.0282776349614615,0.006948214086845777,595,-0.2476433683071695,angry,0.7637997432605905,0.7637997432605905,0.7637997432605905,0.7637997432605905,7.808,5f8470d2f8fac448cc0a6bd0
,0.1227087966868625,3,0.4938271604938377,0.006674055207956674,2,0.4938271604938377,0.025267565213864602,736,-0.24237077096022563,angry,0.9075215782983971,0.9075215782983971,0.9075215782983971,0.9075215782983971,8.149375,5e49645a2a2d173b73a02f8c
,0.0956628839967953,6,0.5758157389635439,0.020777960743389074,9,0.7677543186180585,0.016965133905627733,548,-0.23937110774874543,angry,0.5268714011516314,0.5268714011516314,0.5268714011516314,0.5268714011516314,10.453375,5f5b49e3b8781316283497d0
,0.2966753815059984,1,0.6060606060606055,0.01635244342493274,5,1.212121212121211,0.031312545226165,286,-0.24396757686238968,angry,0.8640483383685801,0.8640483383685801,0.8640483383685801,0.8640483383685801,3.3706875,5e37f28ec8c25f16cd145935
,0.08911563868064297,4,0.7155635062611959,0.009270529937263725,7,0.7155635062611959,0.0,1060,-0.2297438053595784,angry,0.9481216457960644,0.9481216457960644,0.9481216457960644,0.9481216457960644,11.221375,5e369d7b7995ef170fc0eb41
,0.23674242424242423,1,1.4285714285714273,0.01285667167138418,1,1.4285714285714273,0.024618651947412404,372,-0.24709753872796622,angry,0.8859857482185273,0.8859857482185273,0.8859857482185273,0.8859857482185273,4.224,5e36a0d07995ef170fc0eb7f
,0.28935185185185186,2,0.5813953488372088,0.015734473179223066,2,0.5813953488372088,0.06977785018049237,216,-0.24243018286946688,angry,0.6424418604651163,0.6424418604651163,0.6424418604651163,0.6424418604651163,3.456,5f8ba2d5f8fac448cc0a758f
,0.1936975654637241,2,0.39215686274509765,0.03459426522439074,3,0.7843137254901953,0.010592287228283287,416,-0.24570471459717425,angry,0.8140900195694716,0.8140900195694716,0.8140900195694716,0.8140900195694716,5.1626875,5e29841e5807b852d9e01987
,0.2170138888888889,6,1.3100436681222696,0.04716913963967526,9,0.4366812227074232,0.04716913963967526,427,-0.24344076119768396,angry,0.9302832244008714,0.9302832244008714,0.9302832244008714,0.9302832244008714,4.608,5e4372252b6c8802f2d85ed1
,0.5580357142857143,1,1.1235955056179765,0.0,1,2.247191011235953,0.11512356959799848,128,-0.2339329161404638,angry,0.7191011235955056,0.7191011235955056,0.7191011235955056,0.7191011235955056,1.792,5e2846c55807b852d9e0164e
,0.4783115601925204,1,0.9900990099009892,0.05105641610768775,1,4.950495049504946,0.026663343712575074,146,-0.24017570563850993,angry,0.7192118226600985,0.7192118226600985,0.7192118226600985,0.7192118226600985,2.0906875,5e437c3f9306c7039ddccf00
,0.11777609292533732,5,0.7125890736342195,0.006420710289030683,12,1.1876484560570324,0.4879739819663312,563,-0.24455856517062502,angry,0.66785290628707,0.66785290628707,0.66785290628707,0.66785290628707,8.4906875,5f7945d9111dfd48d40fd6a8
,0.20926248054512875,3,0.4237288135593217,0.03745268968149084,3,0.4237288135593217,0.039168960428360745,351,-0.2330279167131793,angry,0.7436440677966102,0.7436440677966102,0.7436440677966102,0.7436440677966102,4.7786875,5e3ceb3433e9ad176cc9bd7b
,0.17622115755272866,7,1.4234875444839845,0.022241992882562234,4,0.7117437722419923,0.009631065433545784,533,-0.2400863533139753,angry,0.9519572953736655,0.9519572953736655,0.9519572953736655,0.9519572953736655,5.6746875,5e4642ec963e443aee02b0e8
,0.15219107589578715,3,0.30769230769230743,0.0283990004949098,2,0.30769230769230743,0.02839900049490982,503,-0.24246885535284957,angry,0.7726574500768049,0.7726574500768049,0.7726574500768049,0.7726574500768049,6.5706875,5e33bfdd5807b852d9e05444
,0.1583609640223685,1,0.31948881789137357,0.034585679064873726,1,0.31948881789137357,0.019968051118210844,505,-0.24711191871854035,angry,0.8067092651757188,0.8067092651757188,0.8067092651757188,0.8067092651757188,6.3146875,5fbdd7c3cb503578af9eeb7d
,0.0877808988764045,1,0.5272407732864788,0.009107603224833782,1,0.17574692442882625,0.0162458254149268,887,-0.24474354519649827,angry,0.7794376098418277,0.7794376098418277,0.7794376098418277,0.7794376098418277,11.392,5e485c2ef2fe7a3b1d544c85
,0.5326586323989613,2,1.0869565217391295,0.10047689849014281,2,1.0869565217391295,0.11766649507940727,183,-0.24964842031222828,angry,0.9945652173913043,0.9945652173913043,0.9945652173913043,0.9945652173913043,1.877375,5e37ed4a05fef317e874c1f1
,0.18454653456210568,1,1.1194029850746259,0.019336665055710106,6,1.1194029850746259,0.02332089552238803,217,-0.24699346652930226,angry,0.4048507462686567,0.4048507462686567,0.4048507462686567,0.4048507462686567,5.4186875,5f8a2a3cf8fac448cc0a7425
,0.22977941176470587,1,1.8433179723502289,0.0,9,3.2258064516129004,0.04259850074236468,384,-0.23922514024938762,angry,0.8917050691244239,0.8917050691244239,0.8917050691244239,0.8917050691244239,4.352,5fbb14764c55eb78bd7ce36e
,0.2966753815059984,1,0.6060606060606055,0.01635244342493274,1,0.6060606060606055,0.06190935162671823,246,-0.24010223509204023,angry,0.743202416918429,0.743202416918429,0.743202416918429,0.743202416918429,3.3706875,5e492269963e443aee02b46a
,0.11897149145635978,3,0.23923444976077066,0.02586694754433861,3,0.23923444976077066,0.021120274228989315,785,-0.24607391522930042,angry,0.937873357228196,0.937873357228196,0.937873357228196,0.937873357228196,8.405375,5e3779e6dbc4b7182a6a9859
,0.20380348249200708,3,0.4132231404958674,0.0,4,0.8264462809917348,0.0,472,-0.2455810342023977,angry,0.9731958762886598,0.9731958762886598,0.9731958762886598,0.9731958762886598,4.9066875,5f5d75a654b2361621284878
,0.06833080651705067,6,0.13717421124828824,0.008573388203018006,6,0.41152263374486475,0.012680212155134893,1057,-0.24933734851206948,angry,0.7249657064471879,0.7249657064471879,0.7249657064471879,0.7249657064471879,14.6346875,5e40fab22b6c8802f2d8591f
,0.244140625,1,2.941176470588233,0.01326632052365868,1,2.4509803921568607,0.02540306977907014,364,-0.23957545931843982,angry,0.8995098039215687,0.8995098039215687,0.8995098039215687,0.8995098039215687,4.096,5f677e02d338b948c4e682b6
,0.09155255975235033,3,0.3683241252302104,0.018869240689175136,14,0.5524861878453156,0.0,942,-0.24491214289776728,angry,0.8720073664825047,0.8720073664825047,0.8720073664825047,0.8720073664825047,10.9226875,5f60bed2b878131628349c6e
,0.11660447761194029,1,0.4672897196261782,0.02393924694911704,10,1.1682242990654454,0.021597837993208756,672,-0.24461567949383406,angry,0.7850467289719626,0.7850467289719626,0.7850467289719626,0.7850467289719626,8.576,5f87b8ddd338b948c4e69939
,0.07838603160916725,11,0.9433962264151144,0.008148154457437768,25,2.044025157232748,0.008148154457437776,902,-0.24221939759190708,angry,0.7091194968553459,0.7091194968553459,0.7091194968553459,0.7091194968553459,12.757375,5e3952a0ee8206179943d3db
,0.18168604651162792,1,0.3649635036496347,0.022768670309653904,1,6.569343065693425,0.009859123449276391,534,-0.24191715122157262,angry,0.9726775956284153,0.9726775956284153,0.9726775956284153,0.9726775956284153,5.504,5fb88f974c55eb78bd7cdd13
,0.10557432432432433,5,0.6342494714587873,0.01868675425968718,3,0.21141649048626243,0.013213530655391409,840,-0.2366468963238026,angry,0.8879492600422833,0.8879492600422833,0.8879492600422833,0.8879492600422833,9.472,5e43aaea189842034d9f77ba
,0.12877678154628722,1,0.7772020725388766,0.0,5,0.5181347150259178,0.028008583563533508,758,-0.24553980443759893,angry,0.9805950840879689,0.9805950840879689,0.9805950840879689,0.9805950840879689,7.765375,5e362adb8661d6073410fab4
,0.15729762677205608,1,0.3164556962025314,0.0,1,0.3164556962025314,0.008564333502615096,410,-0.24482311280510002,angry,0.6487341772151899,0.6487341772151899,0.6487341772151899,0.6487341772151899,6.357375,5e426d9b2b6c8802f2d85c27
,0.40409142568506123,2,1.6528925619834696,0.05165289256198341,4,4.132231404958674,1.1630506455782739,223,-0.24454321962009867,angry,0.9214876033057852,0.9214876033057852,0.9214876033057852,0.9214876033057852,2.4746875,5f88f0e0d338b948c4e69b4d
,0.2467079902550344,9,1.9900497512437796,0.04397430231259623,8,1.9900497512437796,0.05097511290657649,351,-0.24372563583589738,angry,0.8731343283582089,0.8731343283582089,0.8731343283582089,0.8731343283582089,4.053375,5e520f448849ac3aacea565a
,0.19862205946247904,12,0.4016064257028109,0.82971445771022,2,0.4016064257028109,0.03549732837281862,353,-0.235528396664708,angry,0.7088353413654619,0.7088353413654619,0.7088353413654619,0.7088353413654619,5.0346875,5e3d3523dbc4b7182a6aa93e
,0.1502403846153846,3,0.6024096385542164,0.03260637815453456,1,0.9036144578313245,0.030861438838017674,410,-0.2417857279084994,angry,0.6189759036144579,0.6189759036144579,0.6189759036144579,0.6189759036144579,6.656,5e4868417bef803b4851dac5
,0.3004807692307692,1,1.212121212121211,0.0,1,1.212121212121211,0.0,254,-0.24357570825186464,angry,0.7673716012084593,0.7673716012084593,0.7673716012084593,0.7673716012084593,3.328,5e37a10e05fef317e874bda1
,0.1483376907529992,2,0.29850746268656686,0.0323143807382253,34,2.6865671641791016,1.7772909406023911,442,-0.24594615083317603,angry,0.6597014925373135,0.6597014925373135,0.6597014925373135,0.6597014925373135,6.741375,5f5eb73754b2361621284951
,0.2604166666666667,1,0.5235602094240833,0.027132074528430927,1,3.1413612565445,0.0327225130890052,230,-0.24224822481053127,angry,0.6151832460732984,0.6151832460732984,0.6151832460732984,0.6151832460732984,3.84,5e36cfc305fef317e874b913
,0.20380348249200708,11,2.066115702479337,0.02577319587628879,11,2.066115702479337,0.042251536883389215,455,-0.24064905847687576,angry,0.9443298969072165,0.9443298969072165,0.9443298969072165,0.9443298969072165,4.9066875,5e514af4963e443aee02b676
,0.4261325804991078,1,0.8771929824561395,0.04525961777231708,1,0.8771929824561395,0.04525961777231708,215,-0.2408430408801609,angry,0.9388646288209607,0.9388646288209607,0.9388646288209607,0.9388646288209607,2.3466875,5e37b421dbc4b7182a6a9bbc
,0.18168604651162792,1,0.3649635036496347,0.009859123449276391,1,0.3649635036496347,0.0,497,-0.26293290199579034,angry,0.7887067395264117,0.9052823315118397,0.7887067395264117,0.8761384335154827,5.504,5e3658b9c8c25f16cd144b86
,0.16983695652173914,2,0.3412969283276448,0.017656648159898838,7,1.0238907849829344,0.021294718909710353,428,-0.24236675014895118,angry,0.7291311754684838,0.7291311754684838,0.7291311754684838,0.7291311754684838,5.888,5f656196111dfd48d40fca40
,0.2170138888888889,1,0.8733624454148464,0.022580506470284565,1,1.7467248908296928,0.022580506470284565,456,-0.23720917360119032,angry,0.9934640522875817,0.9934640522875817,0.9934640522875817,0.9934640522875817,4.608,5e47f551963e443aee02b1ab
,0.15318627450980393,1,0.30769230769230743,0.015920817926053175,3,0.30769230769230743,0.027154638294414234,364,-0.24162764073996107,angry,0.5591397849462365,0.5591397849462365,0.5591397849462365,0.5591397849462365,6.528,5fba378844697678c497b3d8
,0.1455736511691384,3,0.29325513196480935,0.030002921505774143,15,0.5865102639296187,0.030002921505774265,441,-0.2410642954258441,angry,0.6456808199121523,0.6456808199121523,0.6456808199121523,0.6456808199121523,6.869375,5fbb1ae34c55eb78bd7ce398
,0.16052974816895757,1,3.8834951456310645,0.0,1,3.2362459546925537,0.01674386505631763,606,-0.24710052869929702,angry,0.9789983844911146,0.9789983844911146,0.9789983844911146,0.9789983844911146,6.229375,5f62bf103bd6941613f6d64c
,0.15625,11,1.8808777429467067,0.027664584553464308,4,0.6269592476489022,0.01956181533646323,639,-0.23026253336668323,angry,1.0,1.0,1.0,1.0,6.4,5e37e2a8ee8206179943cb8c
,0.5580357142857143,1,1.1235955056179765,0.0,2,4.494382022471906,0.1216327814303986,138,-0.23583723102528803,angry,0.7752808988764045,0.7752808988764045,0.7752808988764045,0.7752808988764045,1.792,5e33cf4e5807b852d9e0587a
,0.12668852043644196,1,0.7633587786259706,0.0,2,0.25445292620865684,0.02754533727049799,586,-0.2393922456091908,angry,0.7455470737913485,0.7455470737913485,0.7455470737913485,0.7455470737913485,7.893375,5fba375ccb503578af9ee155
,0.4185194873136281,1,0.854700854700854,0.07522412565814328,1,0.854700854700854,0.04410405306323665,216,-0.2390908958561385,angry,0.9191489361702128,0.9191489361702128,0.9191489361702128,0.9191489361702128,2.389375,5f5f8b44b878131628349b71
,0.09337613072658302,5,0.7504690431519859,0.01656763779724842,1,0.18761726078799648,0.009713638678407539,561,-0.2484077630197481,angry,0.5257731958762887,0.5257731958762887,0.5257731958762887,0.5257731958762887,10.709375,5f8b820a9e04b149046cd2e5
,0.45955882352941174,10,2.7777777777777755,0.08184106263733171,1,0.9259259259259252,0.025058605433577498,184,-0.24260579480337463,angry,0.8518518518518519,0.8518518518518519,0.8518518518518519,0.8518518518518519,2.176,5e537874f2fe7a3b1d54513a
,0.2467079902550344,4,0.9950248756218898,0.0,7,4.975124378109449,0.025782220074280167,378,-0.24027007058678942,angry,0.9527363184079602,0.9527363184079602,0.9527363184079602,0.9527363184079602,4.053375,5e32e1105807b852d9e04172
,0.1802877843758099,1,0.7299270072992694,0.009859123449276391,1,1.094890510948904,0.018878784098106775,545,-0.24543443183892202,angry,0.9981785063752276,0.9981785063752276,0.9981785063752276,0.9981785063752276,5.5466875,5e366e5705fef317e874b539
,0.17233394009241407,1,0.3484320557491286,0.009429719117861914,2,0.3484320557491286,0.03079733367537226,347,-0.24713513123519917,angry,0.6097560975609756,0.6097560975609756,0.6097560975609756,0.6097560975609756,5.8026875,5e53585cc38c123b9ec6dda3
,0.2232142857142857,11,2.690582959641253,0.04584339013074661,4,0.8968609865470843,0.0,444,-0.24278092114651012,angry,0.9932885906040269,0.9932885906040269,0.9932885906040269,0.9932885906040269,4.48,5e395095c8c25f16cd1460a7
,0.12948860095659703,8,0.2610966057441309,0.30862643695182085,8,0.2610966057441309,0.30406279527112406,655,-0.24402321535182625,angry,0.8590078328981723,0.8590078328981723,0.8590078328981723,0.8590078328981723,7.7226875,5e40dcef48600202f726fa12
,0.3004807692307692,2,0.6060606060606055,0.031312545226164994,3,0.6060606060606055,0.06540977369973096,318,-0.24106464371330646,angry,0.9607250755287009,0.9607250755287009,0.9607250755287009,0.9607250755287009,3.328,5e462e5d8849ac3aacea4fe7
,0.07760736493893271,6,0.46728971962617816,0.004212185816072278,5,0.31152647975078546,0.014387353558121948,1007,-0.2385860493853381,angry,0.7836575875486381,0.7836575875486381,0.7836575875486381,0.7836575875486381,12.885375,5e4891842a2d173b73a02dae
,0.16983695652173914,1,0.3412969283276448,0.01765664815989884,4,0.6825938566552896,0.03149531400713168,533,-0.24041836958139,angry,0.9080068143100511,0.9080068143100511,0.9080068143100511,0.9080068143100511,5.888,5e2e40a65807b852d9e02797
,0.18454653456210568,3,0.7462686567164173,0.038231334679932324,3,0.7462686567164173,0.034492069630944595,521,-0.2417782763154014,angry,0.9720149253731343,0.9720149253731343,0.9720149253731343,0.9720149253731343,5.4186875,5f60b96e54b2361621284afe
,0.1749054417455563,3,0.3521126760563377,0.009529328826853417,4,0.7042253521126755,0.03811731530741363,386,-0.24401953655433134,angry,0.6813380281690141,0.6813380281690141,0.6813380281690141,0.6813380281690141,5.717375,5e41f5f59329cb02ef38a786
,0.2604166666666667,13,4.71204188481675,0.04839724953451906,16,4.188481675392667,0.05364396698545481,338,-0.2428992051466829,angry,0.8848167539267016,0.8848167539267016,0.8848167539267016,0.8848167539267016,3.84,5e47d835c38c123b9ec6d702
,0.2391557800962602,6,1.4492753623188392,0.04454879354743686,20,4.830917874396131,0.04454879354743671,365,-0.244070366750076,angry,0.891566265060241,0.891566265060241,0.891566265060241,0.891566265060241,4.181375,5e47e6512a2d173b73a02bb6
,0.3167187933013975,5,1.9230769230769211,0.03321939894186094,5,1.2820512820512808,0.04006410256410253,306,-0.23448996119839008,angry,0.9807692307692307,0.9807692307692307,0.9807692307692307,0.9807692307692307,3.157375,5e36daf8c8c25f16cd1450d2
,0.07944902103909389,9,0.6389776357827612,0.009976057462091181,13,0.3194888178913806,0.014108275761902668,1039,-0.24596827455475073,angry,0.8300079808459697,0.8300079808459697,0.8300079808459697,0.8300079808459697,12.5866875,5e40d00d48600202f726f9c1
,0.2130662902495539,2,0.42918454935622286,0.011615147582945792,1,1.2875536480686685,0.011615147582945792,371,-0.23776352480423452,angry,0.796137339055794,0.796137339055794,0.796137339055794,0.796137339055794,4.693375,5e45ec31c38c123b9ec6d5cd
,0.25201612903225806,3,0.5076142131979691,0.051878469337832196,2,1.0152284263959381,0.026239120176862297,354,-0.24762371811183198,angry,0.8962025316455696,0.8962025316455696,0.8962025316455696,0.8962025316455696,3.968,5e4163762b6c8802f2d85a7e
,0.11957878373429595,5,0.48192771084338376,0.022274396773718917,4,0.48192771084338376,0.012487292132362467,658,-0.24940776513671786,angry,0.7927710843373494,0.7927710843373494,0.7927710843373494,0.7927710843373494,8.3626875,5f708a05111dfd48d40fd3ce
,0.3301010934598721,1,1.3422818791946296,0.018102537704524208,1,0.6711409395973148,0.059122640567437025,299,-0.2451642830712167,angry,1.0,1.0,1.0,1.0,3.029375,5e3925fcc8c25f16cd145fe2
,0.27252597513200477,1,0.5524861878453033,0.01491090571254197,1,0.5524861878453033,0.01491090571254197,278,-0.22000216768494824,angry,0.7658402203856749,0.7658402203856749,0.7658402203856749,0.7658402203856749,3.669375,5e36389d8661d6073410fd22
,0.17233394009241407,3,0.3484320557491286,0.03771887647144761,1,0.3484320557491286,0.0357003403979856,421,-0.23784719995756726,angry,0.7334494773519163,0.7334494773519163,0.7334494773519163,0.7334494773519163,5.8026875,5fbc824c4c55eb78bd7ce860
,0.244140625,2,0.49019607843137214,0.05022547889324445,1,0.49019607843137214,0.0,350,-0.2386736061146449,angry,0.8578431372549019,0.8578431372549019,0.8578431372549019,0.8578431372549019,4.096,5fbcdae744697678c497bc67
,0.23437385559640825,5,0.9523809523809516,0.0246186519474124,2,0.9523809523809516,0.029691211401425166,350,-0.2375873611945388,angry,0.831353919239905,0.831353919239905,0.831353919239905,0.831353919239905,4.2666875,5f7916e6111dfd48d40fd653
,0.34466416785144977,3,0.6993006993006987,0.0646424801475045,5,1.3986013986013974,0.06181003332050239,274,-0.24448657063420728,angry,0.958041958041958,0.958041958041958,0.958041958041958,0.958041958041958,2.901375,5e36a4d1dbc4b7182a6a9565
,0.055146932107233204,4,0.22099447513812626,0.009766668248433188,3,0.22099447513812626,0.011961676847851621,1148,-0.24529622596537304,angry,0.5773480662983426,0.6342541436464089,0.5773480662983426,0.6228729281767956,18.133375,5e42bc150b3f160367c20b07
,0.2232142857142857,1,0.4484304932735422,0.012108856316896491,1,0.4484304932735422,0.0,407,-0.245877102109575,angry,0.9105145413870246,0.9105145413870246,0.9105145413870246,0.9105145413870246,4.48,5e369727c8c25f16cd144e6a
,0.1060515675747332,2,0.21321961620469537,0.01968876392139158,2,0.21321961620469537,0.01968876392139158,914,-0.2438424144844657,angry,0.9733759318423855,0.9733759318423855,0.9733759318423855,0.9733759318423855,9.429375,5fb87af944697678c497ad84
,0.1483376907529992,3,0.29850746268656686,0.0,3,0.29850746268656686,0.008078595184556331,466,-0.24595600698320888,angry,0.6955223880597015,0.6955223880597015,0.6955223880597015,0.6955223880597015,6.741375,5e40fc170b3f160367c20691
,0.20204571284253062,4,0.8163265306122442,0.03600340026408081,3,0.8163265306122442,0.0417352248237143,469,-0.23451790428419125,angry,0.9572301425661914,0.9572301425661914,0.9572301425661914,0.9572301425661914,4.949375,5e378ee4c8c25f16cd1453ca
,0.5859303475299374,1,1.21951219512195,0.0,3,1.21951219512195,0.0,165,-0.24353470048938797,angry,1.0,1.0,1.0,1.0,1.7066875,5e3504ac5807b852d9e07297
,0.06386231285348788,3,0.12820512820513094,0.011331839442092352,8,0.5128205128205238,0.09715028568094872,995,-0.24220597733707688,angry,0.6378205128205128,0.6378205128205128,0.6378205128205128,0.6378205128205128,15.6586875,5e43d6b29306c7039ddccfaa
,0.11003521126760564,4,0.4415011037527688,0.011427180231379104,4,0.4415011037527688,0.02259315919343351,709,-0.23754926979356453,angry,0.7398015435501654,0.7816979051819184,0.7398015435501654,0.7733186328555678,9.088,5f5e099354b23616212848e2
,0.16861451560211188,7,0.6825938566552896,0.04089195990134473,16,0.3412969283276448,0.021294718909710353,363,-0.24394647715825446,angry,0.6183986371379898,0.6183986371379898,0.6183986371379898,0.6183986371379898,5.9306875,5f917627f8fac448cc0a7e68
,0.20032051282051283,1,0.4016064257028109,0.037123994622864025,1,2.0080321285140545,0.03549732837281862,351,-0.22095670808566786,angry,0.7048192771084337,0.7048192771084337,0.7048192771084337,0.7048192771084337,4.992,5f6a3bc8f8fac448cc0a5d12
,0.2757337101694039,5,1.6853932584269646,0.06064603667958242,1,1.6853932584269646,0.0,321,-0.24303807141874306,angry,0.8991596638655462,0.8991596638655462,0.8991596638655462,0.8991596638655462,3.6266875,5e369a7f05fef317e874b730
,0.08648508402566446,3,0.34782608695652917,0.009012567365096372,3,0.6956521739130583,0.00470665980317639,724,-0.24646227364163745,angry,0.6295652173913043,0.6295652173913043,0.6295652173913043,0.6295652173913043,11.5626875,5e48154fc38c123b9ec6d847
,0.2633398071035913,1,1.0638297872340416,0.04701507853633956,2,0.5319148936170208,0.0544999877352227,193,-0.23954625760227594,angry,0.5132978723404256,0.5132978723404256,0.5132978723404256,0.5132978723404256,3.797375,5fbc6c8e44697678c497b94a
,0.509505461261663,5,3.1578947368421026,0.09730394380098048,1,3.1578947368421026,0.05454974984137165,166,-0.2333090031860498,angry,0.8736842105263158,0.8736842105263158,0.8736842105263158,0.8736842105263158,1.9626875,5e383623dbc4b7182a6aa24f
,0.2130662902495539,1,0.42918454935622286,0.011615147582945792,9,1.7167381974248914,0.03793491315378464,421,-0.237433067075394,angry,0.9034334763948498,0.9034334763948498,0.9034334763948498,0.9034334763948498,4.693375,5e44352b2b6c8802f2d86089
,0.3842182359580242,3,1.5748031496062977,0.0490196078431373,1,3.1496062992125955,0.0,183,-0.23903000164719393,sadness,0.7215686274509804,0.7215686274509804,0.7215686274509804,0.7215686274509804,2.6026875,5e36c3b233e9ad176cc9aaea
,0.11377373248951149,2,0.22883295194508496,0.021128856368213367,15,0.4576659038901699,0.023419423301079125,719,-0.24082352633637427,angry,0.8217142857142857,0.8217142857142857,0.8217142857142857,0.8217142857142857,8.789375,5e4890d92a2d173b73a02dab
,0.2391557800962602,1,0.48309178743961306,0.030120481927710815,1,0.48309178743961306,0.013042551261813829,394,-0.24191606503349136,sadness,0.9493975903614458,0.9493975903614458,0.9493975903614458,0.9493975903614458,4.181375,5e383be7dbc4b7182a6aa273
,0.18310407177679613,1,0.7380073800738001,0.03773848137834941,2,0.7380073800738001,0.03404742048284767,441,-0.2476466692027654,sadness,0.8121546961325967,0.8121546961325967,0.8121546961325967,0.8121546961325967,5.461375,5e380ff5c8c25f16cd145a7d
,0.15943877551020408,5,0.9584664536741208,0.032734816914446865,5,0.6389776357827471,0.032734816914446865,568,-0.24627470059225068,sadness,0.9073482428115016,0.9073482428115016,0.9073482428115016,0.9073482428115016,6.272,5e300e4a5807b852d9e02d55
,0.11160714285714285,22,0.4474272930648865,0.9414368744781082,9,0.6711409395973298,0.11907397280014173,517,-0.2472712686468924,angry,0.5776536312849162,0.5776536312849162,0.5776536312849162,0.5776536312849162,8.96,5f6a1c42d338b948c4e68532
,0.3004807692307692,3,0.6060606060606055,0.3398791540785495,1,0.6060606060606055,0.0,198,-0.22507602710658445,sadness,0.5981873111782477,0.5981873111782477,0.5981873111782477,0.5981873111782477,3.328,5e38de4fee8206179943d19d
,0.16505224935268573,4,0.6666666666666661,0.034153325647406224,3,0.6666666666666661,0.034153325647406224,573,-0.24043163353515107,sadness,0.9566666666666667,0.9566666666666667,0.9566666666666667,0.9566666666666667,6.0586875,5f6382d42e23c7161accd5f2
,0.1890113524943592,8,1.5325670498084278,0.0,7,1.5325670498084278,0.04139700782908408,275,-0.24713520046039208,sadness,0.5258126195028681,0.5258126195028681,0.5258126195028681,0.5258126195028681,5.2906875,5f8d70e19e04b149046cd636
,0.15219107589578715,3,0.30769230769230743,0.03147771949069697,8,1.2307692307692297,0.01920122887864817,622,-0.24238600196087368,sadness,0.9600614439324117,0.9600614439324117,0.9600614439324117,0.9600614439324117,6.5706875,5fb8c46a44697678c497af28
,0.11957878373429595,3,0.48192771084338376,0.02468915107041469,6,0.7228915662650757,0.022274396773718917,589,-0.23807453504035275,sadness,0.6807228915662651,0.7096385542168675,0.6807228915662651,0.703855421686747,8.3626875,5fba373744697678c497b3d2
,0.1921091179790121,1,1.1627906976744176,0.0,1,1.1627906976744176,0.0,433,-0.24819913496209667,sadness,0.8375241779497099,0.8375241779497099,0.8375241779497099,0.8375241779497099,5.205375,5e43700f48600202f7270095
,0.15729762677205608,2,0.3164556962025314,0.034257334010460355,2,0.3164556962025314,0.034257334010460355,482,-0.24491546070658385,sadness,0.7642405063291139,0.7642405063291139,0.7642405063291139,0.7642405063291139,6.357375,5e367b9933e9ad176cc9a803
,0.1802877843758099,1,1.4598540145985388,0.009859123449276391,1,0.3649635036496347,0.0,462,-0.23548462440785375,sadness,0.8469945355191257,0.8469945355191257,0.8469945355191257,0.8469945355191257,5.5466875,5fbe094acb503578af9eec2e
,0.16389748212493085,3,0.6600660066006594,0.0,5,0.3300330033003297,0.035727120618169864,549,-0.231486781653257,sadness,0.905940594059406,0.905940594059406,0.905940594059406,0.905940594059406,6.101375,5e3503b45807b852d9e07269
,0.14467592592592593,1,0.2898550724637682,0.026793839597371454,1,0.8695652173913045,0.015020945608493657,686,-0.23387525068135578,sadness,0.9942028985507246,0.9942028985507246,0.9942028985507246,0.9942028985507246,6.912,5e2ebbe35807b852d9e0280f
,0.46874084490537293,1,0.9523809523809516,0.0,1,0.9523809523809516,0.09758093042116063,187,-0.24079886569144363,sadness,0.9047619047619048,0.9047619047619048,0.9047619047619048,0.9047619047619048,2.133375,5f6ea712111dfd48d40fd26c
,0.4507169216034254,5,1.8518518518518503,0.10023442173430999,5,0.9259259259259252,0.0948703490205729,183,-0.24856964272228438,sadness,0.8472222222222222,0.8472222222222222,0.8472222222222222,0.8472222222222222,2.2186875,5fb8e53644697678c497b013
,0.2467079902550344,3,0.4975124378109449,0.025782220074280156,1,1.4925373134328348,0.0,282,-0.20984917550163312,sadness,0.7089552238805971,0.7089552238805971,0.7089552238805971,0.7089552238805971,4.053375,5e4860af963e443aee02b325
,0.0945056762471796,9,0.759013282732464,0.22429587353424557,20,1.8975332068311601,0.017540559129209397,826,-0.2471467053841653,sadness,0.7836812144212524,0.7836812144212524,0.7836812144212524,0.7836812144212524,10.581375,5f871b27f8fac448cc0a6fe0
,0.2693965517241379,1,2.16216216216216,0.02801203370232598,4,1.08108108108108,0.05538377132011819,318,-0.2431942603274077,sadness,0.8594594594594595,0.8594594594594595,0.8594594594594595,0.8594594594594595,3.712,5e3413015807b852d9e063b9
,0.23437385559640825,6,1.4285714285714273,0.0,1,1.4285714285714273,0.01285667167138418,421,-0.24171462308035388,sadness,1.0,1.0,1.0,1.0,4.2666875,5e37eb2cdbc4b7182a6a9ed6
,0.11268002394450509,1,0.4535147392290346,0.02323355486218162,4,0.9070294784580692,0.011751079897801412,737,-0.24540139674575778,sadness,0.8356009070294784,0.8356009070294784,0.8356009070294784,0.8356009070294784,8.8746875,5e42a2ed48600202f726fe94
,0.509505461261663,1,4.21052631578947,0.06578947368421045,1,5.263157894736837,0.028487677756067028,90,-0.24514965114337706,sadness,0.47368421052631576,0.47368421052631576,0.47368421052631576,0.47368421052631576,1.9626875,5f793a6dd338b948c4e68d2d
,0.21502197255782074,1,1.7467248908296928,0.011792284909918816,1,1.7467248908296928,0.011792284909918816,396,-0.24359398807716798,sadness,0.8627450980392157,0.8627450980392157,0.8627450980392157,0.8627450980392157,4.6506875,5e42b8102b6c8802f2d85d72
,0.4111842105263158,3,0.8264462809917348,0.08467766689439557,1,0.8264462809917348,0.0,227,-0.24442791260291843,sadness,0.9380165289256198,0.9380165289256198,0.9380165289256198,0.9380165289256198,2.432,5e36a57adbc4b7182a6a956d
,0.244140625,2,0.49019607843137214,0.0,2,0.49019607843137214,0.01326632052365868,394,-0.24747798195152923,sadness,0.9656862745098039,0.9656862745098039,0.9656862745098039,0.9656862745098039,4.096,5e3817f633e9ad176cc9b61d
,0.21502197255782074,4,0.8733624454148464,0.038513441241097325,1,0.4366812227074232,0.02723311546840955,418,-0.23959995466483006,sadness,0.9128540305010894,0.9128540305010894,0.9128540305010894,0.9128540305010894,4.6506875,5e36a619c8c25f16cd144f61
,0.2211074720506336,1,0.8968609865470843,0.03954735912676436,1,0.8968609865470843,0.03954735912676436,344,-0.24317866839609925,sadness,0.7695749440715883,0.7695749440715883,0.7695749440715883,0.7695749440715883,4.5226875,5fb8cf014c55eb78bd7cde64
,0.15521472987786541,1,0.3134796238244511,0.016219800422317077,1,1.2539184952978044,0.008470514512758584,205,-0.24579489374836788,sadness,0.3208137715179969,0.3208137715179969,0.3208137715179969,0.3208137715179969,6.4426875,5f8ed5bcd338b948c4e6a45b
,0.16389748212493085,9,1.6501650165016484,0.008931780154542454,14,0.9900990099009891,0.607361050508888,442,-0.24948937305995827,sadness,0.7293729372937293,0.7293729372937293,0.7293729372937293,0.7293729372937293,6.101375,5f8123f39e04b149046cc41c
,0.24162249505428957,2,0.49019607843137214,0.04332762139623449,2,0.49019607843137214,0.04531311108378991,382,-0.22588729499135402,sadness,0.9362745098039216,0.9362745098039216,0.9362745098039216,0.9362745098039216,4.1386875,5e331d445807b852d9e0494f
,0.13020833333333334,1,0.2610966057441309,0.013530616801384916,1,1.0443864229765236,0.007066134169259609,688,-0.24018386208424278,sadness,0.8981723237597912,0.8981723237597912,0.8981723237597912,0.8981723237597912,7.68,5e4647118849ac3aacea5033
,0.4261325804991078,5,2.6315789473684186,0.08948469601940498,6,2.6315789473684186,0.07719506344831299,227,-0.2351226793656866,sadness,0.9912663755458515,0.9912663755458515,0.9912663755458515,0.9912663755458515,2.3466875,5e392f7c33e9ad176cc9ba92
,0.15219107589578715,1,0.30769230769230743,0.008314375996394376,14,0.30769230769230743,0.767734070354383,568,-0.2340731437848036,sadness,0.7741935483870968,0.8725038402457758,0.7741935483870968,0.8528417818740399,6.5706875,5e3391985807b852d9e04f05
,0.2966753815059984,6,1.8181818181818166,0.06540977369973096,5,1.212121212121211,0.031312545226165,299,-0.24730825687448932,sadness,0.9033232628398792,0.9033232628398792,0.9033232628398792,0.9033232628398792,3.3706875,5e37ddcd33e9ad176cc9b2f3
,0.14467592592592593,1,0.5797101449275364,0.007844433005293827,1,0.8695652173913045,0.007844433005293827,687,-0.24271721370393856,sadness,0.9956521739130435,0.9956521739130435,0.9956521739130435,0.9956521739130435,6.912,5e3506b55807b852d9e07310
,0.16740954652939083,12,1.3468013468013458,0.029760386413575292,7,1.0101010101010093,0.021043771043770976,538,-0.23824559065968032,sadness,0.9141414141414141,0.9141414141414141,0.9141414141414141,0.9141414141414141,5.973375,5e45328d963e443aee02aec3
,0.07301401869158879,5,0.43859649122807953,0.012922273048000041,5,0.43859649122807953,0.013514436639025353,897,-0.23836329288808478,sadness,0.6557017543859649,0.6557017543859649,0.6557017543859649,0.6557017543859649,13.696,5e32c3a75807b852d9e03ec6
,0.15419308829481718,1,0.3105590062111798,0.01606891855792343,3,0.9316770186335395,0.01606891855792343,503,-0.24643761631034522,sadness,0.7798449612403101,0.7798449612403101,0.7798449612403101,0.7798449612403101,6.485375,5fba1a4344697678c497b30c
,0.16389748212493085,2,0.9900990099009891,0.0305078371653239,1,0.3300330033003297,0.02917107183112817,488,-0.22846869209915704,sadness,0.806930693069307,0.806930693069307,0.806930693069307,0.806930693069307,6.101375,5f97fe6bd338b948c4e6acad
,0.5859303475299374,1,1.21951219512195,0.11204696558900777,2,1.21951219512195,0.13121597027036938,141,-0.244811408668233,sadness,0.8848484848484849,0.8848484848484849,0.8848484848484849,0.8848484848484849,1.7066875,5e35773b5807b852d9e08444
,0.4783115601925204,1,1.9801980198019784,0.02666334371257505,2,0.9900990099009892,0.10665337485030019,146,-0.24531379702538017,sadness,0.7192118226600985,0.7192118226600985,0.7192118226600985,0.7192118226600985,2.0906875,5e33adb65807b852d9e05195
,0.1227087966868625,9,0.24691358024691884,0.021797373032878032,8,0.4938271604938377,0.025267565213864578,796,-0.24822295784807658,sadness,0.9815043156596794,0.9815043156596794,0.9815043156596794,0.9815043156596794,8.149375,5e2876b55807b852d9e0171c
,0.12019230769230768,1,1.4457831325301513,0.021298397023691646,3,0.24096385542169188,0.0,558,-0.24773700437814386,sadness,0.672289156626506,0.672289156626506,0.672289156626506,0.672289156626506,8.32,5f8275c3f8fac448cc0a692a
,0.19695216524286663,1,0.7936507936507929,0.03507474113028506,3,0.39682539682539647,0.02056438982115201,459,-0.24426983999143403,sadness,0.9107142857142857,0.9107142857142857,0.9107142857142857,0.9107142857142857,5.077375,5f5cc8423bd6941613f6d18b
,0.22754746497902298,3,0.4608294930875572,0.040731957441621384,3,0.4608294930875572,0.04259850074236473,400,-0.24422398281517693,sadness,0.9216589861751152,0.9216589861751152,0.9216589861751152,0.9216589861751152,4.3946875,5e369dd0dbc4b7182a6a94d8
,0.25755356309257443,1,1.0471204188481666,0.027132074528430927,9,2.6178010471204165,0.0,211,-0.2449900673072455,sadness,0.5523560209424084,0.5523560209424084,0.5523560209424084,0.5523560209424084,3.8826875,5e395a7edbc4b7182a6aa686
,0.13626414805099685,4,0.549450549450552,0.08921965011515548,4,0.549450549450552,0.017170329670329776,696,-0.24739732696985645,sadness,0.9560439560439561,0.9560439560439561,0.9560439560439561,0.9560439560439561,7.3386875,5fb88ae544697678c497ade5
,0.19054878048780488,1,0.38314176245210696,0.0,1,1.9157088122605348,0.010349251957271008,521,-0.2361858166477274,sadness,0.9961759082217974,0.9961759082217974,0.9961759082217974,0.9961759082217974,5.248,5e37b0d9c8c25f16cd14557f
,0.49865985164869414,1,2.0408163265306105,0.027475425246968194,2,2.0408163265306105,0.5154846703449208,185,-0.24797626978848078,sadness,0.9390862944162437,0.9390862944162437,0.9390862944162437,0.9390862944162437,2.005375,5f685a2cf8fac448cc0a5b1a
,0.18454653456210568,2,0.37313432835820864,0.038231334679932345,7,1.1194029850746259,0.0,478,-0.24049903007825796,sadness,0.8917910447761194,0.8917910447761194,0.8917910447761194,0.8917910447761194,5.4186875,5e42abb19329cb02ef38a986
,0.15318627450980393,1,0.30769230769230743,0.028399000494909805,1,0.30769230769230743,0.028399000494909805,648,-0.2179686446684442,sadness,0.9953917050691244,0.9953917050691244,0.9953917050691244,0.9953917050691244,6.528,5fb8c20dcb503578af9edca4
,0.28237619568670363,13,0.571428571428571,0.0,10,1.7142857142857129,0.41224490394552055,203,-0.23653798791776243,sadness,0.5783475783475783,0.5783475783475783,0.5783475783475783,0.5783475783475783,3.541375,5f917eadf8fac448cc0a7e8a
,0.10510066673235458,1,0.21141649048626243,0.010956080834948045,1,0.8456659619450497,0.02166172874042726,900,-0.24483898251759645,sadness,0.9513742071881607,0.9513742071881607,0.9513742071881607,0.9513742071881607,9.5146875,5fbc80b244697678c497b9ca
,0.3167187933013975,4,0.6410256410256404,0.04006410256410253,2,0.6410256410256404,0.04006410256410253,297,-0.24529607955170524,sadness,0.9519230769230769,0.9519230769230769,0.9519230769230769,0.9519230769230769,3.157375,5e362d188661d6073410fb1d
,0.15729762677205608,1,0.3164556962025314,0.027970996091239996,11,1.8987341772151884,0.008564333502615096,548,-0.24523802322722346,sadness,0.870253164556962,0.870253164556962,0.870253164556962,0.870253164556962,6.357375,5e42be079329cb02ef38aa34
,0.2232142857142857,1,0.8968609865470843,0.027964205816554774,3,0.4484304932735422,0.027964205816554788,432,-0.2444143844584492,sadness,0.9664429530201343,0.9664429530201343,0.9664429530201343,0.9664429530201343,4.48,5f9931a99e04b149046ce2b3
,0.13392819774498396,5,0.5405405405405461,0.024949729179738873,3,0.27027027027027306,0.0,690,-0.2466337686139915,sadness,0.9311740890688259,0.9311740890688259,0.9311740890688259,0.9311740890688259,7.4666875,5e3d028605fef317e874cc32
,0.16505224935268573,1,1.6666666666666652,0.009021097956087895,1,1.6666666666666652,0.029462782549439452,527,-0.23487957075484184,sadness,0.8866666666666667,0.8866666666666667,0.8866666666666667,0.8866666666666667,6.0586875,5fbe09b644697678c497befd
,0.22977941176470587,3,0.4608294930875572,0.023881226889079746,3,0.9216589861751144,0.012471563994591553,413,-0.23841879109767367,sadness,0.9516129032258065,0.9516129032258065,0.9516129032258065,0.9516129032258065,4.352,5f87c5bb111dfd48d40fe309
,0.28582146876507264,1,0.5813953488372088,0.015734473179223066,1,2.9069767441860437,0.036337209302325535,290,-0.2399785952340075,sadness,0.8430232558139535,0.8430232558139535,0.8430232558139535,0.8430232558139535,3.4986875,5e423dea189842034d9f73e8
,0.33481909305878166,1,2.0547945205479436,0.0426621160409556,2,1.369863013698629,0.06993855081380115,215,-0.23798139022532377,sadness,0.7337883959044369,0.7337883959044369,0.7337883959044369,0.7337883959044369,2.9866875,5e37d2d0ee8206179943ca7b
,0.2757337101694039,5,1.6853932584269646,0.01516150916989558,3,0.5617977528089882,0.06064603667958247,317,-0.23871086673051695,sadness,0.8879551820728291,0.8879551820728291,0.8879551820728291,0.8879551820728291,3.6266875,5e451f1c8849ac3aacea4de9
,0.13392819774498396,3,0.5405405405405461,0.02765451469425636,17,2.1621621621621845,0.007304532757965958,687,-0.2432337339994238,sadness,0.9284750337381916,0.9284750337381916,0.9284750337381916,0.9284750337381916,7.4666875,5e36b04dc8c25f16cd144f83
,0.2211074720506336,4,0.8968609865470843,0.04135961817043909,1,0.4484304932735422,0.04135961817043911,432,-0.23288879124241785,sadness,0.9664429530201343,0.9664429530201343,0.9664429530201343,0.9664429530201343,4.5226875,5e44cc40f2fe7a3b1d544673
,0.4261325804991078,3,0.8771929824561395,0.07719506344831299,3,0.8771929824561395,0.023636064513767364,183,-0.24232841833594082,sadness,0.7991266375545851,0.7991266375545851,0.7991266375545851,0.7991266375545851,2.3466875,5fb8e110cb503578af9edd77
,0.15729762677205608,2,0.3164556962025314,0.016399450110538956,2,0.3164556962025314,0.027970996091239986,619,-0.24176090237452522,sadness,0.9794303797468354,0.9794303797468354,0.9794303797468354,0.9794303797468354,6.357375,5e42cb799306c7039ddccdf1
,0.24162249505428957,3,0.49019607843137214,0.05306528209463467,2,0.9803921568627443,0.04531311108378991,387,-0.2466200768597418,sadness,0.9485294117647058,0.9485294117647058,0.9485294117647058,0.9485294117647058,4.1386875,5e4113732b6c8802f2d85972
,0.28935185185185186,3,0.5813953488372088,0.03012922229610643,12,3.4883720930232527,0.030129222296106446,253,-0.23563025461816273,sadness,0.7354651162790697,0.7354651162790697,0.7354651162790697,0.7354651162790697,3.456,5e3d32ce7995ef170fc0ff97
,0.2055921052631579,3,0.4132231404958674,0.04464048473115662,14,0.4132231404958674,1.1597938144329887,424,-0.23597094660029913,sadness,0.8742268041237113,0.8742268041237113,0.8742268041237113,0.8742268041237113,4.864,5e4205f60b3f160367c2088f
,0.32105949633791514,2,0.6535947712418295,0.0669673051909926,6,0.6535947712418295,0.05777016186164599,256,-0.24043958391684445,sadness,0.8366013071895425,0.8366013071895425,0.8366013071895425,0.8366013071895425,3.1146875,5e35c90cbacf60088a5ad840
,0.40409142568506123,9,3.305785123966939,0.051652892561983466,2,1.6528925619834696,0.08467766689439557,193,-0.22377025580520185,sadness,0.8099173553719008,0.8099173553719008,0.8099173553719008,0.8099173553719008,2.4746875,5f901d2df8fac448cc0a7d82
,0.4507169216034254,9,3.7037037037037006,1.3030474825460294,1,0.9259259259259252,0.047983576249354724,154,-0.2366094327978681,sadness,0.7268518518518519,0.7268518518518519,0.7268518518518519,0.7268518518518519,2.2186875,5f8c499a111dfd48d40fe91b
,0.27252597513200477,1,0.5524861878453033,0.0,1,1.1049723756906067,0.01491090571254197,361,-0.2412636822884256,sadness,0.9944903581267218,0.9944903581267218,0.9944903581267218,0.9944903581267218,3.669375,5e48e0642a2d173b73a02e34
,0.3043792565536659,1,4.938271604938267,0.0,2,0.6172839506172834,0.06661733875264908,319,-0.2349833652809496,sadness,0.9815384615384616,0.9815384615384616,0.9815384615384616,0.9815384615384616,3.285375,5e38b590ee8206179943d09e
,0.19054878048780488,1,0.38314176245210696,0.03380051535308541,1,0.7662835249042139,0.019817308737783205,495,-0.24792010540789805,sadness,0.9464627151051626,0.9464627151051626,0.9464627151051626,0.9464627151051626,5.248,5e37cb4233e9ad176cc9b1bc
,0.25201612903225806,1,0.5076142131979691,0.026239120176862318,4,1.0152284263959381,0.05481173441673658,173,-0.24718564754966948,sadness,0.4379746835443038,0.4379746835443038,0.4379746835443038,0.4379746835443038,3.968,5e395b0cc8c25f16cd1460d9
,0.13868303126435585,1,0.5602240896358555,0.007570152130982864,6,0.8403361344537832,0.0,660,-0.2470013934772411,sadness,0.9272727272727272,0.9272727272727272,0.9272727272727272,0.9272727272727272,7.2106875,5e426bb8189842034d9f748f
,0.16740954652939083,1,0.33670033670033644,0.029760386413575205,2,0.33670033670033644,0.03644888063065817,590,-0.24661333772191338,sadness,0.9983164983164983,0.9983164983164983,0.9983164983164983,0.9983164983164983,5.973375,5e36705f7995ef170fc0e8e7
,0.2757337101694039,1,0.5617977528089882,0.0,1,2.8089887640449414,0.0,331,-0.24511210716063467,sadness,0.927170868347339,0.927170868347339,0.927170868347339,0.927170868347339,3.6266875,5f3ff64c9dd513131eacea46
,0.14928297520969594,7,0.9036144578313245,0.01560911516545275,12,1.807228915662649,0.01560911516545275,633,-0.24739596772788355,sadness,0.9533132530120482,0.9533132530120482,0.9533132530120482,0.9533132530120482,6.6986875,5fba1ea244697678c497b336
,0.40409142568506123,1,1.6528925619834696,0.0,1,2.4793388429752046,0.0,179,-0.22177416900392513,sadness,0.7396694214876033,0.7396694214876033,0.7396694214876033,0.7396694214876033,2.4746875,5e33f36a5807b852d9e06166
,0.13093503985335275,3,0.2631578947368477,0.013637437460343222,3,0.2631578947368477,0.013637437460343222,719,-0.24393405717324498,sadness,0.9460526315789474,0.9460526315789474,0.9460526315789474,0.9460526315789474,7.637375,5e46474df2fe7a3b1d544a35
,0.3780182393800501,1,0.7692307692307685,0.03971054586153493,3,0.7692307692307685,0.04789272030651337,197,-0.24841429225861988,sadness,0.7547892720306514,0.7547892720306514,0.7547892720306514,0.7547892720306514,2.645375,5fb8e15744697678c497afed
,0.45955882352941174,1,0.9259259259259252,0.0,7,0.9259259259259252,0.6224428461892052,162,-0.24019625604610625,sadness,0.7592592592592593,0.7592592592592593,0.7592592592592593,0.7592592592592593,2.176,5f98030bd338b948c4e6acca
,0.28582146876507264,1,1.1627906976744176,0.0,1,2.325581395348835,0.030129222296106428,340,-0.24603961046851222,sadness,1.0,1.0,1.0,1.0,3.4986875,5e494e1cc38c123b9ec6db03
,0.23674242424242423,1,0.9523809523809516,0.04198971384718212,4,0.9523809523809516,0.04198971384718214,354,-0.2491897894695317,sadness,0.8432304038004751,0.8432304038004751,0.8432304038004751,0.8432304038004751,4.224,5e27fa1c5807b852d9e01586
,0.3004807692307692,1,0.6060606060606055,0.0,1,0.6060606060606055,0.0,309,-0.2442865192012512,sadness,0.9335347432024169,0.9335347432024169,0.9335347432024169,0.9335347432024169,3.328,5e363c9fbacf60088a5adc74
,0.1921091179790121,5,0.38759689922480584,0.0341927843900651,3,0.7751937984496117,0.03575966986883225,441,-0.2424528216766148,sadness,0.8529980657640233,0.8529980657640233,0.8529980657640233,0.8529980657640233,5.205375,5f922f65f8fac448cc0a7f0d
,0.10234694334457019,3,0.8247422680412547,0.022297255504234226,3,0.8247422680412547,0.018205632883279147,922,-0.23583147588178935,sadness,0.952626158599382,0.952626158599382,0.952626158599382,0.952626158599382,9.7706875,5e43a652189842034d9f77af
,0.10234694334457019,4,0.41237113402062736,0.0,4,0.8247422680412547,0.018205632883279164,653,-0.24195858405840479,sadness,0.6725025746652935,0.6725025746652935,0.6725025746652935,0.6725025746652935,9.7706875,5f7153edf8fac448cc0a6279
,0.28582146876507264,1,0.5813953488372088,0.015734473179223066,3,0.5813953488372088,0.015734473179223066,329,-0.2469051601092261,sadness,0.9563953488372093,0.9563953488372093,0.9563953488372093,0.9563953488372093,3.4986875,5e42a9389306c7039ddccd0c
,0.32105949633791514,1,1.9607843137254886,0.03387075970542685,8,2.614379084967318,0.040849673202614234,306,-0.24607238166893688,sadness,1.0,1.0,1.0,1.0,3.1146875,5e310f835807b852d9e03035
,0.13241525423728814,2,1.0610079575597042,0.024519561435260868,15,1.0610079575597042,0.44761273209550023,463,-0.24013223405611792,sadness,0.603448275862069,0.6140583554376657,0.603448275862069,0.6119363395225464,7.552,5fb33fe7e3dcec421f8357eb
,0.2757337101694039,3,1.1235955056179765,0.015161509169895629,3,0.5617977528089882,0.05178641266718846,262,-0.22842940210376406,sadness,0.7338935574229691,0.7338935574229691,0.7338935574229691,0.7338935574229691,3.6266875,5e39614c33e9ad176cc9bb9e
,0.33967391304347827,7,2.0547945205479436,1.0559950991344758,3,0.6849315068493145,0.06033334310465418,247,-0.24346380798102948,sadness,0.8430034129692833,0.8430034129692833,0.8430034129692833,0.8430034129692833,2.944,5e44894e9329cb02ef38ad26
,0.20204571284253062,4,0.8163265306122442,0.025458248472505052,5,0.8163265306122442,0.0417352248237143,405,-0.2478798158810208,sadness,0.8268839103869654,0.8268839103869654,0.8268839103869654,0.8268839103869654,4.949375,5e495d8e7bef803b4851dcd0
,0.24933381122313816,4,1.5228426395939072,0.16949592789263074,5,1.5228426395939072,0.026239120176862297,356,-0.24534195328774588,sadness,0.9012658227848102,0.9012658227848102,0.9012658227848102,0.9012658227848102,4.0106875,5f8787be9e04b149046ccd54
,0.062168273975583416,4,0.24937655860349658,0.013489492270785938,4,0.24937655860349658,0.012767598372862425,1133,-0.22551407844934937,sadness,0.7059190031152648,0.7059190031152648,0.7059190031152648,0.7059190031152648,16.085375,5e32c43d5807b852d9e03edb
,0.2170138888888889,1,0.8733624454148464,0.3301839774777268,3,0.4366812227074232,0.022580506470284565,431,-0.2480124826723662,sadness,0.9389978213507625,0.9389978213507625,0.9389978213507625,0.9389978213507625,4.608,5e37bce4c8c25f16cd14562c
,0.28237619568670363,1,1.7142857142857129,0.029528354614987505,15,3.9999999999999964,0.0,320,-0.24707801402334476,sadness,0.9116809116809117,0.9116809116809117,0.9116809116809117,0.9116809116809117,3.541375,5fb9c0efcb503578af9ede48
,0.14204545454545456,1,0.5698005698005705,0.02919087662171478,12,1.7094017094017113,0.026335825245279647,643,-0.24303644931755147,sadness,0.915954415954416,0.915954415954416,0.915954415954416,0.915954415954416,7.04,5e51dd33c38c123b9ec6dc9f
,0.44220883312144155,1,1.8018018018018003,0.02427201243790467,2,1.8018018018018003,0.4628684014830081,217,-0.24811206575616462,sadness,0.9730941704035875,0.9730941704035875,0.9730941704035875,0.9730941704035875,2.261375,5e432a3448600202f726ffcb
,0.1227087966868625,1,0.24691358024691884,0.015413070283600817,1,0.7407407407407565,0.012779842749520152,695,-0.24391737290722976,sadness,0.8569667077681874,0.8569667077681874,0.8569667077681874,0.8569667077681874,8.149375,5e37bd92ee8206179943c985
,0.12807377049180327,2,0.2570694087403654,0.023732669219751847,3,0.5141388174807308,0.026305513977463675,731,-0.24859895682174438,sadness,0.938382541720154,0.938382541720154,0.938382541720154,0.938382541720154,7.808,5e3795abc8c25f16cd145410
,0.5450519502640095,1,1.1235955056179765,0.03040819535759965,1,4.494382022471906,0.030408195357599626,160,-0.24648609586034223,sadness,0.9269662921348315,0.9269662921348315,0.9269662921348315,0.9269662921348315,1.8346875,5f8057e5d338b948c4e68e82
,0.45955882352941174,1,0.9259259259259252,0.0,3,1.8518518518518503,0.1002344217343099,199,-0.22798880714910236,sadness,0.9444444444444444,0.9444444444444444,0.9444444444444444,0.9444444444444444,2.176,5e49befa8849ac3aacea554d
,0.4507169216034254,1,1.8518518518518503,0.0,1,4.629629629629626,0.05787037037037035,211,-0.2377652108839084,sadness,0.9953703703703703,0.9953703703703703,0.9953703703703703,0.9953703703703703,2.2186875,5f805ad99e04b149046cc2e1
,0.1802877843758099,2,0.3649635036496347,0.018878784098106775,3,0.3649635036496347,0.03732603895891388,537,-0.24139613363491846,sadness,0.9781420765027322,0.9781420765027322,0.9781420765027322,0.9781420765027322,5.5466875,5e3cd863ee8206179943d619
,0.1502403846153846,2,0.3012048192771082,0.008151594538633651,2,0.3012048192771082,0.008151594538633651,544,-0.24860224955644966,sadness,0.8192771084337349,0.8192771084337349,0.8192771084337349,0.8192771084337349,6.656,5e43d91f0b3f160367c20d18
,0.2693965517241379,1,0.54054054054054,0.0,1,0.54054054054054,0.014628807496358757,78,-0.18314412878821298,sadness,0.21081081081081082,0.21081081081081082,0.21081081081081082,0.21081081081081082,3.712,5fb9de0144697678c497b182
,0.14467592592592593,1,0.2898550724637682,0.018115942028985504,1,0.2898550724637682,0.025619810912556076,582,-0.24701890527530526,sadness,0.8434782608695652,0.8434782608695652,0.8434782608695652,0.8434782608695652,6.912,5f8f82acf8fac448cc0a7c67
,0.20204571284253062,4,0.8163265306122442,0.04173522482371434,1,0.4081632653061221,0.037653257275328485,357,-0.21529903358195498,sadness,0.7270875763747454,0.7270875763747454,0.7270875763747454,0.7270875763747454,4.949375,5e413f3448600202f726fbae
,0.3842182359580242,1,0.7874015748031489,0.04901960784313719,1,1.5748031496062977,0.0693241942339752,191,-0.2322672050756281,sadness,0.7490196078431373,0.7490196078431373,0.7490196078431373,0.7490196078431373,2.6026875,5e36a47633e9ad176cc9aa2e
,0.2232142857142857,1,0.4484304932735422,0.03954735912676436,1,0.4484304932735422,0.0458433901307466,388,-0.24653787421234247,sadness,0.8680089485458613,0.8680089485458613,0.8680089485458613,0.8680089485458613,4.48,5e437fd00b3f160367c20c77
,0.0625,23,0.5006257822277954,0.013548582662460252,10,0.6257822277847442,0.013548582662460205,1375,-0.24432836333443975,sadness,0.860450563204005,0.860450563204005,0.860450563204005,0.860450563204005,16.0,5e480a1cf2fe7a3b1d544b87
,0.15419308829481718,2,0.3105590062111798,0.00839171902891897,2,0.3105590062111798,0.0,436,-0.23814606622478154,sadness,0.6635658914728683,0.6759689922480621,0.6635658914728683,0.6734883720930233,6.485375,5e43d99f9306c7039ddccfc1
,0.24933381122313816,1,0.5076142131979691,0.03164556962025314,1,0.5076142131979691,0.0,355,-0.2418851308357429,sadness,0.8987341772151899,0.8987341772151899,0.8987341772151899,0.8987341772151899,4.0106875,5e37b85933e9ad176cc9b0db
,0.2693965517241379,1,0.54054054054054,0.014628807496358757,1,2.16216216216216,0.014628807496358757,308,-0.2460396852350712,sadness,0.8324324324324325,0.8324324324324325,0.8324324324324325,0.8324324324324325,3.712,5e41877b48600202f726fc97
,0.3498108834911126,4,1.4285714285714273,0.044642857142857095,1,2.142857142857141,0.019330924191616913,179,-0.23925483355978888,sadness,0.6392857142857142,0.6392857142857142,0.6392857142857142,0.6392857142857142,2.8586875,5e2d926b5807b852d9e02685
,0.27252597513200477,2,0.5524861878453033,0.03443526170798894,1,0.5524861878453033,0.04869881413130489,182,-0.23059416564047938,sadness,0.5013774104683195,0.5013774104683195,0.5013774104683195,0.5013774104683195,3.669375,5e3661a07995ef170fc0e872
,0.13316687473990843,3,0.26809651474531104,0.0,7,1.0723860589812442,0.0,492,-0.248028579409171,sadness,0.6586345381526104,0.6586345381526104,0.6586345381526104,0.6586345381526104,7.509375,5e2c4c445807b852d9e0248d
,0.17622115755272866,1,0.35587188612099613,0.02224199288256226,1,1.0676156583629883,0.031454927988725394,547,-0.24344416826783627,sadness,0.9733096085409253,0.9733096085409253,0.9733096085409253,0.9733096085409253,5.6746875,5e37f75bdbc4b7182a6a9fd4
,0.1474056603773585,8,1.1834319526627217,0.02730834464133872,3,0.5917159763313609,0.007995064658275819,673,-0.22034675538120857,sadness,0.9985228951255539,0.9985228951255539,0.9985228951255539,0.9985228951255539,6.784,5fbe34b044697678c497c079
,0.3004807692307692,1,4.848484848484844,0.0,11,2.424242424242422,0.06540977369973096,330,-0.23125499912636077,sadness,0.9969788519637462,0.9969788519637462,0.9969788519637462,0.9969788519637462,3.328,5e48de748849ac3aacea537b
,0.08026527673962446,4,0.6451612903225944,0.122221327147,17,1.2903225806451888,0.01008064516129048,1123,-0.24709284058457262,sadness,0.9056451612903226,0.9056451612903226,0.9056451612903226,0.9056451612903226,12.4586875,5e33ce7b5807b852d9e0580f
,0.1953125,1,0.39215686274509765,0.0,1,0.39215686274509765,0.0,282,-0.24692386113002848,sadness,0.5518590998043053,0.5518590998043053,0.5518590998043053,0.5518590998043053,5.12,5e3378a05807b852d9e04c24
,0.08811057877636433,19,0.17699115044248165,0.7404951370468771,18,1.592920353982335,0.009163972121892803,979,-0.23153624282396254,sadness,0.865605658709107,0.865605658709107,0.865605658709107,0.865605658709107,11.349375,5fbdb47ccb503578af9eea50
,0.1483376907529992,1,0.8955223880597005,0.008078595184556319,6,0.8955223880597005,0.0305850677439459,598,-0.24099268393408818,sadness,0.8940298507462686,0.8940298507462686,0.8940298507462686,0.8940298507462686,6.741375,5fbce35844697678c497bc8a
,0.187498535167694,5,0.7547169811320749,0.03866414224234665,7,0.37735849056603743,0.2859517842684464,486,-0.2400933713006313,sadness,0.9169811320754717,0.9169811320754717,0.9169811320754717,0.9169811320754717,5.333375,5f6736c3f8fac448cc0a5a17
,0.24933381122313816,2,1.5228426395939072,0.013702933604184134,3,1.0152284263959381,0.04680442866376274,286,-0.2466449873852942,sadness,0.7240506329113924,0.7240506329113924,0.7240506329113924,0.7240506329113924,4.0106875,5e3399785807b852d9e04f81
,0.1936975654637241,1,0.39215686274509765,0.02028268585099924,1,0.7843137254901953,0.3113483870195167,416,-0.24560225602914265,sadness,0.8140900195694716,0.8140900195694716,0.8140900195694716,0.8140900195694716,5.1626875,5e5231e12a2d173b73a03123
,0.33967391304347827,1,4.7945205479452015,0.0426621160409556,1,0.6849315068493145,0.03537355791761303,248,-0.24515858686909314,sadness,0.8464163822525598,0.8464163822525598,0.8464163822525598,0.8464163822525598,2.944,5e3644fdc8c25f16cd144b08
,0.3498108834911126,3,0.7142857142857136,0.0,3,0.7142857142857136,0.0,265,-0.24804325571483682,sadness,0.9464285714285714,0.9464285714285714,0.9464285714285714,0.9464285714285714,2.8586875,5e368b38ee8206179943c0dc
,0.2130662902495539,2,1.7167381974248914,0.15640965383168712,20,6.00858369098712,0.0,428,-0.24446719443607967,sadness,0.9184549356223176,0.9184549356223176,0.9184549356223176,0.9184549356223176,4.693375,5e4570b3f2fe7a3b1d54490a
,0.16861451560211188,2,0.3412969283276448,0.017656648159898838,8,1.3651877133105792,0.4826378866612082,262,-0.2416158755845072,sadness,0.4463373083475298,0.4463373083475298,0.4463373083475298,0.4463373083475298,5.9306875,5e4653b58849ac3aacea5068
,0.06873147471970446,5,0.2758620689655231,0.014122670839727224,9,0.6896551724138078,0.003730295502172858,1062,-0.24165335152515127,sadness,0.7319090282563749,0.7319090282563749,0.7319090282563749,0.7319090282563749,14.549375,5e39664cee8206179943d475
,0.28237619568670363,1,0.571428571428571,0.03561253561253558,1,0.571428571428571,0.050363730853742655,185,-0.24529737281772954,sadness,0.5270655270655271,0.5270655270655271,0.5270655270655271,0.5270655270655271,3.541375,5e36ccf905fef317e874b8f1
,0.25201612903225806,1,0.5076142131979691,0.04475359374598397,5,1.0152284263959381,0.04475359374598394,342,-0.24658565724242237,sadness,0.8658227848101265,0.8658227848101265,0.8658227848101265,0.8658227848101265,3.968,5f5cc21f3bd6941613f6d180
,0.3301010934598721,1,2.0134228187919443,0.034663720634985344,6,2.0134228187919443,0.07241015081809672,299,-0.24247998692571127,sadness,1.0,1.0,1.0,1.0,3.029375,5e411fd1189842034d9f7200
,0.1583609640223685,1,3.514376996805109,0.0,2,0.31948881789137357,0.01655663333843549,319,-0.24062277997212483,sadness,0.5095846645367412,0.5095846645367412,0.5095846645367412,0.5095846645367412,6.3146875,5f61d205b878131628349d05
,0.14378791282857784,2,0.2898550724637682,0.025619810912556065,3,0.5797101449275364,0.018115942028985504,617,-0.22979421401026193,sadness,0.8942028985507247,0.8942028985507247,0.8942028985507247,0.8942028985507247,6.9546875,5f3e77a19dd513131eace238
,0.2467079902550344,7,1.4925373134328348,0.0,3,1.4925373134328348,0.0509751129065765,381,-0.2323042125978533,sadness,0.9477611940298507,0.9477611940298507,0.9477611940298507,0.9477611940298507,4.053375,5e378b4533e9ad176cc9ae54
,0.2170138888888889,1,0.8733624454148464,0.0,1,0.4366812227074232,0.0,423,-0.2441731893930951,sadness,0.9237472766884531,0.9237472766884531,0.9237472766884531,0.9237472766884531,4.608,5fbe2f7fcb503578af9eed71
,0.30838617658963435,1,0.6289308176100623,0.06423823005781736,1,0.6289308176100623,0.055415891942519356,231,-0.2455414998999772,sadness,0.7241379310344828,0.7241379310344828,0.7241379310344828,0.7241379310344828,3.2426875,5e43c724189842034d9f77f6
,0.2320522117476432,5,0.938967136150234,0.029274004683840782,6,1.408450704225351,0.050704063453421426,399,-0.2449457386343501,sadness,0.9344262295081968,0.9344262295081968,0.9344262295081968,0.9344262295081968,4.309375,5e4110169329cb02ef38a5f7
,0.1512087247434177,2,0.3039513677811548,0.008225925187922084,9,1.5197568389057738,0.02686575916362258,569,-0.23511288357458912,sadness,0.8647416413373861,0.8647416413373861,0.8647416413373861,0.8647416413373861,6.613375,5e3501685807b852d9e071fa
,0.08945594015397604,3,0.1798561151079175,0.004867498897169846,15,1.43884892086334,0.015897184828834544,1024,-0.23654104918139746,sadness,0.920863309352518,0.920863309352518,0.920863309352518,0.920863309352518,11.1786875,5e39684ddbc4b7182a6aa721
,0.22754746497902298,1,0.4608294930875572,0.028801843317972323,19,2.304147465437786,0.02880184331797242,417,-0.24660745001217804,sadness,0.967741935483871,0.967741935483871,0.967741935483871,0.967741935483871,4.3946875,5fbb5586cb503578af9ee414
,0.14291073438253632,4,0.5747126436781612,0.02656285822153206,7,1.1494252873563224,0.031107234331337615,487,-0.2471259473592157,sadness,0.6997126436781609,0.6997126436781609,0.6997126436781609,0.6997126436781609,6.997375,5f8cc61b9e04b149046cd54b
,0.2130662902495539,1,0.42918454935622286,0.0396732818072667,1,0.42918454935622286,0.0396732818072667,464,-0.2476867574073213,sadness,0.9957081545064378,0.9957081545064378,0.9957081545064378,0.9957081545064378,4.693375,5e377b59ee8206179943c587
,0.10952077814512871,1,0.2207505518763844,0.00596765024658529,1,0.2207505518763844,0.019490264090037554,632,-0.23936489445384654,sadness,0.6968026460859978,0.6968026460859978,0.6968026460859978,0.6968026460859978,9.1306875,5fbdd02d4c55eb78bd7cec1a
,0.3498108834911126,10,2.142857142857141,0.06602767615066528,15,1.4285714285714273,0.01933092419161677,168,-0.24089398209399016,sadness,0.6178571428571429,0.6178571428571429,0.6178571428571429,0.6178571428571429,2.8586875,5f89b31ff8fac448cc0a73d1
,0.34466416785144977,1,0.6993006993006987,0.03623934430021194,1,0.6993006993006987,0.03623934430021194,285,-0.24421153304262386,sadness,0.9965034965034965,0.9965034965034965,0.9965034965034965,0.9965034965034965,2.901375,5e351be45807b852d9e077c7
,0.1921091179790121,4,0.7751937984496117,0.03419278439006514,4,0.7751937984496117,0.0396363547165256,468,-0.24758722175370904,sadness,0.9129593810444874,0.9129593810444874,0.9129593810444874,0.9129593810444874,5.205375,5f3e8de69dd513131eace30b
,0.13020833333333334,6,1.0443864229765236,0.0,6,0.7832898172323928,0.013530616801384902,610,-0.24650376593315163,sadness,0.8002610966057441,0.8002610966057441,0.8002610966057441,0.8002610966057441,7.68,5f8bbf90d338b948c4e69f03
,0.0871279364837343,4,0.8741258741258928,0.009059836075053188,4,1.0489510489510714,0.32173146556677823,1026,-0.24806004548411784,sadness,0.8994755244755245,0.8994755244755245,0.8994755244755245,0.8994755244755245,11.477375,5e49601b8849ac3aacea54f0
,0.3301010934598721,5,1.3422818791946296,0.01810253770452416,5,1.3422818791946296,0.0685351016335911,256,-0.24564858488226005,sadness,0.8561872909698997,0.8561872909698997,0.8561872909698997,0.8561872909698997,3.029375,5e52853e2a2d173b73a03165
,0.36620814355359227,1,0.7518796992481196,0.08108852095359906,2,0.7518796992481196,0.08108852095359904,212,-0.23804317680524606,sadness,0.8052434456928839,0.8052434456928839,0.8052434456928839,0.8052434456928839,2.7306875,5e47e39fc38c123b9ec6d718
,0.1953125,2,0.39215686274509765,0.042369148913132954,3,0.7843137254901953,0.010592287228283287,469,-0.23291780259255696,sadness,0.9178082191780822,0.9178082191780822,0.9178082191780822,0.9178082191780822,5.12,5e3631148661d6073410fbe0
,0.07760736493893271,4,0.15576323987539273,0.014387353558121931,4,0.31152647975078546,0.014387353558121931,1121,-0.24028253397245863,sadness,0.8319066147859923,0.8762645914396887,0.8319066147859923,0.8673929961089494,12.885375,5fb33edae3dcec421f8357de
,0.2929651737649687,6,5.325443786982244,0.016013783354002203,7,1.7751479289940812,0.06405513341600862,300,-0.23636205699699953,sadness,0.8875739644970414,0.8875739644970414,0.8875739644970414,0.8875739644970414,3.413375,5e432ebd0b3f160367c20b9e
,0.2170138888888889,1,0.4366812227074232,0.022580506470284555,1,0.4366812227074232,0.022580506470284555,443,-0.22669695977533544,sadness,0.9673202614379085,0.9673202614379085,0.9673202614379085,0.9673202614379085,4.608,5fb87654576e9378b67ac1f3
,0.40409142568506123,5,1.6528925619834696,0.8780991735537181,1,2.4793388429752046,0.0,223,-0.24288603668699998,sadness,0.9214876033057852,0.9214876033057852,0.9214876033057852,0.9214876033057852,2.4746875,5e382aeadbc4b7182a6aa1fa
,0.3551136363636364,5,1.4285714285714273,0.0,9,2.142857142857141,0.0,243,-0.24330329992994418,sadness,0.8857142857142857,0.8857142857142857,0.8857142857142857,0.8857142857142857,2.816,5f62d4d454b2361621284ccf
,0.1370614035087719,7,1.098901098901104,0.02814834531379645,6,0.8241758241758281,0.014236885260797654,635,-0.24209451016835387,sadness,0.8763736263736264,0.8763736263736264,0.8763736263736264,0.8763736263736264,7.296,5fb4d644cb503578af9ed9ea
,0.09374981689488887,1,0.18867924528302288,0.005101469155186479,1,0.18867924528302288,0.011781338360037953,1059,-0.24474655004351192,sadness,0.998114985862394,0.998114985862394,0.998114985862394,0.998114985862394,10.6666875,5e37aff705fef317e874be6a
,0.2604166666666667,6,1.57068062827225,0.01416926380537375,3,2.6178010471204165,0.3787904745677427,293,-0.24810079221284842,sadness,0.7670157068062827,0.7670157068062827,0.7670157068062827,0.7670157068062827,3.84,5f922ffc9e04b149046cdc29
,0.10463124027256437,3,0.21008403361344985,0.02152520523996237,2,0.21008403361344985,0.018568980598386634,916,-0.24518489068285348,sadness,0.9653361344537815,0.9653361344537815,0.9653361344537815,0.9653361344537815,9.557375,5e44087c48600202f72701fa
,0.2391557800962602,2,0.48309178743961306,0.04259679404738234,2,0.48309178743961306,0.03012048192771083,319,-0.2251027646803249,sadness,0.7686746987951807,0.7686746987951807,0.7686746987951807,0.7686746987951807,4.181375,5e39613405fef317e874c9f9
,0.3780182393800501,1,0.7692307692307685,0.0,1,0.7692307692307685,0.06773053459641254,208,-0.2290218200626462,sadness,0.8045977011494253,0.8045977011494253,0.8045977011494253,0.8045977011494253,2.645375,5e37f56205fef317e874c293
,0.14467592592592593,7,0.2898550724637682,0.2823995881905779,6,0.2898550724637682,0.015020945608493676,420,-0.2299387227365644,sadness,0.6086956521739131,0.6086956521739131,0.6086956521739131,0.6086956521739131,6.912,5f3fe5bb9dd513131eace908
,0.15318627450980393,6,0.30769230769230743,0.015920817926053175,1,0.30769230769230743,0.031477719490696984,649,-0.24740625419686305,sadness,0.9969278033794163,0.9969278033794163,0.9969278033794163,0.9969278033794163,6.528,5e362bd18661d6073410fae5
,0.25201612903225806,1,0.5076142131979691,0.05187846933783222,2,2.0304568527918763,0.05481173441673658,359,-0.2462231830274236,sadness,0.9164556962025316,0.9164556962025316,0.9164556962025316,0.9164556962025316,3.968,5fba0625cb503578af9ee005
,0.36057150583675124,2,0.7299270072992694,0.07478830433738591,6,2.189781021897808,0.019754229100922525,255,-0.23841301519200409,sadness,0.9306569343065694,0.9306569343065694,0.9306569343065694,0.9306569343065694,2.773375,5f6ad42ff8fac448cc0a5daa
,0.09973383532697115,1,0.2008032128514099,0.010395639388024916,6,0.6024096385542297,0.0,796,-0.2462496638300305,sadness,0.7993981945837513,0.7993981945837513,0.7993981945837513,0.7993981945837513,10.0266875,5fba3742576e9378b67ac83d
,0.25755356309257443,6,1.57068062827225,0.027132074528430927,1,1.57068062827225,0.014169263805373655,368,-0.23783747302100053,sadness,0.9842931937172775,0.9842931937172775,0.9842931937172775,0.9842931937172775,3.8826875,5e37e42ec8c25f16cd145834
,0.4783115601925204,9,1.9801980198019784,0.061576354679802936,9,3.960396039603957,0.026663343712574884,184,-0.2442655721731911,sadness,0.9064039408866995,0.9064039408866995,0.9064039408866995,0.9064039408866995,2.0906875,5e461cb6963e443aee02b084
,0.28935185185185186,1,1.1627906976744176,0.6923168198858152,1,0.5813953488372088,0.05138857421413858,185,-0.24720693112943953,sadness,0.5377906976744186,0.5377906976744186,0.5377906976744186,0.5377906976744186,3.456,5e3774f805fef317e874bad7
,0.20380348249200708,2,0.4132231404958674,0.0364488031539457,2,0.4132231404958674,0.021370005092496105,460,-0.21357801800675139,sadness,0.9484536082474226,0.9484536082474226,0.9484536082474226,0.9484536082474226,4.9066875,5e417b059329cb02ef38a74a
,0.4111842105263158,1,2.4793388429752046,0.022366358568812954,5,1.6528925619834696,0.05165289256198346,227,-0.24085307687039398,sadness,0.9380165289256198,0.9380165289256198,0.9380165289256198,0.9380165289256198,2.432,5f8992b9d338b948c4e69c77
,0.08026527673962446,3,0.1612903225806486,0.01008064516129055,15,1.2903225806451888,0.014256185104567791,642,-0.23804015666452144,sadness,0.5177419354838709,0.5177419354838709,0.5177419354838709,0.5177419354838709,12.4586875,5e4569caf2fe7a3b1d5448e8
,0.1474056603773585,1,1.1834319526627217,0.026111771831113274,7,0.8875739644970413,0.015309383264195918,398,-0.24907781485576433,sadness,0.5878877400295421,0.5878877400295421,0.5878877400295421,0.5878877400295421,6.784,5f8b7ac7f8fac448cc0a757c
,0.09765625,5,0.39138943248533126,0.018089774287853914,2,0.39138943248533126,0.0,880,-0.24286922328578187,sadness,0.8610567514677103,0.8610567514677103,0.8610567514677103,0.8610567514677103,10.24,5e4801f6963e443aee02b1f2
,0.2055921052631579,2,0.4132231404958674,0.042251536883389125,4,0.4132231404958674,0.025773195876288624,451,-0.23065486676395636,sadness,0.9298969072164949,0.9298969072164949,0.9298969072164949,0.9298969072164949,4.864,5e33ca975807b852d9e0567c
,0.10850694444444445,3,0.21739130434783072,0.022273908030917607,2,0.21739130434783072,0.01921485818441745,619,-0.24611016632797553,sadness,0.6728260869565217,0.6728260869565217,0.6728260869565217,0.6728260869565217,9.216,5e48d280f2fe7a3b1d544d58
,0.13093503985335275,3,0.2631578947368477,0.0,3,0.2631578947368477,0.007121919439016919,747,-0.23436545294883843,sadness,0.9828947368421053,0.9828947368421053,0.9828947368421053,0.9828947368421053,7.637375,5e3d048d05fef317e874cc3b
,0.13241525423728814,3,0.26525198938992606,0.0,3,0.26525198938992606,0.0,650,-0.24870563975131024,sadness,0.8620689655172413,0.8620689655172413,0.8620689655172413,0.8620689655172413,7.552,5e377c657995ef170fc0ef01
,0.20204571284253062,1,0.4081632653061221,0.04173522482371433,2,0.8163265306122442,0.03765325727532848,457,-0.24046958239263155,sadness,0.9307535641547862,0.9307535641547862,0.9307535641547862,0.9307535641547862,4.949375,5e379e1733e9ad176cc9af70
,0.17891088001789107,1,0.36101083032490944,0.0225225225225225,1,1.8050541516245473,0.0,540,-0.24218533926605684,sadness,0.972972972972973,0.972972972972973,0.972972972972973,0.972972972972973,5.589375,5e37e981dbc4b7182a6a9eb5
,0.2391557800962602,1,1.4492753623188392,0.013042551261813829,4,0.9661835748792261,0.030120481927710774,327,-0.2447831714420508,sadness,0.7879518072289157,0.7879518072289157,0.7879518072289157,0.7879518072289157,4.181375,5fb9e29e44697678c497b1b1
,0.36057150583675124,1,2.189781021897808,0.019754229100922404,1,5.839416058394155,0.019754229100922404,269,-0.24531873817286334,sadness,1.0,1.0,1.0,1.0,2.773375,5fbdb4bc4c55eb78bd7ceb4d
,0.2547527306308315,1,0.5154639175257727,0.03213367609254497,2,0.5154639175257727,0.04752634787194417,203,-0.24704450746140655,sadness,0.5218508997429306,0.5218508997429306,0.5218508997429306,0.5218508997429306,3.925375,5fb9e2f0576e9378b67ac63b
,0.2170138888888889,3,0.4366812227074232,0.040278320963368815,3,0.4366812227074232,0.027233115468409563,425,-0.24017858088679053,sadness,0.9259259259259259,0.9259259259259259,0.9259259259259259,0.9259259259259259,4.608,5e4431739306c7039ddcd087
,0.2757337101694039,1,0.5617977528089882,0.015161509169895629,1,0.5617977528089882,0.015161509169895629,293,-0.23042349729986777,sadness,0.6582633053221288,0.8207282913165266,0.6582633053221288,0.788235294117647,3.6266875,5e390206ee8206179943d247
,0.2757337101694039,3,1.1235955056179765,0.05740054730656507,5,1.1235955056179765,0.06064603667958242,319,-0.24695904314827363,sadness,0.8935574229691877,0.8935574229691877,0.8935574229691877,0.8935574229691877,3.6266875,5e33c9f45807b852d9e05650
,0.1953125,2,0.39215686274509765,0.036179548575707,2,0.39215686274509765,0.02028268585099924,495,-0.24865684353701298,sadness,0.9686888454011742,0.9686888454011742,0.9686888454011742,0.9686888454011742,5.12,5e3383225807b852d9e04d06
,0.44220883312144155,1,1.8018018018018003,0.024272012437904646,1,4.504504504504501,0.024272012437904646,222,-0.24703948612806775,fear,0.9955156950672646,0.9955156950672646,0.9955156950672646,0.9955156950672646,2.261375,5e32ea315807b852d9e04428
,0.2633398071035913,3,0.5319148936170208,0.027565033164522915,3,0.5319148936170208,0.04916954606964437,274,-0.23298967974075477,sadness,0.7287234042553191,0.7287234042553191,0.7287234042553191,0.7287234042553191,3.797375,5e421da39306c7039ddccb63
,0.1616373867275501,1,0.32679738562091476,0.008829785927655367,3,0.6535947712418295,0.0,565,-0.24001546895982667,sadness,0.9216965742251223,0.9216965742251223,0.9216965742251223,0.9216965742251223,6.1866875,5f3e92c59dd513131eace384
,0.13392819774498396,10,1.3513513513513653,0.027654514694256338,4,0.5405405405405461,0.013987115343941599,696,-0.24816014120231764,sadness,0.9392712550607287,0.9392712550607287,0.9392712550607287,0.9392712550607287,7.4666875,5e452eaa7bef803b4851d64f
,0.20380348249200708,4,0.8264462809917348,0.0364488031539457,4,0.8264462809917348,0.021370005092496105,358,-0.24593968032638389,fear,0.7381443298969073,0.7381443298969073,0.7381443298969073,0.7381443298969073,4.9066875,5e43ddc648600202f727017d
,0.18601190476190474,3,0.37313432835820864,0.034492069630944595,3,0.37313432835820864,0.0,519,-0.23459691439221014,sadness,0.9738805970149254,0.9738805970149254,0.9738805970149254,0.9738805970149254,5.376,5f5cc7eb3bd6941613f6d18a
,0.18168604651162792,2,0.3649635036496347,0.039436493797105565,3,0.7299270072992694,0.033675317526750986,455,-0.2469719218879783,fear,0.8342440801457195,0.8342440801457195,0.8342440801457195,0.8342440801457195,5.504,5f98062f9e04b149046ce0ce
,0.19054878048780488,1,0.38314176245210696,0.019817308737783205,1,4.9808429118773905,0.0,231,-0.24636467689158162,fear,0.4416826003824092,0.4416826003824092,0.4416826003824092,0.4416826003824092,5.248,5f6ad097d338b948c4e685da
,0.2929651737649687,3,0.5917159763313604,0.06405513341600871,4,0.5917159763313604,0.2588757396449702,316,-0.2338212534780623,fear,0.9378698224852071,0.9378698224852071,0.9378698224852071,0.9378698224852071,3.413375,5f69b931111dfd48d40fce55
,0.20380348249200708,1,0.8264462809917348,0.0,1,4.545454545454541,1.83025987397742,459,-0.24562012139777784,fear,0.9463917525773196,0.9463917525773196,0.9463917525773196,0.9463917525773196,4.9066875,5fb9ce55576e9378b67ac5d7
,0.13626414805099685,8,1.098901098901104,0.025395260057948368,5,0.8241758241758281,0.0074349708429296115,639,-0.24749524045031462,fear,0.8777472527472527,0.8777472527472527,0.8777472527472527,0.8777472527472527,7.3386875,5e381f29dbc4b7182a6aa193
,0.2170138888888889,1,0.8733624454148464,0.02723311546840955,1,0.8733624454148464,0.02723311546840955,442,-0.2484499251231483,fear,0.9694989106753813,0.9694989106753813,0.9694989106753813,0.9694989106753813,4.608,5fbb1495cb503578af9ee253
,0.13241525423728814,3,0.26525198938992606,0.0071785925380011256,3,0.26525198938992606,0.0,636,-0.23745682869186663,fear,0.843501326259947,0.843501326259947,0.843501326259947,0.843501326259947,7.552,5e379fe7dbc4b7182a6a9ac5
,0.20204571284253062,1,0.8163265306122442,0.0360034002640808,1,0.4081632653061221,0.036003400264080804,475,-0.23832143172732612,fear,0.9694501018329938,0.9694501018329938,0.9694501018329938,0.9694501018329938,4.949375,5e369ab2dbc4b7182a6a94ac
,0.33967391304347827,1,0.6849315068493145,0.03537355791761303,8,0.6849315068493145,0.03537355791761294,186,-0.23852764428809264,fear,0.6348122866894198,0.6348122866894198,0.6348122866894198,0.6348122866894198,2.944,5e424ea22b6c8802f2d85baf
,0.1512087247434177,4,0.6079027355623096,0.0,5,0.6079027355623096,0.01575144752258451,600,-0.2459780895319657,fear,0.9118541033434651,0.9118541033434651,0.9118541033434651,0.9118541033434651,6.613375,5e3115665807b852d9e030a0
,0.10557432432432433,2,0.21141649048626243,0.01868675425968718,15,1.479915433403837,0.019543075393432002,787,-0.23967781308756897,fear,0.8329809725158562,0.8329809725158562,0.8329809725158562,0.8329809725158562,9.472,5f808527d338b948c4e68eff
,0.17891088001789107,1,0.36101083032490944,0.009752538330905837,1,0.36101083032490944,0.009752538330905837,497,-0.24761402609221764,fear,0.8954954954954955,0.8954954954954955,0.8954954954954955,0.8954954954954955,5.589375,5e3681f705fef317e874b5d5
,0.1273773793696412,4,0.5141388174807308,0.013304817034481197,2,0.2570694087403654,0.027792856347383082,726,-0.2429404745778072,fear,0.9319640564826701,0.9319640564826701,0.9319640564826701,0.9319640564826701,7.8506875,5f5f67fb2e23c7161accd206
,0.22977941176470587,3,0.4608294930875572,0.04988625597836626,3,0.9216589861751144,0.028801843317972364,355,-0.24552729910803578,fear,0.8179723502304147,0.8179723502304147,0.8179723502304147,0.8179723502304147,4.352,5e383f1cc8c25f16cd145c96
,0.390625,1,1.5748031496062977,0.02122611283785386,6,2.3622047244094464,0.07250097773406396,234,-0.2356043216741039,fear,0.9176470588235294,0.9176470588235294,0.9176470588235294,0.9176470588235294,2.56,5e2ec4935807b852d9e02862
,0.3780182393800501,8,0.7692307692307685,0.9195994702740616,1,2.3076923076923057,0.020738156220891712,249,-0.24531277133437776,fear,0.9540229885057471,0.9540229885057471,0.9540229885057471,0.9540229885057471,2.645375,5e33ed2c5807b852d9e0603f
,0.26633374947981686,1,1.08108108108108,0.04777748521530722,1,0.54054054054054,0.19166901550523996,356,-0.23737879197582976,fear,0.9621621621621622,0.9621621621621622,0.9621621621621622,0.9621621621621622,3.7546875,5e462bf98849ac3aacea4fe3
,0.2232142857142857,4,0.8968609865470843,0.0,3,0.8968609865470843,0.04584339013074661,401,-0.23856793412634286,fear,0.8970917225950783,0.8970917225950783,0.8970917225950783,0.8970917225950783,4.48,5e35b25e8661d6073410f90d
,0.1220703125,3,0.24449877750611768,0.022601160540570524,4,1.7114914425428238,0.006616942266079279,712,-0.24698262018992417,fear,0.8704156479217604,0.8704156479217604,0.8704156479217604,0.8704156479217604,8.192,5e450dfcf2fe7a3b1d5447c2
,0.26633374947981686,1,0.54054054054054,0.04777748521530723,1,1.6216216216216202,0.033783783783783744,243,-0.24805425646999096,fear,0.6567567567567567,0.6567567567567567,0.6567567567567567,0.6567567567567567,3.7546875,5fb4ce8ccb503578af9ed990
,0.26633374947981686,7,2.16216216216216,0.05851522998543492,6,1.6216216216216202,0.03378378378378377,365,-0.24311327313830883,fear,1.0,1.0,1.0,1.0,3.7546875,5f83b279d338b948c4e692ba
,0.1775568181818182,2,0.35587188612099613,0.0,2,1.0676156583629883,0.02224199288256226,476,-0.2487215788053776,fear,0.8469750889679716,0.8469750889679716,0.8469750889679716,0.8469750889679716,5.632,5e42a0da9306c7039ddcccbd
,0.1936975654637241,10,1.176470588235293,0.042369148913132954,3,0.7843137254901953,0.02028268585099924,510,-0.23149716863413733,fear,0.9980430528375733,0.9980430528375733,0.9980430528375733,0.9980430528375733,5.1626875,5e411db79329cb02ef38a646
,0.16740954652939083,4,0.6734006734006729,0.03112415710805772,20,3.3670033670033646,0.021043771043770976,390,-0.24598058661139702,fear,0.6565656565656566,0.6565656565656566,0.6565656565656566,0.6565656565656566,5.973375,5f6e0a35f8fac448cc0a607d
,0.28582146876507264,1,0.5813953488372088,0.0,1,0.5813953488372088,0.030129222296106428,306,-0.2456319577622165,fear,0.8895348837209303,0.8895348837209303,0.8895348837209303,0.8895348837209303,3.4986875,5f7826bb9e04b149046cc0b6
,0.2391557800962602,5,1.4492753623188392,0.052170205047255315,3,0.48309178743961306,0.044548793547436814,371,-0.23785859752621857,fear,0.8939759036144578,0.8939759036144578,0.8939759036144578,0.8939759036144578,4.181375,5f60ba4f3bd6941613f6d482
,0.1775568181818182,1,0.35587188612099613,0.0,1,0.7117437722419923,0.0,558,-0.23147301705835996,fear,0.9928825622775801,0.9928825622775801,0.9928825622775801,0.9928825622775801,5.632,5e365c6ddbc4b7182a6a91c1
,0.2391557800962602,1,0.48309178743961306,0.04259679404738234,6,1.4492753623188392,0.4740388775764195,344,-0.2450579946248684,fear,0.8289156626506025,0.8289156626506025,0.8289156626506025,0.8289156626506025,4.181375,5fb487f24c55eb78bd7cd8e7
,0.2232142857142857,1,0.4484304932735422,0.04843542526758601,1,0.4484304932735422,0.03954735912676436,422,-0.2429795381331168,fear,0.9440715883668904,0.9440715883668904,0.9440715883668904,0.9440715883668904,4.48,5e462c482a2d173b73a02a8b
,0.08370521117255307,7,0.6734006734006878,0.018209112779319928,2,0.8417508417508597,0.0,1034,-0.23447659495168596,fear,0.8696383515559294,0.8696383515559294,0.8696383515559294,0.8696383515559294,11.9466875,5e48ead58849ac3aacea5397
,0.3842182359580242,1,0.7874015748031489,0.02122611283785386,3,0.7874015748031489,0.04901960784313719,179,-0.24433860002981164,fear,0.7019607843137254,0.7019607843137254,0.7019607843137254,0.7019607843137254,2.6026875,5f88eb03d338b948c4e69b4a
,0.11488970588235294,5,0.46082949308756743,0.020342542611811332,7,0.6912442396313512,0.021274740301710796,629,-0.2478656274207784,fear,0.7295742232451093,0.7295742232451093,0.7295742232451093,0.7295742232451093,8.704,5f9a33069e04b149046ce47e
,0.21502197255782074,1,0.4366812227074232,0.0,1,0.4366812227074232,0.022580506470284555,453,-0.24481014532434514,fear,0.9869281045751634,0.9869281045751634,0.9869281045751634,0.9869281045751634,4.6506875,5e36715905fef317e874b551
,0.28237619568670363,1,0.571428571428571,0.06838626912276176,2,0.571428571428571,0.0,273,-0.1911542774380345,fear,0.7777777777777778,0.7777777777777778,0.7777777777777778,0.7777777777777778,3.541375,5fbb463d44697678c497b5d9
,0.12533389733587133,5,0.7575757575757738,0.01578282828282862,6,0.7575757575757738,0.013086429886187937,595,-0.2447107597226438,fear,0.7512626262626263,0.7512626262626263,0.7512626262626263,0.7512626262626263,7.9786875,5e33eeec5807b852d9e06098
,0.4340277777777778,3,0.8771929824561395,0.023636064513767364,1,1.754385964912279,0.04525961777231708,186,-0.24435035334977256,fear,0.8122270742358079,0.8122270742358079,0.8122270742358079,0.8122270742358079,2.304,5e32eb4c5807b852d9e04487
,0.16740954652939083,1,1.3468013468013458,0.0,1,1.3468013468013458,0.009112220157664542,592,-0.24618097435160552,fear,0.9966329966329966,0.9966329966329966,0.9966329966329966,0.9966329966329966,5.973375,5e37ef95dbc4b7182a6a9f33
,0.2604166666666667,1,7.85340314136125,0.027132074528430927,1,0.5235602094240833,0.014169263805373655,381,-0.2426753828979007,fear,0.9973821989528796,0.9973821989528796,0.9973821989528796,0.9973821989528796,3.84,5e37d77cdbc4b7182a6a9dcb
,0.16983695652173914,6,1.0238907849829344,0.034909702535679335,6,1.0238907849829344,0.017656648159898918,485,-0.24415705043668506,fear,0.8313458262350937,0.8313458262350937,0.8313458262350937,0.8313458262350937,5.888,5fbe28b8576e9378b67ad43d
,0.18168604651162792,3,0.3649635036496347,0.03943649379710552,3,0.3649635036496347,0.03219976234911413,487,-0.24461882535618945,fear,0.8925318761384335,0.8925318761384335,0.8925318761384335,0.8925318761384335,5.504,5f653d69f8fac448cc0a5804
,0.2467079902550344,1,0.4975124378109449,0.025782220074280136,1,2.9850746268656696,0.0,376,-0.2445356635923101,fear,0.9353233830845771,0.9353233830845771,0.9353233830845771,0.9353233830845771,4.053375,5fbb3a0b44697678c497b5c0
,0.19054878048780488,10,1.9157088122605348,0.0,22,4.214559386973177,0.010349251957270924,523,-0.24752726933820549,fear,1.0,1.0,1.0,1.0,5.248,5fbb4e074c55eb78bd7ce4ca
,0.1921091179790121,4,0.38759689922480584,0.04187743732033066,3,0.38759689922480584,0.010469359330082641,351,-0.24631017343142658,fear,0.6789168278529981,0.6789168278529981,0.6789168278529981,0.6789168278529981,5.205375,5fb9e4cc4c55eb78bd7ce087
,0.16861451560211188,2,0.3412969283276448,0.034909702535679286,2,0.3412969283276448,0.02129471890971038,489,-0.24280681592810813,fear,0.8330494037478705,0.8330494037478705,0.8330494037478705,0.8330494037478705,5.9306875,5e37dc8305fef317e874c0f4
,0.40409142568506123,4,1.6528925619834696,0.08467766689439557,4,1.6528925619834696,0.051652892561983466,217,-0.23698736779710447,fear,0.8966942148760331,0.8966942148760331,0.8966942148760331,0.8966942148760331,2.4746875,5f645643d0b14d419059b875
,0.45955882352941174,1,1.8518518518518503,0.0,1,3.7037037037037006,0.047983576249354724,213,-0.23699007607705475,fear,0.9861111111111112,0.9861111111111112,0.9861111111111112,0.9861111111111112,2.176,5e36ebaddbc4b7182a6a9781
,0.21904005695041479,2,0.4424778761061943,0.0119484741140237,7,0.8849557522123886,0.04081180865824786,422,-0.24581402203663041,fear,0.9315673289183223,0.9315673289183223,0.9315673289183223,0.9315673289183223,4.565375,5e414302189842034d9f7260
,0.36057150583675124,9,0.7299270072992694,0.0,2,0.7299270072992694,0.037826468868104444,268,-0.2446113540210944,fear,0.9781021897810219,0.9781021897810219,0.9781021897810219,0.9781021897810219,2.773375,5e37d40adbc4b7182a6a9d79
,0.26633374947981686,1,2.16216216216216,0.0,1,2.16216216216216,0.521943059306769,355,-0.2419328501566406,fear,0.9621621621621622,0.9621621621621622,0.9621621621621622,0.9621621621621622,3.7546875,5e36a2dcee8206179943c24b
,0.17891088001789107,3,0.36101083032490944,0.018674689134884,2,0.36101083032490944,0.03901015332362332,282,-0.24160493415304413,fear,0.5081081081081081,0.5081081081081081,0.5081081081081081,0.5081081081081081,5.589375,5fbb30c34c55eb78bd7ce41c
,0.22977941176470587,6,1.3824884792626717,0.04259850074236467,7,1.8433179723502289,0.047216579236045525,430,-0.24752175750153124,fear,0.9953917050691244,0.9953917050691244,0.9953917050691244,0.9953917050691244,4.352,5fbdb581576e9378b67ad17a
,0.27252597513200477,4,1.1049723756906067,0.05645177792959705,3,1.65745856353591,0.034435261707988996,235,-0.24599344202478526,fear,0.6473829201101928,0.6473829201101928,0.6473829201101928,0.6473829201101928,3.669375,5f9805b8f8fac448cc0a83d9
,0.34466416785144977,1,2.097902097902096,0.0,1,0.6993006993006987,0.0646424801475045,282,-0.23752591795836908,fear,0.9965034965034965,0.9965034965034965,0.9965034965034965,0.9965034965034965,2.901375,5fb871004c55eb78bd7cdbfc
,0.1802877843758099,3,0.3649635036496347,0.03732603895891388,2,0.3649635036496347,0.039436493797105565,397,-0.2391255095929256,fear,0.7231329690346083,0.7231329690346083,0.7231329690346083,0.7231329690346083,5.5466875,5e48c49c8849ac3aacea5339
,0.3498108834911126,1,0.7142857142857136,0.0,4,1.4285714285714273,0.044642857142857095,276,-0.22985409122399353,fear,0.9964285714285714,0.9964285714285714,0.9964285714285714,0.9964285714285714,2.8586875,5e36a15bee8206179943c231
,0.14467592592592593,7,0.8695652173913045,0.029698544041222866,15,2.3188405797101455,0.0,659,-0.2429512769172432,fear,0.9550724637681159,0.9550724637681159,0.9550724637681159,0.9550724637681159,6.912,5e45705a7bef803b4851d71b
,0.13167098712093156,11,0.7957559681697781,0.023445185052604824,11,0.7957559681697781,0.0,610,-0.2429780866868109,fear,0.8129973474801061,0.8129973474801061,0.8129973474801061,0.8129973474801061,7.5946875,5e43ab2648600202f72700f2
,0.27252597513200477,4,1.1049723756906067,0.04869881413130487,4,1.1049723756906067,0.028552210660773045,181,-0.2381704628491106,fear,0.4986225895316804,0.4986225895316804,0.4986225895316804,0.4986225895316804,3.669375,5f708a6cd338b948c4e68a4a
,0.07999120096789354,8,0.642054574638858,0.014837680033857685,24,1.9261637239165739,0.5445131117621268,1075,-0.24689288608145626,fear,0.862760834670947,0.862760834670947,0.862760834670947,0.862760834670947,12.501375,5e4691d0f2fe7a3b1d544aa6
,0.2929651737649687,4,1.1834319526627208,0.016013783354002203,5,0.5917159763313604,0.0,337,-0.245248366343526,fear,0.9970414201183432,0.9970414201183432,0.9970414201183432,0.9970414201183432,3.413375,5e38377cee8206179943cfa4
,0.45955882352941174,2,1.8518518518518503,0.08184106263733186,2,0.9259259259259252,0.05787037037037035,197,-0.24492791799560476,fear,0.9351851851851852,0.9351851851851852,0.9351851851851852,0.9351851851851852,2.176,5f71cf57f8fac448cc0a6293
,0.15625,7,0.3134796238244511,0.008470514512758572,7,0.9404388714733534,0.0,560,-0.24267489180628316,fear,0.8763693270735524,0.8763693270735524,0.8763693270735524,0.8763693270735524,6.4,5e37aa28dbc4b7182a6a9b5d
,0.13786685508470195,1,0.2770083102493088,0.014355197326676835,4,1.385041551246544,0.3724060251442091,657,-0.24667800071819243,fear,0.909972299168975,0.909972299168975,0.909972299168975,0.909972299168975,7.253375,5e37d301dbc4b7182a6a9d67
,0.21114864864864866,3,0.8474576271186434,0.03916896042836079,4,0.8474576271186434,0.026483050847457612,327,-0.24135966289267802,fear,0.6927966101694916,0.6927966101694916,0.6927966101694916,0.6927966101694916,4.736,5fbb5553576e9378b67acad2
,0.27901785714285715,1,0.5617977528089882,0.02903207974750873,1,0.5617977528089882,0.02903207974750873,291,-0.24057889492263831,fear,0.8151260504201681,0.8151260504201681,0.8151260504201681,0.8151260504201681,3.584,5e351d2a5807b852d9e07801
,0.2320522117476432,3,0.938967136150234,0.029274004683840726,6,0.938967136150234,0.043296836820108396,402,-0.23831048257784687,fear,0.9414519906323185,0.9414519906323185,0.9414519906323185,0.9414519906323185,4.309375,5e42c3bd48600202f726ff85
,0.3498108834911126,1,0.7142857142857136,0.0660276761506653,2,2.142857142857141,0.5024800975218937,186,-0.24870450524300267,fear,0.6642857142857143,0.6642857142857143,0.6642857142857143,0.6642857142857143,2.8586875,5f789188f8fac448cc0a6420
,0.10146103896103896,3,0.40650406504065906,0.01796511131063421,1,0.40650406504065906,0.01878836313230355,740,-0.23555649110419025,fear,0.7520325203252033,0.7520325203252033,0.7520325203252033,0.7520325203252033,9.856,5e464f11f2fe7a3b1d544a57
,0.2547527306308315,1,1.0309278350515454,0.0,1,5.154639175257727,0.013914289906562311,339,-0.23945029331411233,fear,0.87146529562982,0.87146529562982,0.87146529562982,0.87146529562982,3.925375,5fbdb7a8cb503578af9eea7e
,0.11957878373429595,4,0.7228915662650757,0.13042551261814112,5,0.7228915662650757,0.024689151070414694,771,-0.24606858262051862,fear,0.9289156626506024,0.9289156626506024,0.9289156626506024,0.9289156626506024,8.3626875,5e32e9c35807b852d9e043f9
,0.2929651737649687,5,1.1834319526627208,0.0,3,0.5917159763313604,0.0,275,-0.2488997070282867,fear,0.8136094674556213,0.8136094674556213,0.8136094674556213,0.8136094674556213,3.413375,5fb389160fb0f33aa31ca2c2
,0.2633398071035913,2,0.5319148936170208,0.027565033164522915,4,1.0638297872340416,0.027565033164522915,349,-0.24862444099946063,fear,0.9281914893617021,0.9281914893617021,0.9281914893617021,0.9281914893617021,3.797375,5e5228d87bef803b4851deb7
,0.10190174124600354,4,0.40899795501023367,0.018903629163790084,4,0.40899795501023367,0.012781186094069807,855,-0.24452151667349448,fear,0.8742331288343558,0.8742331288343558,0.8742331288343558,0.8742331288343558,9.813375,5e42bdf52b6c8802f2d85daf
,0.23674242424242423,1,1.4285714285714273,1.6843548405773532,8,1.904761904761903,0.012856671671384177,389,-0.24529975895361944,fear,0.9239904988123515,0.9239904988123515,0.9239904988123515,0.9239904988123515,4.224,5e521601963e443aee02b6d0
,0.5326586323989613,1,1.0869565217391295,0.0,3,1.0869565217391295,0.0,161,-0.24696995145543782,fear,0.9021739130434783,0.9021739130434783,0.9021739130434783,0.9021739130434783,1.877375,5f6378bdb878131628349ee2
,0.3972391876458613,10,4.0322580645161255,0.07454737629913821,5,1.6129032258064502,0.08262901366307965,242,-0.24729240350198017,fear,0.9758064516129032,0.9758064516129032,0.9758064516129032,0.9758064516129032,2.517375,5e37dcabc8c25f16cd1457e0
,0.11777609292533732,1,0.7125890736342195,0.012294724163535995,1,0.2375296912114065,0.02430841683089465,320,-0.22957482920037617,fear,0.37959667852906287,0.37959667852906287,0.37959667852906287,0.37959667852906287,8.4906875,5fbca3bc4c55eb78bd7ce95e
,0.25201612903225806,2,0.5076142131979691,0.05481173441673658,1,0.5076142131979691,0.03164556962025314,391,-0.23845302659518572,fear,0.9924050632911392,0.9924050632911392,0.9924050632911392,0.9924050632911392,3.968,5e37824b05fef317e874bbae
,0.14648392796652843,5,0.5917159763313609,0.031980258633103324,4,0.5917159763313609,0.027308344641338685,665,-0.24123070383286205,fear,0.982274741506647,0.982274741506647,0.982274741506647,0.982274741506647,6.8266875,5f86e2f2f8fac448cc0a6f0c
,0.2211074720506336,1,0.8968609865470843,0.027964205816554774,1,0.4484304932735422,0.012108856316896491,432,-0.24209990660032132,fear,0.9664429530201343,0.9664429530201343,0.9664429530201343,0.9664429530201343,4.5226875,5e3558ec5807b852d9e081c1
,0.12466690561156908,2,0.2506265664160454,0.02316760566690062,11,0.5012531328320908,0.35502310710543294,664,-0.24539686052060947,fear,0.8320802005012531,0.8320802005012531,0.8320802005012531,0.8320802005012531,8.021375,5f6163ba3bd6941613f6d4f8
,0.3720238095238095,2,0.7518796992481196,0.06924250682466772,3,0.7518796992481196,0.07674904639866564,212,-0.24513289140029443,fear,0.8127340823970037,0.8127340823970037,0.8127340823970037,0.8127340823970037,2.688,5fbe0f4144697678c497bf4c
,0.2391557800962602,1,1.4492753623188392,0.0,1,1.4492753623188392,0.0,372,-0.24810878291592314,fear,0.8963855421686747,0.8963855421686747,0.8963855421686747,0.8963855421686747,4.181375,5e36596d05fef317e874b458
,0.17107542287706093,2,0.34482758620689624,0.009316108044152742,4,0.6896551724137925,0.03527021581487733,504,-0.24643256288349372,fear,0.8674698795180723,0.8674698795180723,0.8674698795180723,0.8674698795180723,5.845375,5e4256d4189842034d9f745e
,0.34466416785144977,1,2.797202797202795,0.0,8,2.797202797202795,0.01892538032745716,284,-0.24461754971192856,fear,1.0,1.0,1.0,1.0,2.901375,5e37f508dbc4b7182a6a9fad
,0.2693965517241379,1,1.6216216216216202,0.0,2,0.54054054054054,0.0,369,-0.23533079777872468,fear,0.9972972972972973,0.9972972972972973,0.9972972972972973,0.9972972972972973,3.712,5e338d675807b852d9e04e8c
,0.3125,2,0.6289308176100623,0.0,3,0.6289308176100623,0.06787032945019109,253,-0.23577418691286894,fear,0.799373040752351,0.799373040752351,0.799373040752351,0.799373040752351,3.2,5e3d395edbc4b7182a6aa94e
,0.3498108834911126,1,0.7142857142857136,0.019330924191616913,1,0.7142857142857136,0.0,279,-0.2435416844576846,fear,0.9964285714285714,0.9964285714285714,0.9964285714285714,0.9964285714285714,2.8586875,5fba3ef24c55eb78bd7ce2e3
,0.19695216524286663,2,2.3809523809523787,0.02480158730158727,3,0.39682539682539647,0.03668204230592516,468,-0.24397473875740552,fear,0.9384920634920635,0.9384920634920635,0.9384920634920635,0.9384920634920635,5.077375,5f9a751f9e04b149046ce529
,0.34466416785144977,3,0.6993006993006987,0.018925380327457157,3,0.6993006993006987,0.018925380327457157,216,-0.23892687127542903,fear,0.7552447552447552,0.7552447552447552,0.7552447552447552,0.7552447552447552,2.901375,5e492362963e443aee02b471
,0.1775568181818182,7,1.0676156583629883,0.03145492798872536,7,1.0676156583629883,0.03852426173418323,441,-0.23939938110527784,fear,0.7846975088967971,0.7846975088967971,0.7846975088967971,0.7846975088967971,5.632,5e453b6b2a2d173b73a02907
,0.3043792565536659,1,0.6172839506172834,0.01665433468816227,1,0.6172839506172834,0.01665433468816227,322,-0.24640579182242456,fear,0.9938461538461538,0.9938461538461538,0.9938461538461538,0.9938461538461538,3.285375,5e40ebb09329cb02ef38a588
,0.2253584608017127,7,0.45454545454545414,0.042017612095877926,8,1.8181818181818166,0.02840909090909083,436,-0.23509787634600268,fear,0.9977272727272727,0.9977272727272727,0.9977272727272727,0.9977272727272727,4.437375,5e36d44805fef317e874b939
,0.20380348249200708,2,0.4132231404958674,0.0381190707673944,1,0.4132231404958674,0.025773195876288624,483,-0.2094131055521955,fear,0.9958762886597938,0.9958762886597938,0.9958762886597938,0.9958762886597938,4.9066875,5e37870b05fef317e874bc23
,0.36620814355359227,1,2.255639097744359,0.020272130238399758,3,0.7518796992481196,0.0692425068246677,251,-0.23785970117000996,fear,0.951310861423221,0.951310861423221,0.951310861423221,0.951310861423221,2.7306875,5e369f45dbc4b7182a6a94f2
,0.3167187933013975,9,2.5641025641025617,0.0566591972104605,6,1.9230769230769211,0.4802472794365721,312,-0.24617791963433633,fear,1.0,1.0,1.0,1.0,3.157375,5f90f9e0f8fac448cc0a7e31
,0.1370614035087719,8,0.274725274725276,0.43641020010779175,6,0.8241758241758281,0.029739883371718498,589,-0.24583409068399695,fear,0.8090659340659341,0.8090659340659341,0.8090659340659341,0.8090659340659341,7.296,5f9929b1111dfd48d40ff7de
,0.24933381122313816,1,1.0152284263959381,0.0,12,3.0456852791878144,0.05481173441673672,332,-0.2465685215934737,fear,0.8405063291139241,0.8405063291139241,0.8405063291139241,0.8405063291139241,4.0106875,5e3940db05fef317e874c949
,0.3255208333333333,3,1.307189542483659,0.0,2,1.307189542483659,0.4784602440818002,302,-0.2392404670755166,fear,0.9869281045751634,0.9869281045751634,0.9869281045751634,0.9869281045751634,3.072,5e37d2907995ef170fc0f3aa
,0.187498535167694,1,1.5094339622641497,0.0,3,0.7547169811320749,0.03335409345219561,484,-0.24469436812666284,fear,0.9132075471698113,0.9132075471698113,0.9132075471698113,0.9132075471698113,5.333375,5e33beea5807b852d9e0541b
,0.1370614035087719,1,0.8241758241758281,0.007434970842929624,1,0.274725274725276,0.007434970842929624,683,-0.24107375067709702,fear,0.9381868131868132,0.9381868131868132,0.9381868131868132,0.9381868131868132,7.296,5e350d2b5807b852d9e074aa
,0.1749054417455563,2,0.3521126760563377,0.0,2,0.3521126760563377,0.03607745666979531,432,-0.2417978355493416,fear,0.7605633802816901,0.7605633802816901,0.7605633802816901,0.7605633802816901,5.717375,5e43dddb2b6c8802f2d85fc8
,0.13093503985335275,2,0.2631578947368477,0.0,15,1.8421052631579338,0.02696315182690025,659,-0.24481383830475983,fear,0.8671052631578947,0.8671052631578947,0.8671052631578947,0.8671052631578947,7.637375,5e4813668849ac3aacea51ef
,0.1512087247434177,1,0.3039513677811548,0.026865759163622608,12,1.8237082066869288,0.23032590526181856,429,-0.24214930433912904,fear,0.6519756838905775,0.6519756838905775,0.6519756838905775,0.6519756838905775,6.613375,5f831a649e04b149046cc6f0
,0.2232142857142857,1,0.4484304932735422,0.03954735912676436,1,0.4484304932735422,0.0458433901307466,443,-0.2407259897753105,fear,0.9910514541387024,0.9910514541387024,0.9910514541387024,0.9910514541387024,4.48,5e37826adbc4b7182a6a9908
,0.13316687473990843,7,0.8042895442359331,0.0,7,0.8042895442359331,0.0,625,-0.24535619856416163,fear,0.8366800535475234,0.8366800535475234,0.8366800535475234,0.8366800535475234,7.509375,5e46420a7bef803b4851d865
,0.13020833333333334,1,0.7832898172323928,0.02675195220423524,1,1.8276762402089164,0.016318537859008178,616,-0.2430379275130185,fear,0.8080939947780679,0.8080939947780679,0.8080939947780679,0.8080939947780679,7.68,5f6d880a111dfd48d40fd1c3
,0.509505461261663,1,2.105263157894735,0.0,3,1.0526315789473675,0.09304036594559834,146,-0.23248004338600864,fear,0.7684210526315789,0.7684210526315789,0.7684210526315789,0.7684210526315789,1.9626875,5e2d8e745807b852d9e0265e
,0.3551136363636364,1,1.4285714285714273,0.019330924191616913,1,1.4285714285714273,0.0,254,-0.23795609284433397,fear,0.9071428571428571,0.9071428571428571,0.9071428571428571,0.9071428571428571,2.816,5fb9e05dcb503578af9edf1e
,0.46874084490537293,1,0.9523809523809516,0.0,7,1.904761904761903,0.7216878364870316,205,-0.2459222160091691,fear,1.0,1.0,1.0,1.0,2.133375,5e426ee99329cb02ef38a897
,0.11003521126760564,3,0.2207505518763844,0.005967650246585302,13,1.5452538631346908,0.02038340608840874,735,-0.2270911184823045,fear,0.8103638368246968,0.8103638368246968,0.8103638368246968,0.8103638368246968,9.088,5f8307a29e04b149046cc68d
,0.2391557800962602,1,0.48309178743961306,0.013042551261813829,1,0.9661835748792261,0.0,401,-0.23181031183631523,fear,0.9662650602409638,0.9662650602409638,0.9662650602409638,0.9662650602409638,4.181375,5fb8c601cb503578af9edcc9
,0.22754746497902298,1,0.4608294930875572,0.040731957441621364,2,0.4608294930875572,0.04721657923604546,370,-0.20953269349850934,fear,0.8525345622119815,0.8525345622119815,0.8525345622119815,0.8525345622119815,4.3946875,5fbb465944697678c497b5da
,0.25755356309257443,1,0.5235602094240833,0.027132074528430927,4,1.57068062827225,0.05667705522149461,222,-0.2459442673020788,fear,0.581151832460733,0.581151832460733,0.581151832460733,0.581151832460733,3.8826875,5f633c5454b2361621284d3d
,0.5859303475299374,7,3.6585365853658502,0.07575757575757569,7,2.4390243902439,0.03280399256759253,161,-0.24003402070428254,fear,0.9939393939393939,0.9939393939393939,0.9939393939393939,0.9939393939393939,1.7066875,5e4188e92b6c8802f2d85ade
,0.20740971195976252,1,0.4184100418410038,0.036982572237790105,4,0.4184100418410038,0.0369825722377901,414,-0.24754220441526575,fear,0.8661087866108786,0.8661087866108786,0.8661087866108786,0.8661087866108786,4.821375,5e4152c5189842034d9f72ac
,0.2966753815059984,4,1.212121212121211,0.01635244342493274,1,1.212121212121211,0.0,284,-0.2435092122104107,fear,0.8610271903323263,0.8610271903323263,0.8610271903323263,0.8610271903323263,3.3706875,5f640a48d0b14d419059b825
,0.27901785714285715,2,0.5617977528089882,0.03501400560224088,4,1.1235955056179765,0.060646036679582516,288,-0.2471335837213684,fear,0.8067226890756303,0.8067226890756303,0.8067226890756303,0.8067226890756303,3.584,5e369016ee8206179943c13c
,0.14648392796652843,2,0.29585798816568043,0.030268826275396975,2,0.5917159763313609,0.030268826275396978,570,-0.23661138019481984,fear,0.8463810930576071,0.8463810930576071,0.8463810930576071,0.8463810930576071,6.8266875,5f60ba6454b2361621284b01
,0.11545510961019469,2,0.23201856148492375,0.014484356894554198,2,0.6960556844547713,0.17561349439429894,679,-0.2308211353024472,fear,0.7867902665121669,0.7867902665121669,0.7867902665121669,0.7867902665121669,8.661375,5e424ed10b3f160367c20913
,0.22754746497902298,1,0.4608294930875572,0.028801843317972323,1,0.4608294930875572,0.047216579236045476,284,-0.24212841258812187,fear,0.6543778801843319,0.6543778801843319,0.6543778801843319,0.6543778801843319,4.3946875,5f6a3a95d338b948c4e68541
,0.13469827586206895,1,0.27027027027027306,0.007304532757965988,1,0.27027027027027306,0.01686909581646441,700,-0.23068976086760368,fear,0.9446693657219973,0.9446693657219973,0.9446693657219973,0.9446693657219973,7.424,5e365cbddbc4b7182a6a91c8
,0.18454653456210568,1,2.6119402985074607,0.0100982439806954,1,0.37313432835820864,0.034492069630944554,394,-0.23446144573303518,fear,0.7350746268656716,0.7350746268656716,0.7350746268656716,0.7350746268656716,5.4186875,5f6d34cef8fac448cc0a5f6e
,0.390625,1,0.7874015748031489,0.0,3,0.7874015748031489,0.0,208,-0.24667685760131,fear,0.8156862745098039,0.8156862745098039,0.8156862745098039,0.8156862745098039,2.56,5e3ce0ebc8c25f16cd1462ef
,0.244140625,1,2.941176470588233,0.0,1,1.4705882352941164,0.01326632052365868,403,-0.22642416993518064,fear,0.9926470588235294,0.9926470588235294,0.9926470588235294,0.9926470588235294,4.096,5fb871aacb503578af9edaae
,0.1502403846153846,1,0.6024096385542164,0.00815159453863364,10,1.506024096385541,0.027842995967148048,577,-0.24306485275918638,fear,0.8689759036144579,0.8689759036144579,0.8689759036144579,0.8689759036144579,6.656,5e350e555807b852d9e074f8
,0.14291073438253632,1,0.5747126436781612,0.01489145469807562,1,1.7241379310344835,0.0,511,-0.2388158801947279,fear,0.7341954022988506,0.7341954022988506,0.7341954022988506,0.7341954022988506,6.997375,5e3ce13533e9ad176cc9bd57
,0.09889240506329114,7,0.5940594059406068,0.10219767676308229,4,0.5940594059406068,0.02028910434499424,705,-0.24300284034337166,fear,0.698019801980198,0.698019801980198,0.698019801980198,0.698019801980198,10.112,5f6a191d111dfd48d40fcead
,0.15219107589578715,1,0.30769230769230743,0.01592081792605318,1,0.30769230769230743,0.027154638294414245,634,-0.24721297735723838,fear,0.978494623655914,0.978494623655914,0.978494623655914,0.978494623655914,6.5706875,5e367fb9c8c25f16cd144d20
,0.26633374947981686,2,0.54054054054054,0.0,5,1.6216216216216202,0.04996689005996296,259,-0.2509231612714353,fear,0.5864864864864865,0.7054054054054054,0.5864864864864865,0.6810810810810811,3.7546875,5e453b578849ac3aacea4e55
,0.11160714285714285,2,0.4474272930648865,0.011580393821073565,4,0.4474272930648865,0.020656703153281213,760,-0.2363707275214874,fear,0.8491620111731844,0.8491620111731844,0.8491620111731844,0.8491620111731844,8.96,5f5f67ae54b23616212849fe
,0.16389748212493085,1,0.6600660066006594,0.02917107183112817,1,0.3300330033003297,0.0,548,-0.24365707809188492,fear,0.9042904290429042,0.9042904290429042,0.9042904290429042,0.9042904290429042,6.101375,5f98a4b59e04b149046ce196
,0.33967391304347827,1,0.6849315068493145,0.03537355791761303,5,1.369863013698629,0.0,267,-0.24738332891869388,fear,0.9112627986348123,0.9112627986348123,0.9112627986348123,0.9112627986348123,2.944,5f71cf489e04b149046cbf87
,0.08138020833333333,5,0.32626427406199715,0.0101874490627549,4,0.8156606851549929,0.0101874490627549,961,-0.24129251300712173,fear,0.7832110839445803,0.7832110839445803,0.7832110839445803,0.7832110839445803,12.288,5e521618c38c123b9ec6dcd8
,0.27901785714285715,1,1.1235955056179765,0.0,2,1.1235955056179765,0.051786412667188475,108,-0.24472524483346086,fear,0.3025210084033613,0.3025210084033613,0.3025210084033613,0.3025210084033613,3.584,5fb380c475b0a9389bf3972b
,0.15625,4,0.3134796238244511,0.0,8,0.9404388714733534,0.0,528,-0.2486993345692019,fear,0.8262910798122066,0.8262910798122066,0.8262910798122066,0.8262910798122066,6.4,5f92316ed338b948c4e6a888
,0.33481909305878166,1,1.369863013698629,0.03537355791761303,5,2.0547945205479436,0.0426621160409556,204,-0.237849460470155,fear,0.6962457337883959,0.6962457337883959,0.6962457337883959,0.6962457337883959,2.9866875,5e434c029306c7039ddcce8a
,0.2693965517241379,2,0.54054054054054,0.05538377132011819,2,0.54054054054054,0.05851522998543497,366,-0.22824913469809713,fear,0.9891891891891892,0.9891891891891892,0.9891891891891892,0.9891891891891892,3.712,5e3782aec8c25f16cd145325
,0.11268002394450509,12,1.1337868480725866,0.006136801330672186,6,0.2267573696145173,0.02323355486218162,737,-0.2444238870145455,fear,0.8412698412698413,0.8412698412698413,0.8412698412698413,0.8412698412698413,8.8746875,5f8088e49e04b149046cc37b
,0.12668852043644196,1,0.25445292620865684,0.01590330788804105,1,1.0178117048346274,0.01590330788804105,685,-0.24508077102085396,fear,0.871501272264631,0.871501272264631,0.871501272264631,0.871501272264631,7.893375,5fbc81bd4c55eb78bd7ce85c
,0.3720238095238095,1,0.7518796992481196,0.03881817404442177,1,4.511278195488718,0.020272130238399758,266,-0.24453252175180112,fear,0.9962546816479401,0.9962546816479401,0.9962546816479401,0.9962546816479401,2.688,5e363cb6bacf60088a5adc7a
,0.2633398071035913,1,0.5319148936170208,0.05758147631545464,2,0.5319148936170208,0.05758147631545464,375,-0.24723766478476117,fear,0.9973404255319149,0.9973404255319149,0.9973404255319149,0.9973404255319149,3.797375,5e37826b7995ef170fc0ef71
,0.1890113524943592,1,0.38314176245210696,0.010349251957271008,7,1.1494252873563209,0.04139700782908399,504,-0.24716841092335518,fear,0.9636711281070746,0.9636711281070746,0.9636711281070746,0.9636711281070746,5.2906875,5fbdd404cb503578af9eeb54
,0.14467592592592593,3,0.5797101449275364,0.03137773202117533,4,0.5797101449275364,0.029698544041222828,656,-0.24562269985278617,fear,0.9507246376811594,0.9507246376811594,0.9507246376811594,0.9507246376811594,6.912,5e42d3160b3f160367c20b61
,0.27252597513200477,8,2.2099447513812134,0.9010514452458511,7,2.2099447513812134,0.6611996191226724,350,-0.23873746921287026,fear,0.9641873278236914,0.9641873278236914,0.9641873278236914,0.9641873278236914,3.669375,5fb37e5248cdda3a922e4f14
,0.13241525423728814,1,0.7957559681697781,0.01374595818283932,1,1.0610079575597042,0.01374595818283932,632,-0.2476230854110292,fear,0.8381962864721485,0.8381962864721485,0.8381962864721485,0.8381962864721485,7.552,5e37b460c8c25f16cd1455ba
,0.1749054417455563,4,0.7042253521126755,0.0325488544404688,1,1.408450704225351,0.0325488544404688,477,-0.2453090928945177,fear,0.8397887323943662,0.8397887323943662,0.8397887323943662,0.8397887323943662,5.717375,5e37b373dbc4b7182a6a9bb5
,0.1890113524943592,1,1.1494252873563209,0.023900573613766712,1,0.38314176245210696,0.03380051535308541,502,-0.24873802487575816,fear,0.9751434034416826,0.9751434034416826,0.9751434034416826,0.9751434034416826,5.2906875,5fbcbfd2cb503578af9ee8fa
,0.15943877551020408,2,0.31948881789137357,0.0,14,0.6389776357827471,0.7262992603623482,591,-0.24568710533405133,fear,0.9440894568690096,0.9440894568690096,0.9440894568690096,0.9440894568690096,6.272,5e3632f4bacf60088a5adaed
,0.06658371445574056,4,0.5347593582887814,0.013697857879976055,10,0.5347593582887814,0.003618087415543351,1191,-0.24137953623580505,fear,0.7961229946524064,0.7961229946524064,0.7961229946524064,0.7961229946524064,15.0186875,5e4163e69329cb02ef38a70e
,0.19695216524286663,1,2.7777777777777755,0.0,1,1.5873015873015859,0.0,248,-0.24460402669256132,fear,0.49206349206349204,0.49206349206349204,0.49206349206349204,0.49206349206349204,5.077375,5fb9fdea4c55eb78bd7ce12e
,0.2320522117476432,1,0.469483568075117,0.02427272241185155,1,0.938967136150234,0.029274004683840713,263,-0.23223791919277587,fear,0.6159250585480094,0.6159250585480094,0.6159250585480094,0.6159250585480094,4.309375,5fbcbe7a4c55eb78bd7ce9e5
,0.1512087247434177,1,1.2158054711246191,0.01575144752258452,8,1.2158054711246191,0.008225925187922133,511,-0.24421747291245807,fear,0.776595744680851,0.776595744680851,0.776595744680851,0.776595744680851,6.613375,5f8ad2fdd338b948c4e69e0f
,0.18310407177679613,7,1.1070110701107,0.037738481378349446,8,0.7380073800738001,0.45227630534964275,308,-0.24940273471786792,fear,0.567219152854512,0.567219152854512,0.567219152854512,0.567219152854512,5.461375,5f922386d338b948c4e6a85a
,0.2130662902495539,1,2.1459227467811144,0.0379349131537847,1,1.2875536480686685,0.043974239030995135,450,-0.24172128752910266,fear,0.9742489270386266,0.9742489270386266,0.9742489270386266,0.9742489270386266,4.693375,5f682c53d338b948c4e6830d
,0.12335494614785633,2,0.24875621890547794,0.0,4,0.4975124378109559,0.0268951988752937,760,-0.2463262235759264,fear,0.9440993788819876,0.9440993788819876,0.9440993788819876,0.9440993788819876,8.1066875,5e3501aa5807b852d9e07207
,0.27901785714285715,1,0.5617977528089882,0.04951728159569657,1,0.5617977528089882,0.02903207974750874,343,-0.24652910802398406,fear,0.9607843137254902,0.9607843137254902,0.9607843137254902,0.9607843137254902,3.584,5e377f9a33e9ad176cc9ada2
,0.2966753815059984,4,1.212121212121211,0.06190935162671823,1,3.0303030303030276,0.0,299,-0.23098112717506983,fear,0.9033232628398792,0.9033232628398792,0.9033232628398792,0.9033232628398792,3.3706875,5e2ffed15807b852d9e02cbb
,0.3043792565536659,1,0.6172839506172834,0.01665433468816227,5,1.2345679012345667,0.054392829322042084,243,-0.2407592726545547,fear,0.7476923076923077,0.7476923076923077,0.7476923076923077,0.7476923076923077,3.285375,5e37f6fa7995ef170fc0f635
,0.20204571284253062,1,0.4081632653061221,0.02110886450073445,1,1.6326530612244885,0.01102374495652289,348,-0.24776100142420968,fear,0.7107942973523421,0.7107942973523421,0.7107942973523421,0.7107942973523421,4.949375,5e421a1b48600202f726fceb
,0.3125,1,1.886792452830187,0.0,6,1.886792452830187,0.0,154,-0.24028598371237603,fear,0.4827586206896552,0.4827586206896552,0.4827586206896552,0.4827586206896552,3.2,5fb489c8576e9378b67abedc
,0.2693965517241379,1,0.54054054054054,0.1712258017965648,3,0.54054054054054,0.04777748521530725,347,-0.2470758284960799,fear,0.9378378378378378,0.9378378378378378,0.9378378378378378,0.9378378378378378,3.712,5e384f787995ef170fc0f8f3
,0.2929651737649687,1,0.5917159763313604,0.0,12,3.5502958579881625,0.06405513341600881,322,-0.2483542284618751,fear,0.9615384615384616,0.9615384615384616,0.9615384615384616,0.9615384615384616,3.413375,5e36787b05fef317e874b59d
,0.08252612467634286,4,0.3311258278145766,0.0,4,0.3311258278145766,0.00857984475981859,1155,-0.24154709729212537,fear,0.9561258278145696,0.9561258278145696,0.9561258278145696,0.9561258278145696,12.117375,5e36576dee8206179943be81
,0.18454653456210568,1,1.8656716417910433,0.0,11,1.8656716417910433,0.02332089552238803,501,-0.24440708936303848,fear,0.9365671641791045,0.9365671641791045,0.9365671641791045,0.9365671641791045,5.4186875,5f682c689e04b149046cb809
,0.28237619568670363,1,0.571428571428571,0.029528354614987505,1,0.571428571428571,0.05267165049055921,323,-0.2469111619407927,fear,0.9230769230769231,0.9230769230769231,0.9230769230769231,0.9230769230769231,3.541375,5fb8e0834c55eb78bd7cdec2
,0.18601190476190474,2,0.37313432835820864,0.03298072673444716,2,0.7462686567164173,0.02332089552238803,365,-0.24523008147101436,fear,0.6809701492537313,0.6809701492537313,0.6809701492537313,0.6809701492537313,5.376,5fb4cf6d4c55eb78bd7cdab9
,0.15419308829481718,1,0.3105590062111798,0.0,1,0.3105590062111798,0.01937984496124029,453,-0.2464802692529932,fear,0.7023255813953488,0.7023255813953488,0.7023255813953488,0.7023255813953488,6.485375,5fba1785576e9378b67ac75e
,0.19695216524286663,2,0.39682539682539647,0.03668204230592517,2,0.39682539682539647,0.02480158730158727,389,-0.2359696256156909,fear,0.7718253968253969,0.7718253968253969,0.7718253968253969,0.7718253968253969,5.077375,5e37c0bb33e9ad176cc9b16a
,0.14378791282857784,3,0.5797101449275364,0.00784443300529384,9,1.1594202898550727,0.02679383959737142,557,-0.2447422386142827,fear,0.8072463768115942,0.8072463768115942,0.8072463768115942,0.8072463768115942,6.9546875,5e33ef1f5807b852d9e0609f
,0.3842182359580242,4,1.5748031496062977,0.04901960784313719,4,1.5748031496062977,0.02122611283785391,239,-0.23270967253533187,fear,0.9411764705882353,0.9411764705882353,0.9411764705882353,0.9411764705882353,2.6026875,5e4950c28849ac3aacea54b5
,0.2693965517241379,1,1.08108108108108,0.0,1,0.54054054054054,0.04777748521530723,363,-0.22779787229134946,fear,0.9945945945945946,0.9945945945945946,0.9945945945945946,0.9945945945945946,3.712,5fb9fc584c55eb78bd7ce11e
,0.32105949633791514,1,1.9607843137254886,0.03387075970542685,7,1.9607843137254886,0.06041748144505324,223,-0.24195287660782477,fear,0.7287581699346405,0.7287581699346405,0.7287581699346405,0.7287581699346405,3.1146875,5e37dc7b33e9ad176cc9b2de
,0.2757337101694039,4,1.1235955056179765,0.03501400560224088,5,1.1235955056179765,0.0,357,-0.23788461318483792,fear,1.0,1.0,1.0,1.0,3.6266875,5e2d98485807b852d9e026de
,0.2467079902550344,1,0.4975124378109449,0.05097511290657647,nan,1.4925373134328348,nan,402,-0.24842173013095986,fear,1.0,1.0,1.0,1.0,4.053375,5f87b1bdf8fac448cc0a704d
,0.1616373867275501,1,0.32679738562091476,0.028837960081017414,5,0.9803921568627443,0.028837960081017428,599,-0.24886154452382475,fear,0.9771615008156607,0.9771615008156607,0.9771615008156607,0.9771615008156607,6.1866875,5e36893a33e9ad176cc9a8ac
,0.1736111111111111,3,0.3484320557491286,0.03220862251251963,3,0.3484320557491286,0.021777003484320545,465,-0.23712968050626043,fear,0.8101045296167247,0.8101045296167247,0.8101045296167247,0.8101045296167247,5.76,5fb33c4ce3dcec421f8357ce
,0.16740954652939083,4,0.6734006734006729,0.02104377104377103,4,0.6734006734006729,0.03449830873475377,577,-0.24829811975751537,fear,0.9764309764309764,0.9764309764309764,0.9764309764309764,0.9764309764309764,5.973375,5e36a79b05fef317e874b809
,0.27252597513200477,1,0.5524861878453033,0.04869881413130489,22,6.077348066298336,0.0509304389040946,319,-0.2403119623205571,fear,0.8787878787878788,0.8787878787878788,0.8787878787878788,0.8787878787878788,3.669375,5f808503111dfd48d40fd895
,0.2693965517241379,1,0.54054054054054,0.02801203370232598,5,1.08108108108108,0.014628807496358755,353,-0.2414487905647617,fear,0.9540540540540541,0.9540540540540541,0.9540540540540541,0.9540540540540541,3.712,5fb9fc66576e9378b67ac6e4
,0.17891088001789107,2,0.36101083032490944,0.03901015332362332,2,0.36101083032490944,0.03901015332362332,276,-0.24688286004528193,fear,0.4972972972972973,0.4972972972972973,0.4972972972972973,0.4972972972972973,5.589375,5fb4ce0f4c55eb78bd7cdaa3
,0.30838617658963435,1,1.2578616352201246,0.01696758236254777,2,0.6289308176100623,0.03249044661398313,273,-0.24371236215641323,fear,0.8557993730407524,0.8557993730407524,0.8557993730407524,0.8557993730407524,3.2426875,5e516af12a2d173b73a030dc
,0.18168604651162792,2,0.3649635036496347,0.009859123449276391,1,1.094890510948904,0.033675317526750966,463,-0.23754856291631127,fear,0.843351548269581,0.843351548269581,0.843351548269581,0.843351548269581,5.504,5f5cc3cc54b2361621284802
,0.3255208333333333,1,0.6535947712418295,0.017688427364878228,3,0.6535947712418295,0.05777016186164599,172,-0.2371835000735009,fear,0.5620915032679739,0.5620915032679739,0.5620915032679739,0.5620915032679739,3.072,5e2bf6415807b852d9e023f5
,0.13469827586206895,12,0.5405405405405461,0.024949729179738832,4,0.8108108108108192,0.14609065515931974,620,-0.23519391012610463,fear,0.8434547908232118,0.8434547908232118,0.8434547908232118,0.8434547908232118,7.424,5f677cafd338b948c4e682b0
,0.1037055281528101,1,0.20876826722338648,0.0,15,0.8350730688935459,0.0056499569662346455,832,-0.2454058773469649,fear,0.8684759916492694,0.8684759916492694,0.8684759916492694,0.8684759916492694,9.6426875,5e3677f67995ef170fc0e951
,0.27252597513200477,1,0.5524861878453033,0.05093043890409445,1,0.5524861878453033,0.01491090571254197,180,-0.24153619643991533,fear,0.49586776859504134,0.49586776859504134,0.49586776859504134,0.49586776859504134,3.669375,5f681db2d338b948c4e682f4
,0.08340718344367408,3,0.16750418760469368,0.0,3,0.16750418760469368,0.017148113295769204,1130,-0.22986289310532487,fear,0.9472803347280335,0.9472803347280335,0.9472803347280335,0.9472803347280335,11.989375,5f3d0b6e8a3c1005aa97c8c1
,0.10557432432432433,4,1.6913319238900995,0.0,7,0.8456659619450497,0.0,670,-0.23212636561016264,fear,0.7082452431289641,0.7082452431289641,0.7082452431289641,0.7082452431289641,9.472,5f425c469dd513131eacf013
,0.1890113524943592,3,0.38314176245210696,0.04139700782908401,2,0.38314176245210696,0.04139700782908403,482,-0.24860506391649864,fear,0.9235181644359465,0.9235181644359465,0.9235181644359465,0.9235181644359465,5.2906875,5fbb8de0576e9378b67acc8f
,0.2547527306308315,3,0.5154639175257727,0.04752634787194415,2,0.5154639175257727,0.500914436636243,359,-0.23088960369061215,fear,0.9357326478149101,0.9357326478149101,0.9357326478149101,0.9357326478149101,3.925375,5e3d398bdbc4b7182a6aa951
,0.21904005695041479,1,0.4424778761061943,0.022879586026182373,1,0.4424778761061943,0.039023553045615174,440,-0.2457876855336653,fear,0.9713024282560706,0.9713024282560706,0.9713024282560706,0.9713024282560706,4.565375,5e377a61dbc4b7182a6a9863
,0.16983695652173914,2,0.3412969283276448,0.034909702535679286,2,0.3412969283276448,0.030115280289035228,540,-0.24671293420704182,fear,0.9216354344122658,0.9216354344122658,0.9216354344122658,0.9216354344122658,5.888,5fbc7e5244697678c497b9b4
,0.22754746497902298,2,0.4608294930875572,0.028801843317972337,2,0.4608294930875572,0.04259850074236471,308,-0.24322827779825879,fear,0.7211981566820277,0.7211981566820277,0.7211981566820277,0.7211981566820277,4.3946875,5e453ba9c38c123b9ec6d468
,0.2253584608017127,7,1.8181818181818166,0.042017612095877926,10,0.9090909090909083,0.0,378,-0.23605787886957413,fear,0.8590909090909091,0.8590909090909091,0.8590909090909091,0.8590909090909091,4.437375,5e41071948600202f726faf4
,0.2547527306308315,2,0.5154639175257727,0.05565715962624922,1,0.5154639175257727,0.04752634787194417,318,-0.22442386514500307,disgust,0.8174807197943444,0.8174807197943444,0.8174807197943444,0.8174807197943444,3.925375,5e34cd925807b852d9e06894
,0.1512087247434177,1,0.6079027355623096,0.01899696048632217,13,0.6079027355623096,0.008225925187922133,388,-0.24388571974616235,disgust,0.5896656534954408,0.5896656534954408,0.5896656534954408,0.5896656534954408,6.613375,5f997c3ad338b948c4e6aff3
,0.09931102973123952,6,0.7984031936127914,0.0,6,0.5988023952095936,0.012462612163509745,658,-0.24055442151060574,fear,0.6560319042871385,0.6560319042871385,0.6560319042871385,0.6560319042871385,10.069375,5f6701a1111dfd48d40fcbc4
,0.2055921052631579,4,1.2396694214876023,0.04464048473115657,4,0.8264462809917348,0.32803922838551147,398,-0.22952207950567205,disgust,0.8309278350515464,0.8309278350515464,0.8309278350515464,0.8309278350515464,4.864,5f83053ef8fac448cc0a69a0
,0.07760736493893271,1,0.46728971962617816,0.01375694126822106,27,0.9345794392523563,0.42121858160722614,1208,-0.24583188799266864,fear,0.9400778210116731,0.9400778210116731,0.9400778210116731,0.9400778210116731,12.885375,5e4692047bef803b4851d8d2
,0.15943877551020408,2,1.5974440894568678,0.00864641976621844,2,1.5974440894568678,0.00864641976621844,467,-0.24491958604230354,disgust,0.7507987220447284,0.7507987220447284,0.7507987220447284,0.7507987220447284,6.272,5f8bbd6c111dfd48d40fe833
,0.26633374947981686,2,0.54054054054054,0.05851522998543497,2,1.6216216216216202,0.03378378378378377,295,-0.22026700569892443,disgust,0.7972972972972973,0.7972972972972973,0.7972972972972973,0.7972972972972973,3.7546875,5f8ba66dd338b948c4e69ed8
,0.08223684210526316,6,0.49423393739704513,0.016879732609921066,7,0.49423393739704513,0.01783413104992708,825,-0.23249962885983289,fear,0.6795716639209226,0.6795716639209226,0.6795716639209226,0.6795716639209226,12.16,5f6011b83bd6941613f6d3d2
,0.16622340425531915,1,0.33333333333333304,0.029462782549439452,9,4.3333333333333295,1.262953713852305,371,-0.2490385709874016,disgust,0.6183333333333333,0.6183333333333333,0.6183333333333333,0.6183333333333333,6.016,5f81cb27d338b948c4e69122
,0.09263816113250152,8,0.7448789571694758,0.019080070194082116,6,0.5586592178771068,0.01645965505555314,961,-0.24596812569467916,disgust,0.8994413407821229,0.8994413407821229,0.8994413407821229,0.8994413407821229,10.7946875,5f427a3716bbac1317968f14
,0.1921091179790121,1,0.38759689922480584,0.04642858890152685,3,0.38759689922480584,0.04187743732033064,398,-0.24894304511348997,disgust,0.7756286266924565,0.7756286266924565,0.7756286266924565,0.7756286266924565,5.205375,5fbb93a0576e9378b67accb4
,0.22754746497902298,3,0.4608294930875572,0.040731957441621384,4,0.4608294930875572,0.04988625597836626,301,-0.24724537028469049,disgust,0.6935483870967742,0.6935483870967742,0.6935483870967742,0.6935483870967742,4.3946875,5e43d9db0b3f160367c20d1a
,0.244140625,1,0.49019607843137214,0.0,7,1.9607843137254886,0.013266320523658634,380,-0.24786342849457316,disgust,0.9313725490196079,0.9313725490196079,0.9313725490196079,0.9313725490196079,4.096,5e37be91dbc4b7182a6a9c73
,0.2604166666666667,3,0.5235602094240833,0.05667705522149466,1,1.0471204188481666,0.053643966985454795,346,-0.22955912606131496,disgust,0.9057591623036649,0.9057591623036649,0.9057591623036649,0.9057591623036649,3.84,5e43739b2b6c8802f2d85edf
,0.20032051282051283,2,0.8032128514056218,0.025100401606425682,5,0.8032128514056218,0.03549732837281862,483,-0.2445167395265694,disgust,0.9698795180722891,0.9698795180722891,0.9698795180722891,0.9698795180722891,4.992,5e48e5157bef803b4851dba7
,0.11432899597704846,1,0.46082949308756743,0.0,4,0.46082949308756743,0.014384349827388121,520,-0.24061004690838153,disgust,0.5857307249712314,0.6041426927502876,0.5857307249712314,0.6004602991944764,8.7466875,5f6e06d0d338b948c4e688b4
,0.3043792565536659,1,0.6172839506172834,0.03189062298418652,4,1.2345679012345667,0.031890622984186504,321,-0.24945293891199682,disgust,0.9969230769230769,0.9969230769230769,0.9969230769230769,0.9969230769230769,3.285375,5f8a4b3fd338b948c4e69d68
,0.2966753815059984,1,0.6060606060606055,0.0,6,1.8181818181818166,0.06540977369973096,297,-0.24143700266708867,disgust,0.9003021148036254,0.9003021148036254,0.9003021148036254,0.9003021148036254,3.3706875,5f636645b878131628349ec9
,0.7560364787601002,1,4.761904761904757,0.0,7,6.3492063492063435,0.0,126,-0.2492262682386251,disgust,1.0,1.0,1.0,1.0,1.3226875,5e33f30b5807b852d9e0615c
,0.32105949633791514,1,0.6535947712418295,0.05777016186164599,9,2.614379084967318,0.0,257,-0.2481678172782959,disgust,0.8464052287581699,0.8464052287581699,0.8464052287581699,0.8464052287581699,3.1146875,5e36c720c8c25f16cd145033
,0.16983695652173914,6,1.3651877133105792,0.03688353508451615,5,0.6825938566552896,0.036883535084516104,427,-0.2472589276137079,disgust,0.727427597955707,0.727427597955707,0.727427597955707,0.727427597955707,5.888,5f7814d4d338b948c4e68c34
,0.14204545454545456,1,1.139601139601141,0.014764177307493787,4,0.5698005698005705,0.025181865426871366,680,-0.2425654513776509,disgust,0.9686609686609686,0.9686609686609686,0.9686609686609686,0.9686609686609686,7.04,5e48e7d18849ac3aacea5392
,0.1736111111111111,4,1.0452961672473857,0.021777003484320545,2,0.3484320557491286,0.035700340397985614,572,-0.2444038761034925,disgust,0.9965156794425087,0.9965156794425087,0.9965156794425087,0.9965156794425087,5.76,5e37a20a05fef317e874bdbe
,0.23437385559640825,1,0.9523809523809516,0.0,1,0.4761904761904758,0.01285667167138418,416,-0.23432726200831505,disgust,1.0,1.0,1.0,1.0,4.2666875,5f9a7afbf8fac448cc0a8867
,0.18454653456210568,1,0.37313432835820864,0.023320895522388044,2,0.37313432835820864,0.03449206963094457,428,-0.2431691594585148,disgust,0.7985074626865671,0.7985074626865671,0.7985074626865671,0.7985074626865671,5.4186875,5e378c697995ef170fc0f006
,0.25201612903225806,1,1.0152284263959381,0.4889086884645683,10,0.5076142131979691,0.026239120176862314,380,-0.24476609243922756,disgust,0.9620253164556962,0.9620253164556962,0.9620253164556962,0.9620253164556962,3.968,5e39546aee8206179943d3e7
,0.16622340425531915,4,0.6666666666666661,0.01727408744976769,11,1.6666666666666652,0.694780734546678,466,-0.24557431935083227,disgust,0.7766666666666666,0.7766666666666666,0.7766666666666666,0.7766666666666666,6.016,5f64175e639e10419832ebad
,0.3043792565536659,3,0.6172839506172834,0.06305229350290377,2,0.6172839506172834,0.06661733875264908,325,-0.24037852803265375,disgust,1.0,1.0,1.0,1.0,3.285375,5f6c95a7111dfd48d40fd0ed
,0.12600806451612903,6,0.7575757575757738,0.013086429886187937,6,0.5050505050505159,0.023343117831043807,563,-0.24371412354133754,disgust,0.7108585858585859,0.7108585858585859,0.7108585858585859,0.7108585858585859,7.936,5f66cafe111dfd48d40fcb74
,0.11268002394450509,4,0.4535147392290346,0.0,3,0.2267573696145173,0.024547205322688698,566,-0.24688903234929116,disgust,0.645124716553288,0.645124716553288,0.645124716553288,0.645124716553288,8.8746875,5f98433ad338b948c4e6ad3e
,0.26633374947981686,7,2.16216216216216,0.05538377132011814,16,0.54054054054054,1.5848474932563479,320,-0.22988156691640232,disgust,0.8648648648648649,0.8648648648648649,0.8648648648648649,0.8648648648648649,3.7546875,5fb8c229cb503578af9edca5
,0.4111842105263158,6,2.4793388429752046,0.07639565835614176,2,0.8264462809917348,0.04282831599115956,114,-0.2356724855995754,disgust,0.47107438016528924,0.47107438016528924,0.47107438016528924,0.47107438016528924,2.432,5e33d2535807b852d9e059dd
,0.40409142568506123,2,0.8264462809917348,0.08467766689439557,5,1.6528925619834696,0.4552712438999012,224,-0.24421611280108943,disgust,0.9462809917355371,0.9462809917355371,0.9462809917355371,0.9462809917355371,2.4746875,5f645cb9d0b14d419059b893
,0.2391557800962602,2,0.48309178743961306,0.03012048192771083,1,2.8985507246376785,0.013042551261813829,387,-0.22755393972772547,disgust,0.9349397590361446,0.9349397590361446,0.9349397590361446,0.9349397590361446,4.181375,5f708f9ef8fac448cc0a61ef
,0.16740954652939083,3,0.6734006734006729,0.20585014253486783,2,0.33670033670033644,0.009112220157664542,461,-0.24547287941242074,disgust,0.7760942760942761,0.7760942760942761,0.7760942760942761,0.7760942760942761,5.973375,5f9237b4111dfd48d40ff165
,0.2253584608017127,2,0.45454545454545414,0.028409090909090884,1,2.727272727272725,0.028409090909090884,294,-0.24119525436203046,disgust,0.6681818181818182,0.6681818181818182,0.6681818181818182,0.6681818181818182,4.437375,5fbe2d9f44697678c497c02d
,0.13093503985335275,4,0.7894736842105431,0.007121919439016919,4,0.5263157894736954,0.013637437460343222,712,-0.24224324997891844,disgust,0.9381578947368421,0.9381578947368421,0.9381578947368421,0.9381578947368421,7.637375,5e44d621963e443aee02ad5d
,0.1953125,12,1.9607843137254881,0.300280912357899,2,0.39215686274509765,0.010592287228283238,482,-0.24583990273565295,disgust,0.9432485322896281,0.9432485322896281,0.9432485322896281,0.9432485322896281,5.12,5fb8d01bcb503578af9edd1d
,0.23674242424242423,1,0.4761904761904758,0.01285667167138418,1,2.8571428571428545,0.01285667167138418,178,-0.2401107827528201,disgust,0.42280285035629456,0.42280285035629456,0.42280285035629456,0.42280285035629456,4.224,5e37d50e33e9ad176cc9b252
,0.11660447761194029,5,0.7009345794392673,0.023939246949117046,7,0.9345794392523564,0.025292798007723633,770,-0.23290439598353546,disgust,0.8995327102803738,0.8995327102803738,0.8995327102803738,0.8995327102803738,8.576,5e488f958849ac3aacea52e7
,0.15521472987786541,1,0.3134796238244511,0.0195618153364632,1,0.6269592476489022,0.008470514512758584,637,-0.24655493050289073,disgust,0.9968701095461658,0.9968701095461658,0.9968701095461658,0.9968701095461658,6.4426875,5e36318b8661d6073410fbfd
,0.20032051282051283,4,0.4016064257028109,0.025100401606425682,8,1.6064257028112436,0.0411485851173569,288,-0.22727908767543367,disgust,0.4859437751004016,0.5883534136546185,0.4859437751004016,0.5678714859437751,4.992,5e355cce5807b852d9e0828c
,0.24933381122313816,1,0.5076142131979691,0.026239120176862318,1,0.5076142131979691,0.0,393,-0.24871927430550694,disgust,0.9949367088607595,0.9949367088607595,0.9949367088607595,0.9949367088607595,4.0106875,5e37b19ddbc4b7182a6a9b93
,0.1354761138676737,1,0.2724795640326996,0.007364161596806507,1,0.2724795640326996,0.024051251060767095,682,-0.24465704597972918,disgust,0.927891156462585,0.927891156462585,0.927891156462585,0.927891156462585,7.381375,5fbdd62b4c55eb78bd7cec5e
,0.2693965517241379,1,1.08108108108108,0.0,1,4.32432432432432,0.014628807496358743,260,-0.22841411247534907,disgust,0.7027027027027027,0.7027027027027027,0.7027027027027027,0.7027027027027027,3.712,5fbcde744c55eb78bd7ceac9
,0.09263816113250152,4,0.3724394785847379,0.009650328184227978,4,0.3724394785847379,0.005039719528540837,620,-0.24325981755554377,disgust,0.5363128491620112,0.5772811918063314,0.5363128491620112,0.5690875232774674,10.7946875,5f846c64d338b948c4e6941f
,0.2966753815059984,11,1.212121212121211,0.031312545226165014,1,0.6060606060606055,0.03776435045317217,324,-0.24759903215247264,disgust,0.9788519637462235,0.9788519637462235,0.9788519637462235,0.9788519637462235,3.3706875,5e410d092b6c8802f2d85960
,0.27252597513200477,7,1.65745856353591,0.0,1,2.2099447513812134,0.028552210660773035,236,-0.24480158186273426,disgust,0.650137741046832,0.650137741046832,0.650137741046832,0.650137741046832,3.669375,5fb37be748cdda3a922e4ef1
,0.19862205946247904,11,0.4016064257028109,0.03549732837281862,3,0.8032128514056218,0.0,372,-0.24065200968609615,disgust,0.7550200803212851,0.7550200803212851,0.7550200803212851,0.7550200803212851,5.0346875,5f83ead9d338b948c4e69326
,0.20926248054512875,1,1.6949152542372867,0.02195858574123012,10,0.4237288135593217,0.026483050847457612,360,-0.24416370109354002,disgust,0.7690677966101694,0.7690677966101694,0.7690677966101694,0.7690677966101694,4.7786875,5fb4bb3d44697678c497ab86
,0.26633374947981686,1,0.54054054054054,0.02801203370232598,3,3.2432432432432403,0.028012033702325953,319,-0.2411497853913263,disgust,0.8621621621621621,0.8621621621621621,0.8621621621621621,0.8621621621621621,3.7546875,5e4263179329cb02ef38a86d
,0.25201612903225806,9,2.0304568527918763,0.05187846933783219,4,1.0152284263959381,0.013702933604184132,382,-0.22865818222345774,disgust,0.9670886075949368,0.9670886075949368,0.9670886075949368,0.9670886075949368,3.968,5f6bec16f8fac448cc0a5e78
,0.2170138888888889,2,0.4366812227074232,0.027233115468409563,2,2.183406113537116,0.0,421,-0.2414720687488156,disgust,0.9172113289760349,0.9172113289760349,0.9172113289760349,0.9172113289760349,4.608,5e5331ec963e443aee02b765
,0.3043792565536659,2,0.6172839506172834,0.06661733875264908,2,0.6172839506172834,0.03189062298418652,313,-0.24768890543619845,disgust,0.963076923076923,0.963076923076923,0.963076923076923,0.963076923076923,3.285375,5e35ccdc8661d6073410f98b
,0.20032051282051283,2,0.4016064257028109,0.0,27,5.220883534136542,0.03549732837281878,311,-0.2480503792832914,disgust,0.6244979919678715,0.6244979919678715,0.6244979919678715,0.6244979919678715,4.992,5f92292ff8fac448cc0a7ef4
,0.23674242424242423,4,0.9523809523809516,0.06762495233925393,5,1.4285714285714273,0.04198971384718214,370,-0.24358489552907686,disgust,0.8907363420427553,0.8907363420427553,0.8907363420427553,0.8907363420427553,4.224,5e44e00dc38c123b9ec6d2ee
,0.30838617658963435,7,1.886792452830187,0.06423823005781747,6,1.886792452830187,0.06787032945019109,224,-0.24118926242343314,disgust,0.7021943573667712,0.7021943573667712,0.7021943573667712,0.7021943573667712,3.2426875,5e39680fc8c25f16cd146149
,0.1220703125,2,0.24449877750611768,0.022601160540570535,13,1.2224938875305884,0.0,516,-0.24874388285268934,disgust,0.6308068459657702,0.6308068459657702,0.6308068459657702,0.6308068459657702,8.192,5f7844d3111dfd48d40fd5c3
,0.45955882352941174,1,0.9259259259259252,0.0,1,1.8518518518518503,0.0,139,-0.23522268616580946,disgust,0.6435185185185185,0.6435185185185185,0.6435185185185185,0.6435185185185185,2.176,5fb9dcdc44697678c497b171
,0.16505224935268573,1,0.33333333333333304,0.020833333333333315,1,0.33333333333333304,0.009021097956087895,559,-0.22833015894797307,disgust,0.9333333333333333,0.9333333333333333,0.9333333333333333,0.9333333333333333,6.0586875,5fbb878c576e9378b67acc54
,0.18168604651162792,4,0.7299270072992694,0.039436493797105565,4,0.7299270072992694,0.20068422773001118,321,-0.23999432459202558,disgust,0.5846994535519126,0.5846994535519126,0.5846994535519126,0.5846994535519126,5.504,5f8121f0111dfd48d40fd946
,0.2170138888888889,2,0.4366812227074232,0.027233115468409563,1,0.4366812227074232,0.044644870127328394,437,-0.23689257724670978,disgust,0.9520697167755992,0.9520697167755992,0.9520697167755992,0.9520697167755992,4.608,5e355be95807b852d9e08255
,0.2757337101694039,3,0.5617977528089882,0.06064603667958247,1,0.5617977528089882,0.03501400560224088,282,-0.232504534610867,disgust,0.7899159663865546,0.7899159663865546,0.7899159663865546,0.7899159663865546,3.6266875,5f8dae8ed338b948c4e6a307
,0.16983695652173914,1,2.047781569965869,0.0,8,1.3651877133105792,0.0,288,-0.24456472220454115,disgust,0.4906303236797274,0.4906303236797274,0.4906303236797274,0.4906303236797274,5.888,5f9229159e04b149046cdc0f
,0.3167187933013975,1,0.6410256410256404,0.03321939894186095,1,0.6410256410256404,0.04006410256410253,311,-0.24111440868320483,disgust,0.9967948717948718,0.9967948717948718,0.9967948717948718,0.9967948717948718,3.157375,5fbb32a344697678c497b58d
,0.1616373867275501,1,0.6535947712418295,0.008829785927655367,1,0.32679738562091476,0.035319143710621455,422,-0.24519439393359574,disgust,0.6884176182707994,0.6884176182707994,0.6884176182707994,0.6884176182707994,6.1866875,5f60c14954b2361621284b15
,0.17891088001789107,1,0.7220216606498189,0.0225225225225225,9,4.693140794223822,0.022522522522522515,441,-0.24819815234142245,disgust,0.7945945945945946,0.7945945945945946,0.7945945945945946,0.7945945945945946,5.589375,5fbcde8f4c55eb78bd7ceaca
,0.16622340425531915,4,0.33333333333333304,0.020833333333333315,4,0.6666666666666661,0.029462782549439452,508,-0.2465271749221901,disgust,0.8516666666666667,0.8516666666666667,0.8516666666666667,0.8516666666666667,6.016,5f62149fb878131628349d70
,0.4340277777777778,1,2.6315789473684186,0.023636064513767412,1,0.8771929824561395,0.04525961777231708,170,-0.2462152164244015,disgust,0.74235807860262,0.74235807860262,0.74235807860262,0.74235807860262,2.304,5fbb6f6a576e9378b67acbc6
,0.3780182393800501,2,0.7692307692307685,0.07083428859075204,1,3.076923076923074,0.020738156220891712,217,-0.2434885588661732,disgust,0.8314176245210728,0.8314176245210728,0.8314176245210728,0.8314176245210728,2.645375,5fb8cfac576e9378b67ac42a
,0.20740971195976252,2,0.4184100418410038,0.0369825722377901,2,0.4184100418410038,0.026150627615062733,324,-0.24702398976261195,disgust,0.6778242677824268,0.6778242677824268,0.6778242677824268,0.6778242677824268,4.821375,5e4152469306c7039ddcca75
,0.17891088001789107,1,1.4440433212996377,0.01867468913488399,2,0.36101083032490944,0.022522522522522515,378,-0.24801481904546568,disgust,0.6810810810810811,0.6810810810810811,0.6810810810810811,0.6810810810810811,5.589375,5f866e9c111dfd48d40fe07c
,0.16622340425531915,6,0.33333333333333304,0.18362606837296017,3,0.33333333333333304,0.020833333333333315,530,-0.24103835008927246,disgust,0.8833333333333333,0.8833333333333333,0.8833333333333333,0.8833333333333333,6.016,5e3964ff7995ef170fc0fd56
,0.1775568181818182,1,0.35587188612099613,0.03852426173418317,1,0.35587188612099613,0.03852426173418317,360,-0.22077490754003531,disgust,0.6423487544483986,0.6423487544483986,0.6423487544483986,0.6423487544483986,5.632,5e40dc052b6c8802f2d85898
,0.20032051282051283,2,0.4016064257028109,0.02081215355393698,2,0.4016064257028109,0.037123994622864025,414,-0.24600512788646056,disgust,0.8313253012048193,0.8313253012048193,0.8313253012048193,0.8313253012048193,4.992,5e34d8e55807b852d9e06af9
,0.1890113524943592,2,0.38314176245210696,0.010349251957270997,1,1.5325670498084278,0.04139700782908402,416,-0.2445193308911385,disgust,0.8011472275334608,0.8011472275334608,0.8011472275334608,0.8011472275334608,5.2906875,5e535c187bef803b4851df90
,0.11718692779820412,3,0.23529411764706384,0.014705882352941485,5,0.7058823529411915,0.012193473493953909,817,-0.2476606103519292,disgust,0.9611764705882353,0.9611764705882353,0.9611764705882353,0.9611764705882353,8.533375,5e37d2bcee8206179943ca79
,0.15219107589578715,2,0.30769230769230743,0.027154638294414245,1,0.30769230769230743,0.028399000494909805,573,-0.24829306872894596,disgust,0.880184331797235,0.880184331797235,0.880184331797235,0.880184331797235,6.5706875,5e51e0912a2d173b73a03102
,0.15729762677205608,3,0.6329113924050628,0.1027720020313811,2,0.3164556962025314,0.029252767914851707,447,-0.24777099255003834,disgust,0.7072784810126582,0.7072784810126582,0.7072784810126582,0.7072784810126582,6.357375,5f81cb159e04b149046cc595
,0.26633374947981686,1,2.16216216216216,0.0,6,1.6216216216216202,0.0,313,-0.23952242747440028,disgust,0.845945945945946,0.845945945945946,0.845945945945946,0.845945945945946,3.7546875,5e39654dee8206179943d465
,0.2929651737649687,5,1.7751479289940812,0.030664060561717842,2,0.5917159763313604,0.05230079742504045,203,-0.24066813573421858,disgust,0.6005917159763313,0.6005917159763313,0.6005917159763313,0.6005917159763313,3.413375,5e30339d5807b852d9e02e04
,0.1502403846153846,7,0.3012048192771082,0.01560911516545275,7,0.9036144578313245,0.008151594538633605,628,-0.24165256237416285,disgust,0.947289156626506,0.947289156626506,0.947289156626506,0.947289156626506,6.656,5e36a893ee8206179943c292
,0.19695216524286663,4,0.7936507936507929,0.03668204230592516,6,2.7777777777777755,0.035074741130285046,379,-0.2453577981219929,disgust,0.7579365079365079,0.7579365079365079,0.7579365079365079,0.7579365079365079,5.077375,5f8303ac111dfd48d40fdb98
,0.1749054417455563,4,1.7605633802816887,0.03811731530741362,5,0.7042253521126755,0.03811731530741367,491,-0.24495351352869416,disgust,0.8644366197183099,0.8644366197183099,0.8644366197183099,0.8644366197183099,5.717375,5e5288a1c38c123b9ec6dd19
,0.11377373248951149,5,0.4576659038901699,0.011845088536983846,5,0.4576659038901699,0.006185895741317541,577,-0.24533077887105947,disgust,0.6594285714285715,0.6594285714285715,0.6594285714285715,0.6594285714285715,8.789375,5f86e7dd111dfd48d40fe150
,0.16983695652173914,1,0.6825938566552896,0.0,1,2.3890784982935136,0.009220883771129026,490,-0.24941809816175278,disgust,0.8347529812606473,0.8347529812606473,0.8347529812606473,0.8347529812606473,5.888,5e37998705fef317e874bd01
,0.19054878048780488,1,0.7662835249042139,0.039181635541957416,1,2.6819923371647487,0.03380051535308541,481,-0.2421187042381292,disgust,0.9254302103250478,0.9254302103250478,0.9254302103250478,0.9254302103250478,5.248,5fbb634644697678c497b6f3
,0.1802877843758099,2,2.189781021897808,0.009859123449276391,13,2.189781021897808,0.0,423,-0.24150955784594202,disgust,0.7704918032786885,0.7704918032786885,0.7704918032786885,0.7704918032786885,5.5466875,5f901adbd338b948c4e6a696
,0.22977941176470587,1,0.9216589861751144,0.023881226889079756,7,0.9216589861751144,0.0124715639945916,405,-0.24626830619005982,disgust,0.9377880184331797,0.9377880184331797,0.9377880184331797,0.9377880184331797,4.352,5e4270c72b6c8802f2d85c33
,0.14034349069347227,4,0.8474576271186456,0.5802003763012822,13,0.5649717514124304,0.5727018641284543,504,-0.2460807563895259,disgust,0.7108603667136812,0.7108603667136812,0.7108603667136812,0.7108603667136812,7.125375,5f8b7cb0f8fac448cc0a757f
,0.2320522117476432,3,0.938967136150234,0.050704063453421426,3,0.938967136150234,0.047990621518603595,376,-0.24520638309956722,disgust,0.8805620608899297,0.8805620608899297,0.8805620608899297,0.8805620608899297,4.309375,5e435f6b9306c7039ddccebf
,0.15219107589578715,4,0.6153846153846149,0.03147771949069699,4,0.6153846153846149,0.03147771949069699,634,-0.23587603517966738,disgust,0.978494623655914,0.978494623655914,0.978494623655914,0.978494623655914,6.5706875,5f830c179e04b149046cc6ac
,0.2211074720506336,1,3.5874439461883374,0.02318669456344657,5,0.8968609865470843,0.42039419402608763,407,-0.24134281344526176,disgust,0.9105145413870246,0.9105145413870246,0.9105145413870246,0.9105145413870246,4.5226875,5e4899a32a2d173b73a02dd4
,0.27252597513200477,1,1.1049723756906067,0.0,1,0.5524861878453033,0.01491090571254197,361,-0.2367083251153233,disgust,0.9944903581267218,0.9944903581267218,0.9944903581267218,0.9944903581267218,3.669375,5fba18aa576e9378b67ac770
,0.2966753815059984,3,0.6060606060606055,0.06540977369973096,13,1.212121212121211,0.055854227559475146,255,-0.24204306993296112,disgust,0.770392749244713,0.770392749244713,0.770392749244713,0.770392749244713,3.3706875,5e40e9502b6c8802f2d858de
,0.1227087966868625,1,0.24691358024691884,0.012779842749520152,1,0.9876543209876754,0.022796238375076074,720,-0.24680303370572743,disgust,0.8890258939580764,0.8890258939580764,0.8890258939580764,0.8890258939580764,8.149375,5fbe0f8fcb503578af9eec7c
,0.12335494614785633,3,0.24875621890547794,0.025455894892477238,3,0.24875621890547794,0.021959837925048513,662,-0.2486560536301813,disgust,0.8260869565217391,0.8260869565217391,0.8260869565217391,0.8260869565217391,8.1066875,5fb4bcee4c55eb78bd7cda6e
,0.1220703125,13,1.7114914425428238,1.243985146022906,11,1.466992665036706,0.07940330719295145,739,-0.24674387066532458,disgust,0.9058679706601467,0.9058679706601467,0.9058679706601467,0.9058679706601467,8.192,5f83f205d338b948c4e69338
,0.15943877551020408,2,1.5974440894568678,0.028239088705533023,3,0.31948881789137357,0.17292839532436857,497,-0.2469302576817194,disgust,0.7939297124600639,0.7939297124600639,0.7939297124600639,0.7939297124600639,6.272,5f866e67f8fac448cc0a6e5b
,0.19695216524286663,4,0.7936507936507929,0.0,4,2.3809523809523787,0.02056438982115201,422,-0.24045573264496803,disgust,0.8373015873015873,0.8373015873015873,0.8373015873015873,0.8373015873015873,5.077375,5f866e83f8fac448cc0a6e5c
,0.18454653456210568,2,0.37313432835820864,0.0100982439806954,2,0.37313432835820864,0.019336665055710096,388,-0.2429762245852496,disgust,0.7238805970149254,0.7238805970149254,0.7238805970149254,0.7238805970149254,5.4186875,5fba210fcb503578af9ee0ca
,0.20032051282051283,3,0.4016064257028109,0.041148585117356896,3,0.4016064257028109,0.037123994622864025,447,-0.24551754767609607,disgust,0.9036144578313253,0.9036144578313253,0.9036144578313253,0.9036144578313253,4.992,5fb8807144697678c497adab
,0.2391557800962602,4,0.9661835748792261,0.013042551261813806,10,2.4154589371980655,0.013042551261813804,345,-0.24579940064219832,disgust,0.8313253012048193,0.8313253012048193,0.8313253012048193,0.8313253012048193,4.181375,5fb4bccf44697678c497ab8b
,0.24933381122313816,1,2.0304568527918763,0.026239120176862318,8,2.0304568527918763,0.04680442866376274,383,-0.2412706958459705,disgust,0.9696202531645569,0.9696202531645569,0.9696202531645569,0.9696202531645569,4.0106875,5f92a5a99e04b149046cdccd
,0.1749054417455563,18,0.7042253521126755,1.0928441036914722,3,0.7042253521126755,0.0,377,-0.24368852166845464,disgust,0.6637323943661971,0.6637323943661971,0.6637323943661971,0.6637323943661971,5.717375,5f65691fd338b948c4e68094
,0.22977941176470587,10,2.304147465437786,0.6485213277187611,1,0.4608294930875572,0.023881226889079756,314,-0.23180459622381427,disgust,0.7235023041474654,0.7235023041474654,0.7235023041474654,0.7235023041474654,4.352,5f696e39111dfd48d40fcde6
,0.33481909305878166,6,2.0547945205479436,0.03537355791761302,6,1.369863013698629,0.06033334310465418,243,-0.24569678501562273,disgust,0.8293515358361775,0.8293515358361775,0.8293515358361775,0.8293515358361775,2.9866875,5e32e3bd5807b852d9e041ed
,0.1775568181818182,1,0.35587188612099613,0.02224199288256226,1,0.35587188612099613,0.009631065433545796,211,-0.2454719376260594,disgust,0.37544483985765126,0.37544483985765126,0.37544483985765126,0.37544483985765126,5.632,5f8cc34c111dfd48d40fea80
,0.21114864864864866,1,0.4237288135593217,0.03745268968149082,1,0.4237288135593217,0.039168960428360766,407,-0.24252130198537994,disgust,0.8622881355932204,0.8622881355932204,0.8622881355932204,0.8622881355932204,4.736,5fba1a9ecb503578af9ee07b
,0.2757337101694039,1,0.5617977528089882,0.051786412667188475,1,0.5617977528089882,0.051786412667188475,329,-0.24900886293721602,disgust,0.9215686274509803,0.9215686274509803,0.9215686274509803,0.9215686274509803,3.6266875,5e355a145807b852d9e081f7
,0.21114864864864866,2,0.4237288135593217,0.011467497401806649,1,0.4237288135593217,0.026483050847457612,308,-0.24533141916442053,disgust,0.663135593220339,0.663135593220339,0.663135593220339,0.663135593220339,4.736,5f8c1a09111dfd48d40fe86f
,0.23674242424242423,5,1.4285714285714273,0.0246186519474124,1,1.4285714285714273,0.0,291,-0.2430024521975457,disgust,0.6935866983372921,0.6935866983372921,0.6935866983372921,0.6935866983372921,4.224,5e40b9760b3f160367c2052d
,0.2320522117476432,3,0.469483568075117,0.029274004683840726,3,0.469483568075117,0.047990621518603595,320,-0.24451475413937684,disgust,0.7494145199063232,0.7494145199063232,0.7494145199063232,0.7494145199063232,4.309375,5fbdb30dcb503578af9eea39
,0.28582146876507264,1,0.5813953488372088,0.0,1,3.4883720930232527,0.030129222296106428,233,-0.24155285940277885,disgust,0.6831395348837209,0.6831395348837209,0.6831395348837209,0.6831395348837209,3.4986875,5f9800149e04b149046ce0a4
,0.11268002394450509,5,0.4535147392290346,0.0,5,0.4535147392290346,0.006136801330672186,767,-0.24427475835399642,disgust,0.8696145124716553,0.8696145124716553,0.8696145124716553,0.8696145124716553,8.8746875,5e36f6fbdbc4b7182a6a97c4
,0.2253584608017127,1,0.45454545454545414,0.0,1,1.8181818181818166,0.012301497212847129,425,-0.24784543509016443,disgust,0.9659090909090909,0.9659090909090909,0.9659090909090909,0.9659090909090909,4.437375,5fbbc6e644697678c497b89d
,0.16276041666666666,3,0.6535947712418295,0.033429029997461245,3,0.6535947712418295,0.0334290299974612,592,-0.23116350201561464,disgust,0.9690048939641109,0.9690048939641109,0.9690048939641109,0.9690048939641109,6.144,5e37e15cc8c25f16cd14580d
,0.12948860095659703,1,0.2610966057441309,0.013530616801384916,1,0.2610966057441309,0.007066134169259609,719,-0.24808628195383484,disgust,0.9386422976501305,0.9386422976501305,0.9386422976501305,0.9386422976501305,7.7226875,5fbdd64144697678c497be3f
,0.09931102973123952,4,0.3992015968063957,0.01033345211352029,4,0.19960079840319786,0.020430703278608357,947,-0.24192293051507466,disgust,0.9441674975074775,0.9441674975074775,0.9441674975074775,0.9441674975074775,10.069375,5e3501065807b852d9e071e8
,0.14034349069347227,1,0.5649717514124304,0.017630465444287757,7,1.1299435028248608,0.014618409689507212,661,-0.24418906163493345,disgust,0.9337094499294781,0.9337094499294781,0.9337094499294781,0.9337094499294781,7.125375,5f5b6a952e23c7161acccf28
,0.2320522117476432,8,1.408450704225351,0.02927400468384067,17,4.2253521126760525,0.0242727224118517,425,-0.23724994483868006,disgust,0.9976580796252927,0.9976580796252927,0.9976580796252927,0.9976580796252927,4.309375,5e3114425807b852d9e0307b
,0.2547527306308315,1,1.0309278350515454,0.02664383668344632,1,0.5154639175257727,0.03213367609254497,341,-0.24211310236695058,disgust,0.8817480719794345,0.8817480719794345,0.8817480719794345,0.8817480719794345,3.925375,5f6410d8639e10419832eb9f
,0.14034349069347227,1,0.2824858757062152,0.030536861910593804,1,0.2824858757062152,0.026075810045396813,653,-0.23796589143560642,disgust,0.921015514809591,0.921015514809591,0.921015514809591,0.921015514809591,7.125375,5fb9f1d344697678c497b221
,0.11488970588235294,3,0.46082949308756743,0.021274740301710806,2,0.23041474654378372,0.02491442473488082,507,-0.24438499433118627,disgust,0.5834292289988493,0.5834292289988493,0.5834292289988493,0.5834292289988493,8.704,5e37f7b305fef317e874c2bb
,0.2693965517241379,2,0.54054054054054,0.05851522998543497,2,0.54054054054054,0.05538377132011819,313,-0.24759832493287423,disgust,0.8540540540540541,0.8540540540540541,0.8540540540540541,0.8540540540540541,3.712,5fb4b1e2cb503578af9ed8d5
,0.16740954652939083,1,0.33670033670033644,0.03449830873475377,2,0.33670033670033644,0.03449830873475377,352,-0.24844557558786812,disgust,0.5925925925925926,0.5925925925925926,0.5925925925925926,0.5925925925925926,5.973375,5f68c5a9f8fac448cc0a5b89
,0.20032051282051283,7,1.6064257028112436,0.03549732837281862,8,1.6064257028112436,0.04347517087271275,414,-0.24318874072870128,disgust,0.8313253012048193,0.8313253012048193,0.8313253012048193,0.8313253012048193,4.992,5f86e0059e04b149046ccc31
,0.12533389733587133,2,0.2525252525252579,0.013086429886187937,8,1.0101010101010317,0.013086429886187937,646,-0.23890103076204078,disgust,0.8156565656565656,0.8156565656565656,0.8156565656565656,0.8156565656565656,7.9786875,5f8da6bbf8fac448cc0a79b3
,0.18601190476190474,1,0.37313432835820864,0.04039297592278162,3,0.37313432835820864,0.18945985085438324,520,-0.24683116030957603,disgust,0.9701492537313433,0.9701492537313433,0.9701492537313433,0.9701492537313433,5.376,5e3681fbc8c25f16cd144d30
,0.2633398071035913,1,1.5957446808510625,0.0,1,0.5319148936170208,0.04701507853633956,173,-0.23433480458085248,disgust,0.4601063829787234,0.4601063829787234,0.4601063829787234,0.4601063829787234,3.797375,5fb9c71fcb503578af9ede9c
,0.2211074720506336,2,0.8968609865470843,0.0,3,0.8968609865470843,0.039547359126764374,443,-0.24455033629543727,disgust,0.9955257270693513,0.9955257270693513,0.9955257270693513,0.9955257270693513,4.5226875,5e410c032b6c8802f2d8595d
,0.33481909305878166,6,2.0547945205479436,0.03537355791761294,6,2.0547945205479436,0.06993855081380115,276,-0.24694028192327755,disgust,0.9522184300341296,0.9522184300341296,0.9522184300341296,0.9522184300341296,2.9866875,5f83b013f8fac448cc0a6a46
,0.3125,1,3.773584905660374,0.0,1,1.2578616352201246,0.0,318,-0.24635923803690316,disgust,0.9968652037617555,0.9968652037617555,0.9968652037617555,0.9968652037617555,3.2,5fb9fffc44697678c497b27b
,0.14034349069347227,13,0.2824858757062152,0.026075810045396813,1,0.2824858757062152,0.0,422,-0.2470247705235528,disgust,0.5952045133991537,0.5952045133991537,0.5952045133991537,0.5952045133991537,7.125375,5f8e160af8fac448cc0a7a02
,0.3498108834911126,3,1.4285714285714273,0.0,3,1.4285714285714273,0.40178571428571397,185,-0.2441841736563493,disgust,0.6607142857142857,0.6607142857142857,0.6607142857142857,0.6607142857142857,2.8586875,5e397c2f7995ef170fc0fe25
,0.1921091179790121,2,0.38759689922480584,0.03419278439006514,2,0.38759689922480584,0.0,406,-0.24371839386694694,disgust,0.7911025145067698,0.7911025145067698,0.7911025145067698,0.7911025145067698,5.205375,5f64b9729e04b149046cb4ea
,0.08680555555555555,5,0.5217391304347938,0.009012567365096398,5,0.34782608695652917,0.009012567365096372,853,-0.24511543461736585,disgust,0.7443478260869565,0.7443478260869565,0.7443478260869565,0.7443478260869565,11.52,5e481ed0f2fe7a3b1d544c52
,0.27252597513200477,1,0.5524861878453033,0.0,2,1.1049723756906067,0.05964362285016788,311,-0.245920875986639,disgust,0.8567493112947658,0.8567493112947658,0.8567493112947658,0.8567493112947658,3.669375,5e516b682a2d173b73a030dd
,0.13950892857142858,4,0.5602240896358555,0.028660133410410894,2,0.28011204481792773,0.014495737720084815,566,-0.24507046161133159,disgust,0.7916083916083916,0.7916083916083916,0.7916083916083916,0.7916083916083916,7.168,5e490305f2fe7a3b1d544dbd
,0.09931102973123952,1,1.5968063872255829,0.010333452113520285,8,0.7984031936127914,0.01843245196628784,1001,-0.23983816272256084,disgust,0.9980059820538385,0.9980059820538385,0.9980059820538385,0.9980059820538385,10.069375,5e37e2a005fef317e874c13a
,0.14118934373428166,4,1.139601139601141,0.02919087662171479,4,0.5698005698005705,0.007710340133408469,566,-0.24820122516734408,disgust,0.8062678062678063,0.8062678062678063,0.8062678062678063,0.8062678062678063,7.0826875,5f853baa111dfd48d40fde50
,0.2757337101694039,9,2.8089887640449414,0.2891306821588538,11,2.8089887640449414,0.029032079747508648,256,-0.23666771286576985,disgust,0.7170868347338936,0.7170868347338936,0.7170868347338936,0.7170868347338936,3.6266875,5e3846c633e9ad176cc9b776
,0.1953125,1,0.39215686274509765,0.010592287228283238,1,1.176470588235293,0.0,476,-0.24470996726164654,disgust,0.9315068493150684,0.9315068493150684,0.9315068493150684,0.9315068493150684,5.12,5e365b8ac8c25f16cd144bb3
,0.23674242424242423,1,0.4761904761904758,0.0,2,0.4761904761904758,0.029691211401425166,328,-0.24004002844173486,disgust,0.7862232779097387,0.7862232779097387,0.7862232779097387,0.7862232779097387,4.224,5f8e8cde111dfd48d40fecfc
,0.3043792565536659,4,0.6172839506172834,0.06661733875264908,1,0.6172839506172834,0.05439282932204206,287,-0.24896280577191837,disgust,0.8830769230769231,0.8830769230769231,0.8830769230769231,0.8830769230769231,3.285375,5f9014589e04b149046cda46
,0.2253584608017127,11,2.727272727272725,0.04201761209587797,4,0.9090909090909083,0.049205988851388514,367,-0.24405799226581917,disgust,0.8409090909090909,0.8409090909090909,0.8409090909090909,0.8409090909090909,4.437375,5f86bef1f8fac448cc0a6ee5
,0.21114864864864866,16,1.6949152542372867,0.021958585741230125,13,1.271186440677965,0.03916896042836079,322,-0.2383593416083795,disgust,0.6822033898305084,0.6822033898305084,0.6822033898305084,0.6822033898305084,4.736,5e448d0448600202f727025f
,0.1483376907529992,1,0.5970149253731337,0.0,1,1.4925373134328344,0.015469332044568082,270,-0.2489913526203043,disgust,0.40298507462686567,0.40298507462686567,0.40298507462686567,0.40298507462686567,6.741375,5e38a05e7995ef170fc0f96b
,0.1775568181818182,7,2.1352313167259767,0.032896351107093075,38,6.40569395017793,2.732027317741732,531,-0.22794399341969557,disgust,0.9448398576512456,0.9448398576512456,0.9448398576512456,0.9448398576512456,5.632,5e45e2208849ac3aacea4f92
,0.2966753815059984,1,1.8181818181818166,0.03776435045317217,1,1.8181818181818166,0.031312545226165,274,-0.2474362002040505,disgust,0.8277945619335347,0.8277945619335347,0.8277945619335347,0.8277945619335347,3.3706875,5fbb438e4c55eb78bd7ce471
,0.20032051282051283,1,1.6064257028112436,0.025100401606425682,1,0.4016064257028109,0.02081215355393698,469,-0.24406499639813134,disgust,0.9417670682730924,0.9417670682730924,0.9417670682730924,0.9417670682730924,4.992,5e355bc35807b852d9e0824c
,0.08911563868064297,5,0.35778175313059796,0.009270529937263725,1,0.7155635062611959,0.004841376362837976,805,-0.24459950412731163,disgust,0.7200357781753131,0.7200357781753131,0.7200357781753131,0.7200357781753131,11.221375,5e48e812f2fe7a3b1d544d7f
,0.09889240506329114,10,1.1881188118812136,0.01750264309867733,21,1.1881188118812136,0.020289104344994195,543,-0.24321413112534357,disgust,0.5376237623762377,0.5376237623762377,0.5376237623762377,0.5376237623762377,10.112,5e49d0012a2d173b73a02ffa
,0.15521472987786541,4,0.6269592476489022,0.02893231505819449,4,1.5673981191222555,0.48904538341158016,518,-0.24286584666047037,disgust,0.810641627543036,0.810641627543036,0.810641627543036,0.810641627543036,6.4426875,5f8bc5c9d338b948c4e69f10
,0.25201612903225806,1,1.0152284263959381,0.34257334010460355,1,0.5076142131979691,0.03164556962025314,380,-0.23861216696432988,disgust,0.9620253164556962,0.9620253164556962,0.9620253164556962,0.9620253164556962,3.968,5f85c344f8fac448cc0a6dd5
,0.16389748212493085,1,1.6501650165016484,0.008931780154542466,10,2.310231023102308,0.030507837165323844,604,-0.24220092595634973,disgust,0.9966996699669967,0.9966996699669967,0.9966996699669967,0.9966996699669967,6.101375,5e48092fc38c123b9ec6d7ba
,0.2391557800962602,3,0.48309178743961306,0.04454879354743681,1,4.347826086956518,0.0,400,-0.24228862696132186,disgust,0.963855421686747,0.963855421686747,0.963855421686747,0.963855421686747,4.181375,5f6b42e2f8fac448cc0a5def
,0.12533389733587133,9,0.2525252525252579,0.013086429886187946,3,0.2525252525252579,0.027336660472994233,449,-0.24813706463034552,disgust,0.5669191919191919,0.5669191919191919,0.5669191919191919,0.5669191919191919,7.9786875,5f8ac7e8f8fac448cc0a74cc
,0.20032051282051283,5,0.8032128514056218,0.03712399462286404,7,2.0080321285140545,0.020812153553936973,409,-0.239413331296223,disgust,0.6947791164658634,0.821285140562249,0.6947791164658634,0.7959839357429719,4.992,5fbdd2c844697678c497be15
,0.2757337101694039,1,2.247191011235953,0.0,9,2.8089887640449414,0.01516150916989558,321,-0.23752841453896845,disgust,0.907563025210084,0.907563025210084,0.907563025210084,0.907563025210084,3.6266875,5e36d09dc8c25f16cd14508e
,0.30838617658963435,10,3.1446540880503115,0.05795532702879704,2,3.1446540880503115,1.0180549417528657,301,-0.24687407082664312,disgust,0.9592476489028213,0.9592476489028213,0.9592476489028213,0.9592476489028213,3.2426875,5f8afae5111dfd48d40fe7b0
,0.18168604651162792,1,0.3649635036496347,0.0373260389589139,1,0.7299270072992694,0.018878784098106775,371,-0.2294997768796055,disgust,0.6757741347905283,0.6757741347905283,0.6757741347905283,0.6757741347905283,5.504,5fb37b61e3dcec421f835819
,0.6510416666666666,1,1.3157894736842093,0.03560959719508378,2,1.3157894736842093,0.06818718730171454,128,-0.24598404010320102,disgust,0.8421052631578947,0.8421052631578947,0.8421052631578947,0.8421052631578947,1.536,5e357d645807b852d9e084c3
,0.12081124752714478,7,0.2427184466019469,0.022436588983236284,6,0.7281553398058407,0.015169902912621713,371,-0.2428030594037887,disgust,0.45024271844660196,0.45024271844660196,0.45024271844660196,0.45024271844660196,8.277375,5e433ec9189842034d9f76b9
,0.21114864864864866,5,0.8474576271186434,0.0,16,1.6949152542372867,0.8209745762711856,396,-0.24635130362405455,disgust,0.8389830508474576,0.8389830508474576,0.8389830508474576,0.8389830508474576,4.736,5f6c1fe2d338b948c4e6870c
,0.15318627450980393,8,1.2307692307692297,0.015920817926053144,32,3.9999999999999964,1.6933793882573704,468,-0.2409575050224479,disgust,0.7188940092165899,0.7188940092165899,0.7188940092165899,0.7188940092165899,6.528,5f8471a7d338b948c4e6942c
,0.1060515675747332,1,0.21321961620469537,0.018826059137022438,1,1.0660980810234768,0.00576427984414575,896,-0.24903901499323014,disgust,0.9574014909478168,0.9574014909478168,0.9574014909478168,0.9574014909478168,9.429375,5fbe0699cb503578af9eec0d
,0.2467079902550344,1,1.4925373134328348,0.0,1,0.4975124378109449,0.025782220074280136,322,-0.2472349034966166,disgust,0.8084577114427861,0.8084577114427861,0.8084577114427861,0.8084577114427861,4.053375,5fbb6453cb503578af9ee472
,0.1512087247434177,5,0.6079027355623096,0.031142850134412946,14,2.1276595744680833,0.01575144752258462,631,-0.24367680831407404,disgust,0.958966565349544,0.958966565349544,0.958966565349544,0.958966565349544,6.613375,5e36582605fef317e874b447
,0.09847668872134174,5,0.3960396039604045,0.017502643098677287,1,0.19801980198020225,0.017502643098677297,975,-0.2482582530728247,disgust,0.9673267326732673,0.9673267326732673,0.9673267326732673,0.9673267326732673,10.1546875,5fbe0739cb503578af9eec13
,0.14204545454545456,1,0.28490028490028524,0.007710340133408474,5,0.28490028490028524,0.6400820799745558,652,-0.2358541369488806,disgust,0.9316239316239316,0.9316239316239316,0.9316239316239316,0.9316239316239316,7.04,5e29aeb55807b852d9e01c4d
,0.28935185185185186,14,4.069767441860462,0.06293789271689226,1,1.7441860465116263,0.030129222296106428,129,-0.23181461373885406,disgust,0.375,0.375,0.375,0.375,3.456,5fbb4833576e9378b67aca31
,0.1483376907529992,9,0.29850746268656686,0.42008694959692877,6,0.8955223880597005,0.02638458138755774,623,-0.24980617542093375,disgust,0.9313432835820895,0.9313432835820895,0.9313432835820895,0.9313432835820895,6.741375,5fbe06d2576e9378b67ad32c
,0.2929651737649687,2,0.5917159763313604,0.0,2,0.5917159763313604,0.016013783354002203,269,-0.24679261180307757,disgust,0.7958579881656804,0.7958579881656804,0.7958579881656804,0.7958579881656804,3.413375,5e42ae3b2b6c8802f2d85d24
,0.20204571284253062,5,1.2244897959183665,0.025458248472505107,1,1.6326530612244885,0.0,206,-0.2443084114083542,disgust,0.4195519348268839,0.4195519348268839,0.4195519348268839,0.4195519348268839,4.949375,5e2ad8e65807b852d9e02119
,0.0819491607893753,2,0.16474464579901504,0.008537440255239571,6,2.9654036243822706,0.004458532762481757,747,-0.2408795840547512,disgust,0.6153212520593081,0.6153212520593081,0.6153212520593081,0.6153212520593081,12.2026875,5e484c7ac38c123b9ec6d8cc
,0.2320522117476432,1,0.469483568075117,0.04329683682010838,3,0.938967136150234,0.01267601586335538,415,-0.24536168082532903,disgust,0.9718969555035128,0.9718969555035128,0.9718969555035128,0.9718969555035128,4.309375,5f6385a33bd6941613f6d769
,0.36057150583675124,4,1.4598540145985388,0.07478830433738591,11,3.6496350364963472,0.01975422910092233,225,-0.24047343751871533,disgust,0.8321167883211679,0.8321167883211679,0.8321167883211679,0.8321167883211679,2.773375,5f5edf2854b236162128499a
,0.3780182393800501,10,3.8461538461538423,0.0,3,1.538461538461537,0.04789272030651337,166,-0.24431986609616324,disgust,0.6360153256704981,0.6360153256704981,0.6360153256704981,0.6360153256704981,2.645375,5e5302e1963e443aee02b741
,0.23437385559640825,1,0.4761904761904758,0.02461865194741239,2,0.4761904761904758,0.05142668668553669,224,-0.24349001233687156,disgust,0.5320665083135392,0.5320665083135392,0.5320665083135392,0.5320665083135392,4.2666875,5f7154f29e04b149046cbf6e
,0.3255208333333333,1,0.6535947712418295,0.0669673051909926,3,0.6535947712418295,0.017688427364878228,231,-0.24811041367946735,disgust,0.7549019607843137,0.7549019607843137,0.7549019607843137,0.7549019607843137,3.072,5f60347a2e23c7161accd2ac
,0.2253584608017127,3,0.45454545454545414,0.0,3,0.9090909090909083,0.023555573795137758,350,-0.23772770002948262,disgust,0.7954545454545454,0.7954545454545454,0.7954545454545454,0.7954545454545454,4.437375,5fbe2a9a4c55eb78bd7cee19
,0.1455736511691384,9,0.29325513196480935,0.007924829829652556,2,0.29325513196480935,0.031699319318610496,608,-0.24763744568044888,disgust,0.8975109809663251,0.8975109809663251,0.8975109809663251,0.8975109809663251,6.869375,5f9379f1111dfd48d40ff309
,0.2170138888888889,3,0.8733624454148464,0.038513441241097325,3,0.8733624454148464,0.027233115468409563,435,-0.23281112808415133,disgust,0.9586056644880174,0.9586056644880174,0.9586056644880174,0.9586056644880174,4.608,5e36d2887995ef170fc0ecfd
,0.17891088001789107,1,1.0830324909747282,0.0,6,2.1660649819494564,0.03185165681020483,451,-0.2415864327816922,disgust,0.8126126126126126,0.8126126126126126,0.8126126126126126,0.8126126126126126,5.589375,5e429f900b3f160367c20a14
,0.2757337101694039,1,1.1235955056179765,0.0,1,0.5617977528089882,0.02903207974750874,274,-0.23640068636493944,disgust,0.7675070028011205,0.7675070028011205,0.7675070028011205,0.7675070028011205,3.6266875,5fbb7fcc4c55eb78bd7ce674
,0.2467079902550344,11,2.4875621890547244,0.053857301230375534,6,0.9950248756218898,0.04598942617459271,363,-0.24252595702124252,disgust,0.9029850746268657,0.9029850746268657,0.9029850746268657,0.9029850746268657,4.053375,5e37f7fd7995ef170fc0f645
,0.17891088001789107,4,0.7220216606498189,0.03901015332362335,6,1.0830324909747282,0.009752538330905837,430,-0.24150995138014192,disgust,0.6936936936936937,0.7747747747747747,0.6936936936936937,0.7506306306306306,5.589375,5fbcc6494c55eb78bd7cea3a
,0.1227087966868625,6,0.4938271604938377,0.015413070283600838,3,0.24691358024691884,0.025267565213864602,797,-0.2428276557813324,disgust,0.9827373612823674,0.9827373612823674,0.9827373612823674,0.9827373612823674,8.149375,5e425be59329cb02ef38a863
,0.187498535167694,1,0.37735849056603743,0.01955557069785022,1,2.2641509433962246,0.01955557069785022,404,-0.24402272959805832,disgust,0.7622641509433963,0.7622641509433963,0.7622641509433963,0.7622641509433963,5.333375,5e464a7c963e443aee02b108
,0.1483376907529992,1,0.29850746268656686,0.008078595184556319,1,2.6865671641791016,0.015469332044568082,602,-0.24765418284561963,disgust,0.9,0.9,0.9,0.9,6.741375,5fbc6aad4c55eb78bd7ce7b6
,0.18168604651162792,6,1.094890510948904,0.0,2,3.6496350364963472,0.03732603895891391,378,-0.2347532060183163,disgust,0.6885245901639344,0.6885245901639344,0.6885245901639344,0.6885245901639344,5.504,5f42616f9dd513131eacf067
,0.024087860471068222,3,0.04823926676314623,0.0024998679377377852,2,0.04823926676314623,0.0024998679377377818,4045,-0.24790953713103653,disgust,0.9756391702846117,0.9756391702846117,0.9756391702846117,0.9756391702846117,41.5146875,5e3519725807b852d9e07760
,0.18310407177679613,1,0.36900369003690003,0.034047420482847666,1,1.8450184501845002,0.009968064039876122,411,-0.24020237920927015,disgust,0.7624309392265194,0.7624309392265194,0.7624309392265194,0.7624309392265194,5.461375,5fba34b044697678c497b3a8
,0.34466416785144977,3,0.6993006993006987,0.0,25,4.195804195804192,0.036239344300212445,256,-0.24377104243297784,disgust,0.8951048951048951,0.8951048951048951,0.8951048951048951,0.8951048951048951,2.901375,5e43d99b9306c7039ddccfc0
,0.10058970715821502,23,0.20202020202020632,0.0,3,0.20202020202020632,0.010469143908950351,686,-0.24788323848949018,disgust,0.692929292929293,0.692929292929293,0.692929292929293,0.692929292929293,9.941375,5f8f840f111dfd48d40fee95
,0.22754746497902298,1,0.9216589861751144,0.028801843317972323,5,1.8433179723502289,0.012471563994591504,371,-0.23462732849066814,disgust,0.8548387096774194,0.8548387096774194,0.8548387096774194,0.8548387096774194,4.3946875,5e441245189842034d9f78e8
,0.244140625,4,0.49019607843137214,0.05022547889324449,2,0.49019607843137214,0.15527830064884557,396,-0.22602202148409933,disgust,0.9705882352941176,0.9705882352941176,0.9705882352941176,0.9705882352941176,4.096,5e2ffe165807b852d9e02cb4
,0.44220883312144155,1,5.405405405405401,0.0,6,2.7027027027027004,0.07927206067113753,204,-0.23369372232052693,disgust,0.9147982062780269,0.9147982062780269,0.9147982062780269,0.9147982062780269,2.261375,5fbe0d3a44697678c497bf2f
,0.2929651737649687,3,1.1834319526627208,0.0306640605617178,3,0.5917159763313604,0.0306640605617178,294,-0.22829696888123913,disgust,0.8698224852071006,0.8698224852071006,0.8698224852071006,0.8698224852071006,3.413375,5e4180922b6c8802f2d85aca
,0.3972391876458613,1,0.8064516129032251,0.0,1,3.2258064516129004,0.04179214705588958,243,-0.24542661900407894,neutral,1.0,1.0,1.0,1.0,2.517375,5fbe0aa9cb503578af9eec42
,0.11777609292533732,11,1.1876484560570324,0.0,10,0.475059382422813,0.3338769350295949,677,-0.2454518142722443,disgust,0.8030842230130486,0.8030842230130486,0.8030842230130486,0.8030842230130486,8.4906875,5f9928bad338b948c4e6aeaa
,0.1455736511691384,5,0.29325513196480935,0.2852938738674944,6,0.879765395894428,0.007924829829652605,575,-0.23981488394420025,disgust,0.8418740849194729,0.8418740849194729,0.8418740849194729,0.8418740849194729,6.869375,5e36dcea33e9ad176cc9abb0
,0.16740954652939083,4,0.6734006734006729,0.03112415710805772,3,0.6734006734006729,0.03449830873475377,538,-0.24558973236616205,neutral,0.9057239057239057,0.9057239057239057,0.9057239057239057,0.9057239057239057,5.973375,5fb9ffa94c55eb78bd7ce142
,0.2633398071035913,3,0.5319148936170208,0.2546800772281341,1,0.5319148936170208,0.027565033164522915,372,-0.24947868192681547,neutral,0.9973404255319149,0.9973404255319149,0.9973404255319149,0.9973404255319149,3.797375,5f60373ab878131628349bef
,0.12019230769230768,11,1.2048192771084594,0.3934983323285739,24,2.6506024096386107,0.7064982801263395,706,-0.23465222082190595,neutral,0.8506024096385543,0.8506024096385543,0.8506024096385543,0.8506024096385543,8.32,5f98ad0c9e04b149046ce1b5
,0.18168604651162792,1,0.3649635036496347,0.009859123449276391,1,1.8248175182481736,0.0,455,-0.2457785430943183,neutral,0.8342440801457195,0.8342440801457195,0.8342440801457195,0.8342440801457195,5.504,5fbcdd4c4c55eb78bd7ceac3
,0.12600806451612903,2,0.2525252525252579,0.0258737315510659,8,1.0101010101010317,0.02733666047299423,544,-0.24812971904344852,neutral,0.6931818181818182,0.6931818181818182,0.6931818181818182,0.6931818181818182,7.936,5f66fadd9e04b149046cb6dd
,0.30838617658963435,2,1.2578616352201246,0.05795532702879712,2,2.5157232704402492,0.03918495297805641,309,-0.24902903764748796,neutral,0.9780564263322884,0.9780564263322884,0.9780564263322884,0.9780564263322884,3.2426875,5f60924cb878131628349c3a
,0.12877678154628722,3,0.2590673575129589,0.016170763260026227,3,0.2590673575129589,0.028008583563533557,697,-0.24112941896439372,neutral,0.9016817593790427,0.9016817593790427,0.9016817593790427,0.9016817593790427,7.765375,5f69a9339e04b149046cb992
,0.16861451560211188,4,0.6825938566552896,0.030115280289035228,10,0.3412969283276448,0.03490970253567924,435,-0.24845678367482008,neutral,0.7410562180579217,0.7410562180579217,0.7410562180579217,0.7410562180579217,5.9306875,5f77d970f8fac448cc0a636d
,0.22977941176470587,1,0.9216589861751144,0.012471563994591565,4,0.9216589861751144,0.012471563994591553,313,-0.24512492175712777,neutral,0.7211981566820277,0.7211981566820277,0.7211981566820277,0.7211981566820277,4.352,5fbcdfc8cb503578af9ee9d9
,0.03343433288057674,1,0.06697923643670604,0.007248287611185613,1,0.06697923643670604,0.007248287611185613,2732,-0.2418053164590941,disgust,0.9146300636089723,0.9146300636089723,0.9146300636089723,0.9146300636089723,29.909375,5e38b759ee8206179943d0a8
,0.13469827586206895,7,0.8108108108108192,0.02765451469425638,4,0.5405405405405461,0.0,596,-0.2471946018668195,neutral,0.8043184885290149,0.8043184885290149,0.8043184885290149,0.8043184885290149,7.424,5f88720dd338b948c4e69b0e
,0.1749054417455563,2,0.3521126760563377,0.03811731530741365,2,0.3521126760563377,0.03254885444046881,324,-0.23033451781461806,neutral,0.5704225352112676,0.5704225352112676,0.5704225352112676,0.5704225352112676,5.717375,5fb9e8edcb503578af9edf6d
,0.1953125,1,1.176470588235293,0.010592287228283238,9,1.176470588235293,0.010592287228283238,507,-0.2469897625151598,neutral,0.9921722113502935,0.9921722113502935,0.9921722113502935,0.9921722113502935,5.12,5fbdbc68576e9378b67ad1dd
,0.10952077814512871,4,0.4415011037527688,0.013781697905182216,8,0.8830022075055376,0.020383406088408707,635,-0.24499339504637527,neutral,0.7001102535832414,0.7001102535832414,0.7001102535832414,0.7001102535832414,9.1306875,5f5d81023bd6941613f6d21d
,0.2929651737649687,1,0.5917159763313604,0.054697483201734565,1,0.5917159763313604,0.06062720529125365,272,-0.24783504805362294,neutral,0.8047337278106509,0.8047337278106509,0.8047337278106509,0.8047337278106509,3.413375,5fb8923d44697678c497ae2d
,0.1775568181818182,14,0.35587188612099613,0.5008154025443813,7,2.846975088967969,0.018442086245303555,409,-0.24741133798545673,neutral,0.7277580071174378,0.7277580071174378,0.7277580071174378,0.7277580071174378,5.632,5f6ad36fd338b948c4e685e3
,0.1273773793696412,5,0.5141388174807308,0.02630551397746363,4,0.5141388174807308,0.006948214086845777,728,-0.24556298491237166,neutral,0.9345314505776636,0.9345314505776636,0.9345314505776636,0.9345314505776636,7.8506875,5f6b0100111dfd48d40fcfa4
,0.24933381122313816,1,1.0152284263959381,0.026239120176862318,10,2.538071065989845,0.05481173441673653,360,-0.24446924830435984,neutral,0.9189873417721519,0.9189873417721519,0.9189873417721519,0.9189873417721519,4.0106875,5f68299c9e04b149046cb801
,0.13950892857142858,14,1.960784313725494,0.0,3,1.6806722689075664,0.02585699205900187,579,-0.24588903864739486,neutral,0.8097902097902098,0.8097902097902098,0.8097902097902098,0.8097902097902098,7.168,5f780a499e04b149046cc0a3
,0.15521472987786541,2,0.3134796238244511,0.033882058051034336,2,0.3134796238244511,0.03206885037315138,346,-0.24783746989758595,neutral,0.5414710485133021,0.5414710485133021,0.5414710485133021,0.5414710485133021,6.4426875,5fbb591acb503578af9ee438
,0.11107794200342953,10,0.894854586129773,0.01975158606666375,1,0.22371364653244324,0.02419065373699601,556,-0.24679388671727906,neutral,0.6212290502793296,0.6212290502793296,0.6212290502793296,0.6212290502793296,9.0026875,5f8cd156d338b948c4e6a163
,0.1512087247434177,3,0.3039513677811548,0.032903700751688345,1,0.6079027355623096,0.16451850375844185,502,-0.2422490701466465,neutral,0.7674772036474165,0.7674772036474165,0.7674772036474165,0.7674772036474165,6.613375,5f7087f0d338b948c4e68a3d
,0.13868303126435585,1,1.4005602240896387,0.0,4,0.5602240896358555,0.02472401332820099,410,-0.2488078502821415,neutral,0.5734265734265734,0.5734265734265734,0.5734265734265734,0.5734265734265734,7.2106875,5f8a2c01d338b948c4e69d3e
,0.2693965517241379,1,1.08108108108108,0.0,2,3.2432432432432403,0.05851522998543497,300,-0.2463861789895681,neutral,0.8108108108108109,0.8108108108108109,0.8108108108108109,0.8108108108108109,3.712,5fb8985944697678c497ae63
,0.390625,2,2.3622047244094464,0.04901960784313719,1,0.7874015748031489,0.0,216,-0.2440506134496406,neutral,0.8470588235294118,0.8470588235294118,0.8470588235294118,0.8470588235294118,2.56,5f8e8f0f9e04b149046cd7c8
,0.1749054417455563,4,0.7042253521126755,0.0311226576226473,4,0.7042253521126755,0.036077456669795296,449,-0.24489538622776422,neutral,0.7904929577464789,0.7904929577464789,0.7904929577464789,0.7904929577464789,5.717375,5fb9caadcb503578af9edec9
,0.244140625,7,1.9607843137254886,0.045313111083789874,7,1.4705882352941164,0.025403069779070152,394,-0.23752938821245465,neutral,0.9656862745098039,0.9656862745098039,0.9656862745098039,0.9656862745098039,4.096,5f5d8916b8781316283499c4
,0.244140625,1,0.9803921568627443,0.0,3,0.9803921568627443,0.04531311108378991,403,-0.21664009996899697,neutral,0.9950980392156863,0.9950980392156863,0.9950980392156863,0.9950980392156863,4.096,5fb87e0acb503578af9edb1a
,0.13167098712093156,4,0.5305039787798521,0.027177712716769484,1,0.26525198938992606,0.007178592538001138,429,-0.2477602936186567,neutral,0.5689655172413793,0.5689655172413793,0.5689655172413793,0.5689655172413793,7.5946875,5f633fdc54b2361621284d43
,0.1749054417455563,1,1.7605633802816887,0.009529328826853405,1,2.1126760563380262,0.0325488544404688,520,-0.24371666146454224,neutral,0.9172535211267606,0.9172535211267606,0.9172535211267606,0.9172535211267606,5.717375,5fbe2c7f576e9378b67ad476
,0.13392819774498396,3,0.5405405405405461,0.02765451469425636,17,0.27027027027027306,0.913144506437743,525,-0.2317427556603715,neutral,0.708502024291498,0.708502024291498,0.708502024291498,0.708502024291498,7.4666875,5fbb72274c55eb78bd7ce642
,0.30838617658963435,13,0.6289308176100623,0.03249044661398324,3,0.6289308176100623,0.016967582362547796,299,-0.23873053230516167,neutral,0.9373040752351097,0.9373040752351097,0.9373040752351097,0.9373040752351097,3.2426875,5f883d06111dfd48d40fe3bc
,0.4111842105263158,1,0.8264462809917348,0.0,1,3.305785123966939,0.0,160,-0.2439672090078912,neutral,0.6818181818181818,0.6818181818181818,0.6818181818181818,0.6818181818181818,2.432,5f663a9dd338b948c4e6819b
,0.7560364787601002,1,1.5873015873015859,0.09920634920634913,1,3.1746031746031718,0.08225755928460807,64,-0.246501701764052,neutral,0.5079365079365079,0.5079365079365079,0.5079365079365079,0.5079365079365079,1.3226875,5fb8e7e7576e9378b67ac4d4
,0.12600806451612903,2,0.2525252525252579,0.0,26,0.2525252525252579,0.01578282828282873,405,-0.2445122754109737,neutral,0.5113636363636364,0.5113636363636364,0.5113636363636364,0.5113636363636364,7.936,5f922a39d338b948c4e6a86c
,0.2633398071035913,1,2.1276595744680833,0.027565033164522915,2,0.5319148936170208,0.05758147631545464,336,-0.23752450298071018,neutral,0.8936170212765957,0.8936170212765957,0.8936170212765957,0.8936170212765957,3.797375,5f6404e954b2361621284df1
,0.5326586323989613,4,1.0869565217391295,0.11136954015458547,8,4.347826086956518,1.334706705461174,184,-0.2330106042498831,neutral,1.0,1.0,1.0,1.0,1.877375,5f883bd99e04b149046ccec2
,0.23674242424242423,1,0.4761904761904758,0.0,1,0.4761904761904758,0.024618651947412404,355,-0.24188213533577949,neutral,0.8432304038004751,0.8432304038004751,0.8432304038004751,0.8432304038004751,4.224,5fba1cf84c55eb78bd7ce1de
,0.45955882352941174,9,3.7037037037037006,0.02505860543357745,11,4.629629629629626,0.047983576249354634,192,-0.24783738417666887,neutral,0.9120370370370371,0.9120370370370371,0.9120370370370371,0.9120370370370371,2.176,5f5f561154b23616212849e3
,0.10510066673235458,1,0.8456659619450497,0.01868675425968717,1,0.8456659619450497,0.0,828,-0.24134643076324092,neutral,0.8784355179704016,0.8784355179704016,0.8784355179704016,0.8784355179704016,9.5146875,5f5b621eb87813162834981c
,0.2929651737649687,1,0.5917159763313604,0.0,6,1.7751479289940812,0.016013783354002203,176,-0.24865325308101854,neutral,0.5266272189349113,0.5266272189349113,0.5266272189349113,0.5266272189349113,3.413375,5f647bf5111dfd48d40fc951
,0.14378791282857784,6,0.2898550724637682,0.025619810912556065,1,0.2898550724637682,0.018115942028985504,391,-0.2424954888150023,neutral,0.5666666666666667,0.5666666666666667,0.5666666666666667,0.5666666666666667,6.9546875,5f77d940111dfd48d40fd55d
,0.13316687473990843,6,0.8042895442359331,0.013874769035958127,2,0.26809651474531104,0.01673360107095065,456,-0.24764857057728196,neutral,0.6104417670682731,0.6104417670682731,0.6104417670682731,0.6104417670682731,7.509375,5f5eb08554b2361621284948
,0.3043792565536659,7,1.2345679012345667,0.016654334688162225,9,3.0864197530864166,0.06661733875264908,275,-0.2471267631307597,neutral,0.8584615384615385,0.8584615384615385,0.8584615384615385,0.8584615384615385,3.285375,5fbe0a7e4c55eb78bd7ced13
,0.20204571284253062,1,1.2244897959183665,0.0,1,0.4081632653061221,0.025458248472505066,205,-0.22505908970201532,neutral,0.4175152749490835,0.4175152749490835,0.4175152749490835,0.4175152749490835,4.949375,5fbc9fa144697678c497bac1
,0.22977941176470587,1,0.4608294930875572,0.04988625597836625,2,0.4608294930875572,0.04721657923604546,429,-0.24416253325329587,neutral,0.9953917050691244,0.9953917050691244,0.9953917050691244,0.9953917050691244,4.352,5fbcc6744c55eb78bd7cea3d
,0.17107542287706093,1,1.7241379310344813,0.0,1,1.379310344827585,0.0,497,-0.2430239009988618,neutral,0.8554216867469879,0.8554216867469879,0.8554216867469879,0.8554216867469879,5.845375,5fbb3605576e9378b67ac9f0
,0.10901113276193332,2,0.21881838074398716,0.01934099510904164,6,0.6564551422319614,0.23635910739475843,586,-0.24492985832276015,neutral,0.6422319474835886,0.6422319474835886,0.6422319474835886,0.6422319474835886,9.173375,5f714daf111dfd48d40fd462
,0.49865985164869414,4,2.0408163265306105,0.0634517766497461,5,2.0408163265306105,0.10402028115961279,168,-0.2452032552921235,neutral,0.8781725888324873,0.8781725888324873,0.8781725888324873,0.8781725888324873,2.005375,5fbe0c2344697678c497bf1f
,0.17891088001789107,1,0.36101083032490944,0.03901015332362332,2,0.36101083032490944,0.03331126003997528,330,-0.23939700081834822,neutral,0.5945945945945946,0.5945945945945946,0.5945945945945946,0.5945945945945946,5.589375,5fbb7058cb503578af9ee4fd
,0.23437385559640825,1,1.4285714285714273,0.02461865194741239,1,2.3809523809523787,0.0,377,-0.24287494841077756,neutral,0.8954869358669834,0.8954869358669834,0.8954869358669834,0.8954869358669834,4.2666875,5fbc9ad84c55eb78bd7ce8d1
,0.26633374947981686,1,1.6216216216216202,0.014628807496358743,9,2.16216216216216,0.05538377132011823,205,-0.21712382585795936,neutral,0.5540540540540541,0.5540540540540541,0.5540540540540541,0.5540540540540541,3.7546875,5fb9cb17576e9378b67ac5be
,0.11322463768115941,1,0.6802721088435519,0.0,1,0.4535147392290346,0.02323355486218162,632,-0.20751274377741397,neutral,0.7165532879818595,0.7165532879818595,0.7165532879818595,0.7165532879818595,8.832,5fbb58facb503578af9ee436
,0.1921091179790121,3,0.38759689922480584,0.020047296846925765,2,0.38759689922480584,1.3819554315709115,486,-0.23643953933132025,neutral,0.9400386847195358,0.9400386847195358,0.9400386847195358,0.9400386847195358,5.205375,5f640481b878131628349f4e
,0.25755356309257443,4,1.0471204188481666,0.027132074528430927,1,1.0471204188481666,0.0,325,-0.24656213923181372,neutral,0.8507853403141361,0.8507853403141361,0.8507853403141361,0.8507853403141361,3.8826875,5fb4d97fcb503578af9eda0e
,0.1921091179790121,3,0.38759689922480584,0.0,2,0.38759689922480584,0.04187743732033066,466,-0.22324170230773852,neutral,0.9013539651837524,0.9013539651837524,0.9013539651837524,0.9013539651837524,5.205375,5fb9f9f4cb503578af9edfb0
,0.12948860095659703,4,0.5221932114882618,0.016318537859008192,2,1.5665796344647855,0.013530616801384916,382,-0.24446766422563887,neutral,0.49869451697127937,0.49869451697127937,0.49869451697127937,0.49869451697127937,7.7226875,5f715815d338b948c4e68ae9
,0.3301010934598721,1,0.6711409395973148,0.018102537704524208,1,4.6979865771812035,0.0,211,-0.24013573989444428,neutral,0.705685618729097,0.705685618729097,0.705685618729097,0.705685618729097,3.029375,5fbb347644697678c497b59f
,0.20740971195976252,1,0.4184100418410038,0.011323553919775598,1,0.8368200836820076,0.011323553919775596,339,-0.22818975630651614,neutral,0.7092050209205021,0.7092050209205021,0.7092050209205021,0.7092050209205021,4.821375,5fb9cc63576e9378b67ac5c8
,0.1227087966868625,2,0.24691358024691884,0.0,1,0.24691358024691884,0.022796238375076074,699,-0.24375750198404952,neutral,0.8680641183723797,0.8680641183723797,0.8680641183723797,0.8680641183723797,8.149375,5f7093d39e04b149046cbf00
,0.09889240506329114,4,0.3960396039604045,0.018304702299194748,8,0.792079207920809,0.01830470229919474,858,-0.23303780948751268,neutral,0.8514851485148515,0.8514851485148515,0.8514851485148515,0.8514851485148515,10.112,5f67e623d338b948c4e682cb
,0.14928297520969594,5,0.9036144578313245,0.015609115165452759,16,0.3012048192771082,0.018825301204819178,416,-0.2480233570845815,neutral,0.6265060240963856,0.6265060240963856,0.6265060240963856,0.6265060240963856,6.6986875,5f70afd89e04b149046cbf1f
,0.15419308829481718,2,0.3105590062111798,0.03356687611567588,3,0.3105590062111798,0.008391719028918995,428,-0.22009861452813095,neutral,0.6635658914728683,0.6635658914728683,0.6635658914728683,0.6635658914728683,6.485375,5fbb590fcb503578af9ee437
,0.2253584608017127,2,0.9090909090909083,0.0,1,0.45454545454545414,0.04657271679191757,270,-0.22797500100635623,neutral,0.6136363636363636,0.6136363636363636,0.6136363636363636,0.6136363636363636,4.437375,5fb491234c55eb78bd7cd97d
,0.10850694444444445,3,0.21739130434783072,0.022273908030917607,2,0.21739130434783072,0.023533299015881973,756,-0.2147288255504546,neutral,0.825,0.825,0.825,0.825,9.216,5fbb5a1a44697678c497b6da
,0.23437385559640825,5,0.9523809523809516,0.012856671671384177,3,0.9523809523809516,0.04391389387692703,357,-0.23452533904107375,neutral,0.8479809976247031,0.8479809976247031,0.8479809976247031,0.8479809976247031,4.2666875,5f786b08111dfd48d40fd5d1
,0.13167098712093156,2,0.26525198938992606,0.14920424403183338,3,0.5305039787798521,0.02871437015200455,652,-0.24060296631682765,neutral,0.8647214854111406,0.8647214854111406,0.8647214854111406,0.8647214854111406,7.5946875,5f65fe94111dfd48d40fcabc
,0.2391557800962602,1,0.48309178743961306,0.024974584264724372,1,0.48309178743961306,0.0,331,-0.24481505623760008,neutral,0.7975903614457831,0.7975903614457831,0.7975903614457831,0.7975903614457831,4.181375,5fb8af07576e9378b67ac37e
,0.32105949633791514,4,1.307189542483659,0.040849673202614345,9,1.307189542483659,0.0669673051909926,249,-0.24299488593237406,neutral,0.8137254901960784,0.8137254901960784,0.8137254901960784,0.8137254901960784,3.1146875,5fb8e8f7576e9378b67ac4e3
,0.21904005695041479,1,0.4424778761061943,0.022879586026182383,1,0.8849557522123886,0.022879586026182383,441,-0.24730462264880018,neutral,0.9735099337748344,0.9735099337748344,0.9735099337748344,0.9735099337748344,4.565375,5fbcc378576e9378b67ad04e
,0.36620814355359227,6,2.255639097744359,0.06620850011109995,4,1.5037593984962392,0.0692425068246677,262,-0.2448446038824164,neutral,1.0,1.0,1.0,1.0,2.7306875,5f6eaef19e04b149046cbdc5
,0.27252597513200477,12,3.31491712707182,0.050930438904094565,1,1.1049723756906067,0.01491090571254197,362,-0.24631521098458903,neutral,0.9972451790633609,0.9972451790633609,0.9972451790633609,0.9972451790633609,3.669375,5f87b8d3d338b948c4e69938
,0.16389748212493085,5,0.6600660066006594,0.020627062706270627,4,0.3300330033003297,0.033815173908322976,568,-0.2284671209141691,neutral,0.9372937293729373,0.9372937293729373,0.9372937293729373,0.9372937293729373,6.101375,5f6bf121d338b948c4e686dc
,0.28935185185185186,1,0.5813953488372088,0.0,1,2.9069767441860437,1.0699441761871689,337,-0.24379603813534656,neutral,0.9796511627906976,0.9796511627906976,0.9796511627906976,0.9796511627906976,3.456,5f92a35ad338b948c4e6a91c
,0.19695216524286663,1,0.7936507936507929,0.01073940232867606,1,1.5873015873015859,0.01073940232867606,485,-0.24316881961585096,neutral,0.9623015873015873,0.9623015873015873,0.9623015873015873,0.9623015873015873,5.077375,5fb890a5cb503578af9edbb1
,0.13020833333333334,1,0.2610966057441309,0.013530616801384916,1,0.7832898172323928,0.016318537859008178,666,-0.23957045532645801,neutral,0.8759791122715405,0.8759791122715405,0.8759791122715405,0.8759791122715405,7.68,5fba0791576e9378b67ac72d
,0.12335494614785633,6,1.4925373134328677,0.0067237997188234625,1,1.4925373134328677,0.0,698,-0.24760115875757832,neutral,0.8708074534161491,0.8708074534161491,0.8708074534161491,0.8708074534161491,8.1066875,5f6446043d151f41883fa0a8
,0.3167187933013975,9,2.5641025641025617,0.05925560680187909,4,1.2820512820512808,0.0566591972104605,173,-0.23997671557484374,neutral,0.5544871794871795,0.5544871794871795,0.5544871794871795,0.5544871794871795,3.157375,5fbcdf9e576e9378b67ad0fe
,0.14467592592592593,3,0.5797101449275364,0.015020945608493659,7,1.1594202898550727,0.007844433005293864,656,-0.24511310469376274,neutral,0.9507246376811594,0.9507246376811594,0.9507246376811594,0.9507246376811594,6.912,5f5fd9bd54b2361621284a4f
,0.16276041666666666,3,0.32679738562091476,0.03531914371062147,3,0.6535947712418295,0.03015946055821577,328,-0.2446064518937261,neutral,0.5350734094616639,0.5350734094616639,0.5350734094616639,0.5350734094616639,6.144,5fbd174e44697678c497bcc0
,0.3255208333333333,1,0.6535947712418295,0.03387075970542685,1,4.575163398692807,0.0,255,-0.2228606873696417,neutral,0.8333333333333334,0.8333333333333334,0.8333333333333334,0.8333333333333334,3.072,5fba011c576e9378b67ac713
,0.11545510961019469,1,0.23201856148492375,0.0,1,0.23201856148492375,0.02048397396253078,761,-0.24185499411346073,neutral,0.8818076477404403,0.8818076477404403,0.8818076477404403,0.8818076477404403,8.661375,5fb9ec314c55eb78bd7ce0c6
,0.1037055281528101,5,0.6263048016701595,0.019298276954265833,6,0.6263048016701595,0.013048016701461662,896,-0.2431263207942025,neutral,0.9384133611691023,0.9384133611691023,0.9384133611691023,0.9384133611691023,9.6426875,5f65547e9e04b149046cb542
,0.1802877843758099,1,0.7299270072992694,0.018878784098106775,1,0.3649635036496347,0.033675317526750966,364,-0.24717295798337818,neutral,0.663023679417122,0.663023679417122,0.663023679417122,0.663023679417122,5.5466875,5fbb585944697678c497b6c6
,0.1936975654637241,2,0.39215686274509765,0.036179548575707,2,0.39215686274509765,0.036179548575707,160,-0.23989938601848043,neutral,0.3131115459882583,0.3131115459882583,0.3131115459882583,0.3131115459882583,5.1626875,5fb4954644697678c497aae2
,0.13469827586206895,4,0.27027027027027306,0.02765451469425636,4,0.5405405405405461,0.02765451469425636,612,-0.22893107613234182,neutral,0.7004048582995951,0.8259109311740891,0.7004048582995951,0.8008097165991903,7.424,5fba216344697678c497b358
,0.23674242424242423,2,0.4761904761904758,0.01285667167138418,2,0.4761904761904758,0.04198971384718214,313,-0.24246807168568893,neutral,0.7434679334916865,0.7434679334916865,0.7434679334916865,0.7434679334916865,4.224,5fbb5981576e9378b67acb06
,0.24162249505428957,5,0.9803921568627443,0.045313111083789874,1,0.49019607843137214,0.04332762139623449,370,-0.24444159797092774,neutral,0.9068627450980392,0.9068627450980392,0.9068627450980392,0.9068627450980392,4.1386875,5fb89830576e9378b67ac31a
,0.36057150583675124,26,4.379562043795616,0.07478830433738563,3,1.4598540145985388,0.045620437956204296,159,-0.24436292981696525,neutral,0.5802919708029197,0.5802919708029197,0.5802919708029197,0.5802919708029197,2.773375,5f6b6bac111dfd48d40fcffc
,0.18454653456210568,2,0.37313432835820864,0.0,2,0.37313432835820864,0.019336665055710096,396,-0.24542084199298914,neutral,0.7388059701492538,0.7388059701492538,0.7388059701492538,0.7388059701492538,5.4186875,5f899769f8fac448cc0a7381
,0.3842182359580242,2,0.7874015748031489,0.08490445135141543,2,0.7874015748031489,0.08036076622919108,134,-0.24629634492680022,neutral,0.5254901960784314,0.5254901960784314,0.5254901960784314,0.5254901960784314,2.6026875,5fb8e8624c55eb78bd7cdf0d
,0.15318627450980393,17,3.384615384615382,0.028399000494909715,1,0.30769230769230743,0.008314375996394376,578,-0.24322198365202227,neutral,0.8894009216589862,0.8894009216589862,0.8894009216589862,0.8894009216589862,6.528,5f6e0460f8fac448cc0a606d
,0.19862205946247904,1,1.2048192771084327,0.0,10,2.8112449799196764,0.037123994622864046,470,-0.24159953981295765,neutral,0.9457831325301205,0.9457831325301205,0.9457831325301205,0.9457831325301205,5.0346875,5f6381b4b878131628349f09
,0.13020833333333334,1,2.610966057441309,0.007066134169259604,10,1.3054830287206545,0.0,734,-0.2477102244407226,neutral,0.95822454308094,0.95822454308094,0.95822454308094,0.95822454308094,7.68,5fb898d7576e9378b67ac31d
,0.13392819774498396,4,0.5405405405405461,0.02765451469425634,4,1.6216216216216384,0.013987115343941599,575,-0.24474203384679863,neutral,0.7759784075573549,0.7759784075573549,0.7759784075573549,0.7759784075573549,7.4666875,5f8cdf80f8fac448cc0a7855
,0.11897149145635978,10,0.4784688995215413,0.0,1,0.4784688995215413,0.23280252789904762,443,-0.24485032944618595,neutral,0.5292712066905615,0.5292712066905615,0.5292712066905615,0.5292712066905615,8.405375,5f8b7f1f9e04b149046cd2e2
,0.2633398071035913,1,0.5319148936170208,0.027565033164522915,1,0.5319148936170208,0.014395369078863662,247,-0.24899867398165543,neutral,0.6569148936170213,0.6569148936170213,0.6569148936170213,0.6569148936170213,3.797375,5fb38d0fe3dcec421f835904
,0.5208333333333334,1,1.0526315789473675,0.0,1,1.0526315789473675,0.028487677756067028,158,-0.23854084761792982,neutral,0.8315789473684211,0.8315789473684211,0.8315789473684211,0.8315789473684211,1.92,5f6390152e23c7161accd61b
,0.30838617658963435,2,0.6289308176100623,0.06787032945019103,8,2.5157232704402492,0.06423823005781729,286,-0.24257508989036233,neutral,0.896551724137931,0.896551724137931,0.896551724137931,0.896551724137931,3.2426875,5f5f716e2e23c7161accd21b
,0.14467592592592593,5,0.5797101449275364,0.018115942028985477,3,0.2898550724637682,0.03137773202117533,553,-0.24620494777792126,neutral,0.8014492753623188,0.8014492753623188,0.8014492753623188,0.8014492753623188,6.912,5f41cb7b9dd513131eacee94
,0.19695216524286663,2,0.39682539682539647,0.040658721008816935,1,0.7936507936507929,0.01073940232867606,403,-0.24459667348013214,neutral,0.7996031746031746,0.7996031746031746,0.7996031746031746,0.7996031746031746,5.077375,5f8ba9cef8fac448cc0a75b2
,0.14928297520969594,5,0.9036144578313245,0.008151594538633651,8,1.2048192771084327,0.027842995967148045,582,-0.24013740729548835,neutral,0.8765060240963856,0.8765060240963856,0.8765060240963856,0.8765060240963856,6.6986875,5f694284d338b948c4e68416
,0.2130662902495539,2,0.42918454935622286,0.02224131431300562,9,0.8583690987124457,0.011615147582945767,355,-0.24513078138071603,neutral,0.7618025751072961,0.7618025751072961,0.7618025751072961,0.7618025751072961,4.693375,5f79144af8fac448cc0a644a
,0.15943877551020408,4,0.6389776357827471,0.02953314588208671,8,1.2779552715654943,0.02823908870553306,530,-0.23289488535599917,neutral,0.8498402555910544,0.8498402555910544,0.8498402555910544,0.8498402555910544,6.272,5f899745111dfd48d40fe61b
,0.27252597513200477,2,0.5524861878453033,0.01491090571254197,17,4.419889502762427,1.8539759103179099,358,-0.246887544586824,neutral,1.0,1.0,1.0,1.0,3.669375,5f6037d82e23c7161accd2b6
,0.24162249505428957,1,0.49019607843137214,0.03063725490196076,3,0.9803921568627443,0.05306528209463467,242,-0.24305545898066622,neutral,0.5931372549019608,0.5931372549019608,0.5931372549019608,0.5931372549019608,4.1386875,5fbb746d576e9378b67acc00
,0.18454653456210568,5,0.7462686567164173,0.0100982439806954,8,1.4925373134328346,0.03449206963094455,451,-0.24325381280838876,neutral,0.8414179104477612,0.8414179104477612,0.8414179104477612,0.8414179104477612,5.4186875,5f5ccdca2e23c7161accd06c
,0.14467592592592593,4,0.5797101449275364,0.03137773202117531,7,0.8695652173913045,0.778985507246377,549,-0.2402576560547644,neutral,0.7956521739130434,0.7956521739130434,0.7956521739130434,0.7956521739130434,6.912,5f5c2e322e23c7161acccfdf
,0.36620814355359227,1,0.7518796992481196,0.03881817404442177,1,0.7518796992481196,0.0,238,-0.24487822469906595,neutral,0.8951310861423221,0.8951310861423221,0.8951310861423221,0.8951310861423221,2.7306875,5f637f473bd6941613f6d747
,0.36057150583675124,4,1.4598540145985388,0.2588231231275138,4,1.4598540145985388,0.0,219,-0.24627151623371027,neutral,0.8175182481751825,0.8175182481751825,0.8175182481751825,0.8175182481751825,2.773375,5f8da242111dfd48d40febfd
,0.17107542287706093,14,0.6896551724137925,1.0030727552696084,13,2.4137931034482736,0.035270215814877284,411,-0.2384708081539531,neutral,0.7074010327022375,0.7074010327022375,0.7074010327022375,0.7074010327022375,5.845375,5fbcdfb54c55eb78bd7cead5
,0.19695216524286663,1,2.3809523809523787,0.01073940232867606,15,0.7936507936507929,0.024801587301587213,488,-0.2453477181290013,neutral,0.9702380952380952,0.9702380952380952,0.9702380952380952,0.9702380952380952,5.077375,5f60c36c3bd6941613f6d4a0
,0.1455736511691384,1,0.5865102639296187,0.0,1,2.3460410557184748,0.018301610541727673,436,-0.2363112438238454,neutral,0.6383601756954612,0.6383601756954612,0.6383601756954612,0.6383601756954612,6.869375,5fbe260e4c55eb78bd7cedc0
,0.23437385559640825,1,0.4761904761904758,0.0,1,0.4761904761904758,0.07960069250863716,134,-0.24844194157172073,neutral,0.3182897862232779,0.3182897862232779,0.3182897862232779,0.3182897862232779,4.2666875,5fbdbdea576e9378b67ad1f1
,0.36620814355359227,1,0.7518796992481196,0.0,1,2.255639097744359,0.020272130238399758,192,-0.2262714647862257,neutral,0.7191011235955056,0.7191011235955056,0.7191011235955056,0.7191011235955056,2.7306875,5fb9cb2744697678c497b134
,0.12807377049180327,15,0.5141388174807308,0.022692772181853758,8,0.5141388174807308,0.30810713959118796,622,-0.23333263923409198,neutral,0.7984595635430038,0.7984595635430038,0.7984595635430038,0.7984595635430038,7.808,5f8daa949e04b149046cd6e0
,0.2467079902550344,1,0.4975124378109449,0.025782220074280136,8,1.9900497512437796,0.031094527363183966,332,-0.24454717137711665,neutral,0.8258706467661692,0.8258706467661692,0.8258706467661692,0.8258706467661692,4.053375,5fb38b3948cdda3a922e4fbc
,0.11545510961019469,9,0.23201856148492375,0.014484356894554185,3,0.4640371229698475,0.020483973962530773,476,-0.24858309312994606,neutral,0.5515643105446119,0.5515643105446119,0.5515643105446119,0.5515643105446119,8.661375,5f7007069e04b149046cbeab
,0.22754746497902298,4,0.9216589861751144,0.012471563994591553,11,2.304147465437786,0.44897630380529613,416,-0.23993247865147893,neutral,0.9585253456221198,0.9585253456221198,0.9585253456221198,0.9585253456221198,4.3946875,5fbb9344576e9378b67accb2
,0.26633374947981686,1,1.08108108108108,0.014628807496358743,5,1.08108108108108,0.028012033702326,315,-0.24705919779825175,neutral,0.8648648648648649,0.8648648648648649,0.8648648648648649,0.8648648648648649,3.7546875,5fbb5b5d576e9378b67acb0e
,0.06658371445574056,7,0.5347593582887814,0.003618087415543351,7,0.5347593582887814,0.003618087415543351,1099,-0.24542228673458216,neutral,0.7346256684491979,0.7346256684491979,0.7346256684491979,0.7346256684491979,15.0186875,5f5cd68a54b2361621284832
,0.2757337101694039,1,2.247191011235953,0.0,11,0.5617977528089882,1.03613506669208,328,-0.23105732739219703,neutral,0.9215686274509803,0.9215686274509803,0.9215686274509803,0.9215686274509803,3.6266875,5fbb9295cb503578af9ee5a2
,0.16276041666666666,5,0.9803921568627443,0.008829785927655343,4,0.6535947712418295,0.02039151712887438,403,-0.2491849269891194,neutral,0.6574225122349103,0.6574225122349103,0.6574225122349103,0.6574225122349103,6.144,5f7951bad338b948c4e68d4c
,0.22754746497902298,2,0.4608294930875572,0.04721657923604546,2,0.4608294930875572,0.04259850074236471,71,-0.23658290026365414,neutral,0.16359447004608296,0.16359447004608296,0.16359447004608296,0.16359447004608296,4.3946875,5fb48f3dcb503578af9ed83f
,0.17622115755272866,1,2.846975088967969,0.009631065433545796,12,2.1352313167259767,0.03852426173418314,358,-0.24472130268199024,neutral,0.6370106761565836,0.6370106761565836,0.6370106761565836,0.6370106761565836,5.6746875,5fba205dcb503578af9ee0c7
,0.2633398071035913,3,1.0638297872340416,0.04916954606964437,8,2.1276595744680833,0.014395369078863662,244,-0.24560150180144902,neutral,0.648936170212766,0.648936170212766,0.648936170212766,0.648936170212766,3.797375,5f91835ed338b948c4e6a802
,0.11837121212121211,5,0.7125890736342195,0.02430841683089464,17,1.425178147268439,0.025682841156122536,759,-0.24589733686096346,neutral,0.900355871886121,0.900355871886121,0.900355871886121,0.900355871886121,8.448,5f6b01a5f8fac448cc0a5ddc
,0.27901785714285715,5,1.1235955056179765,0.05178641266718851,1,1.1235955056179765,0.03501400560224088,276,-0.23269769759750422,neutral,0.773109243697479,0.773109243697479,0.773109243697479,0.773109243697479,3.584,5fbcdf6bcb503578af9ee9d8
,0.12600806451612903,1,0.2525252525252579,0.0223202898101819,2,0.2525252525252579,0.0,555,-0.24301463869747192,neutral,0.7007575757575758,0.7007575757575758,0.7007575757575758,0.7007575757575758,7.936,5fb87d714c55eb78bd7cdc88
,0.21114864864864866,5,0.8474576271186434,0.03916896042836079,3,0.4237288135593217,0.04341524446704178,416,-0.23626310739606,neutral,0.8813559322033898,0.8813559322033898,0.8813559322033898,0.8813559322033898,4.736,5f67e6989e04b149046cb794
,0.16622340425531915,2,0.33333333333333304,0.03081291553697714,26,1.9999999999999982,0.009021097956087774,436,-0.24765837774933228,neutral,0.7266666666666667,0.7266666666666667,0.7266666666666667,0.7266666666666667,6.016,5f902e21f8fac448cc0a7da7
,0.12019230769230768,6,0.24096385542169188,0.1825957176653976,8,1.686746987951843,0.39127653785442346,543,-0.24006031287481636,neutral,0.6542168674698795,0.6542168674698795,0.6542168674698795,0.6542168674698795,8.32,5f97f3c7f8fac448cc0a837f
,0.1890113524943592,1,0.38314176245210696,0.039181635541957416,3,0.38314176245210696,0.0,261,-0.24707305085343045,neutral,0.49904397705544934,0.49904397705544934,0.49904397705544934,0.49904397705544934,5.2906875,5fba3f1d44697678c497b451
,0.1749054417455563,2,0.3521126760563377,0.03811731530741365,1,0.3521126760563377,0.036077456669795296,477,-0.24741458602254102,neutral,0.8397887323943662,0.8397887323943662,0.8397887323943662,0.8397887323943662,5.717375,5fba173a44697678c497b2e2
,0.36057150583675124,1,1.4598540145985388,0.0,1,4.379562043795616,0.0,272,-0.2494870177021073,neutral,0.9927007299270073,0.9927007299270073,0.9927007299270073,0.9927007299270073,2.773375,5fbe11a944697678c497bf6e
,0.15318627450980393,1,0.9230769230769222,0.8314375996394374,4,0.6153846153846149,0.028399000494909808,611,-0.24724533956604478,neutral,0.9416282642089093,0.9416282642089093,0.9416282642089093,0.9416282642089093,6.528,5fb8b0e74c55eb78bd7cdda9
,0.08522697007468012,6,0.5128205128205238,0.008858506384496454,6,1.5384615384615712,0.004626204080045158,1122,-0.24185034499478447,neutral,0.9623931623931624,0.9623931623931624,0.9623931623931624,0.9623931623931624,11.733375,5f5c53963bd6941613f6d14f
,0.3720238095238095,1,0.7518796992481196,0.0,1,4.511278195488718,0.020272130238399758,234,-0.2402052491491534,neutral,0.8764044943820225,0.8764044943820225,0.8764044943820225,0.8764044943820225,2.688,5f85a211d338b948c4e695ac
,0.2757337101694039,1,0.5617977528089882,0.05740054730656508,1,2.8089887640449414,0.015161509169895629,263,-0.24187330838444537,neutral,0.711484593837535,0.7366946778711485,0.711484593837535,0.730532212885154,3.6266875,5fbc720b44697678c497b981
,0.2693965517241379,2,0.54054054054054,0.0,2,0.54054054054054,0.0,301,-0.24898727072874105,neutral,0.8135135135135135,0.8135135135135135,0.8135135135135135,0.8135135135135135,3.712,5f5f7216b878131628349b44
,0.23674242424242423,4,0.9523809523809516,0.0246186519474124,4,0.9523809523809516,0.04391389387692706,296,-0.2462986478155455,neutral,0.7078384798099763,0.7078384798099763,0.7078384798099763,0.7078384798099763,4.224,5fbb5348576e9378b67acab6
,0.2055921052631579,1,0.4132231404958674,0.011160121182789142,1,0.4132231404958674,0.021370005092496105,439,-0.24460514054507282,neutral,0.9051546391752577,0.9051546391752577,0.9051546391752577,0.9051546391752577,4.864,5fbcaa3e4c55eb78bd7ce994
,0.20740971195976252,1,0.4184100418410038,0.011323553919775596,2,3.34728033472803,0.026150627615062733,444,-0.24840782907687214,neutral,0.9288702928870293,0.9288702928870293,0.9288702928870293,0.9288702928870293,4.821375,5fbc48ddcb503578af9ee600
,0.17233394009241407,2,0.3484320557491286,0.01805653740393836,18,3.1358885017421576,0.021777003484320545,376,-0.2449941968955316,neutral,0.6550522648083623,0.6550522648083623,0.6550522648083623,0.6550522648083623,5.8026875,5f794dd69e04b149046cc1ae
,0.2757337101694039,4,3.3707865168539293,0.060646036679582516,5,0.5617977528089882,0.04951728159569651,236,-0.24011502649965025,neutral,0.6610644257703081,0.6610644257703081,0.6610644257703081,0.6610644257703081,3.6266875,5fbdd9864c55eb78bd7cec81
,0.36620814355359227,1,0.7518796992481196,0.020272130238399758,3,0.7518796992481196,0.06620850011109992,173,-0.2325227178630595,neutral,0.6479400749063671,0.6479400749063671,0.6479400749063671,0.6479400749063671,2.7306875,5f6037522e23c7161accd2b4
,0.1502403846153846,9,0.3012048192771082,0.02784299596714798,9,1.506024096385541,0.01882530120481929,454,-0.23973716824624622,neutral,0.6837349397590361,0.6837349397590361,0.6837349397590361,0.6837349397590361,6.656,5fb9ea684c55eb78bd7ce0bb
,0.1936975654637241,1,0.39215686274509765,0.024461839530332652,1,0.39215686274509765,0.02028268585099924,269,-0.24282399292671636,neutral,0.5342465753424658,0.5342465753424658,0.5342465753424658,0.5342465753424658,5.1626875,5f6368d53bd6941613f6d717
,0.09605513564786188,6,0.5802707930367629,0.005229622003529338,2,0.19342359767892095,0.017079873941704408,891,-0.24113544902351794,neutral,0.863768115942029,0.863768115942029,0.863768115942029,0.863768115942029,10.4106875,5f5efd0e2e23c7161accd1b2
,0.10702054794520549,2,0.21459227467811617,0.023205396671609244,1,0.6437768240343485,0.01981537976654522,346,-0.24685948566322655,neutral,0.3708467309753483,0.3708467309753483,0.3708467309753483,0.3708467309753483,9.344,5f8c28b4f8fac448cc0a761b
,0.33481909305878166,5,1.369863013698629,0.07389295254133431,5,2.0547945205479436,0.07389295254133431,173,-0.24324789131136143,neutral,0.590443686006826,0.590443686006826,0.590443686006826,0.590443686006826,2.9866875,5fbce0f4cb503578af9ee9dc
,0.18310407177679613,1,1.1070110701107,0.01908738944725712,1,0.36900369003690003,0.0,542,-0.24436915362879796,neutral,0.998158379373849,0.998158379373849,0.998158379373849,0.998158379373849,5.461375,5fba1d5644697678c497b32b
,0.19862205946247904,5,0.8032128514056218,0.04347517087271275,1,0.4016064257028109,0.010868792718178187,361,-0.2435719254159466,neutral,0.7309236947791165,0.7309236947791165,0.7309236947791165,0.7309236947791165,5.0346875,5fb4943d576e9378b67abf56
,0.14034349069347227,4,0.5649717514124304,0.014618409689507256,26,3.6723163841807978,0.5191266524800946,467,-0.24672424520136021,neutral,0.6572637517630465,0.6586741889985895,0.6572637517630465,0.658392101551481,7.125375,5f654203111dfd48d40fc9df
,0.1936975654637241,4,0.39215686274509765,0.2791089458719182,9,1.9607843137254881,0.02028268585099924,333,-0.24484407574898834,neutral,0.6516634050880626,0.6516634050880626,0.6516634050880626,0.6516634050880626,5.1626875,5f6a12ff111dfd48d40fce9c
,0.3842182359580242,3,0.7874015748031489,0.02122611283785391,1,0.7874015748031489,0.0,185,-0.2450098327408258,neutral,0.7254901960784313,0.7254901960784313,0.7254901960784313,0.7254901960784313,2.6026875,5f697d45f8fac448cc0a5c48
,0.15521472987786541,2,0.6269592476489022,0.02766458455346427,2,0.3134796238244511,0.0195618153364632,637,-0.24455719719233807,neutral,0.9968701095461658,0.9968701095461658,0.9968701095461658,0.9968701095461658,6.4426875,5fbca403cb503578af9ee844
,0.17107542287706093,1,0.34482758620689624,0.03527021581487734,3,0.34482758620689624,0.021514629948364894,480,-0.23802231298335133,neutral,0.8261617900172117,0.8261617900172117,0.8261617900172117,0.8261617900172117,5.845375,5fba3211cb503578af9ee10b
,0.21502197255782074,3,0.4366812227074232,0.022580506470284565,1,3.4934497816593857,0.011792284909918816,369,-0.2442942053166938,neutral,0.803921568627451,0.803921568627451,0.803921568627451,0.803921568627451,4.6506875,5fbc87d044697678c497ba09
,0.19695216524286663,6,1.1904761904761894,0.03668204230592515,6,2.3809523809523787,0.035074741130285046,489,-0.23841044528639554,neutral,0.9702380952380952,0.9702380952380952,0.9702380952380952,0.9702380952380952,5.077375,5f637f66b878131628349ef8
,0.12019230769230768,17,0.24096385542169188,0.0,10,1.2048192771084594,0.012487292132362453,549,-0.24645337530345923,neutral,0.6614457831325301,0.6614457831325301,0.6614457831325301,0.6614457831325301,8.32,5f65ed1b111dfd48d40fca9b
,0.1953125,1,0.39215686274509765,0.034594265224390755,1,0.39215686274509765,0.010592287228283238,397,-0.24921928737981217,neutral,0.776908023483366,0.776908023483366,0.776908023483366,0.776908023483366,5.12,5fbdf56744697678c497beb2
,0.1370614035087719,3,0.274725274725276,0.017170329670329748,11,0.274725274725276,0.01717032967032972,725,-0.2474847535632167,neutral,0.9958791208791209,0.9958791208791209,0.9958791208791209,0.9958791208791209,7.296,5fb38b5f48cdda3a922e4fbf
,0.08844323326350002,4,0.355871886121004,0.01111111111111135,2,0.711743772242008,0.009212846639876308,1031,-0.2461844884475593,neutral,0.9164444444444444,0.9164444444444444,0.9164444444444444,0.9164444444444444,11.3066875,5f61f28c3bd6941613f6d575
,0.15219107589578715,1,0.30769230769230743,0.0,1,0.30769230769230743,0.0,636,-0.2443664325834362,neutral,0.9769585253456221,0.9769585253456221,0.9769585253456221,0.9769585253456221,6.5706875,5fbcc473576e9378b67ad05b
,0.10016025641025642,4,0.2008032128514099,0.018543379460568398,6,0.2008032128514099,0.005428945610484274,533,-0.24464710646323523,neutral,0.5346038114343029,0.5346038114343029,0.5346038114343029,0.5346038114343029,9.984,5f6083e82e23c7161accd2e8
,0.16622340425531915,11,0.9999999999999991,0.0,7,1.3333333333333321,0.034153325647406224,440,-0.24670560605718475,neutral,0.7333333333333333,0.7333333333333333,0.7333333333333333,0.7333333333333333,6.016,5f789cddd338b948c4e68cd5
,0.187498535167694,1,3.396226415094337,0.03335409345219561,1,0.37735849056603743,0.0,389,-0.24400163014983284,neutral,0.7339622641509433,0.7339622641509433,0.7339622641509433,0.7339622641509433,5.333375,5fbb364244697678c497b5ad
,0.2253584608017127,8,0.45454545454545414,0.02840909090909083,1,2.727272727272725,0.012301497212847129,385,-0.23444751091415958,neutral,0.8818181818181818,0.8818181818181818,0.8818181818181818,0.8818181818181818,4.437375,5f673bb8f8fac448cc0a5a2d
,0.49865985164869414,1,1.0204081632653053,0.08973436309473945,4,1.0204081632653053,0.5003746921188924,141,-0.24576996218132466,neutral,0.7360406091370558,0.7360406091370558,0.7360406091370558,0.7360406091370558,2.005375,5f66a160111dfd48d40fcb32
,0.16389748212493085,8,1.3201320132013188,0.0,1,1.6501650165016484,0.607361050508888,439,-0.22956904229377356,neutral,0.7244224422442245,0.7244224422442245,0.7244224422442245,0.7244224422442245,6.101375,5f90da40111dfd48d40ff03d
,0.11322463768115941,8,0.9070294784580692,0.020042709217306196,4,0.4535147392290346,0.014172335600907332,741,-0.24303392581657998,neutral,0.8401360544217688,0.8401360544217688,0.8401360544217688,0.8401360544217688,8.832,5f5c2f2354b236162128479c
,0.23437385559640825,5,0.9523809523809516,0.012856671671384177,4,0.9523809523809516,0.04198971384718214,326,-0.2445449540415562,neutral,0.7743467933491687,0.7743467933491687,0.7743467933491687,0.7743467933491687,4.2666875,5f98c3be111dfd48d40ff6fe
,0.17622115755272866,4,0.7117437722419923,0.038524261734183184,4,1.0676156583629883,0.018442086245303566,412,-0.24564513872345023,neutral,0.7402135231316725,0.7402135231316725,0.7402135231316725,0.7402135231316725,5.6746875,5fbc70fe4c55eb78bd7ce7fd
,0.2232142857142857,1,0.4484304932735422,0.03954735912676436,1,0.4484304932735422,0.023186694563446558,431,-0.24779303051510776,neutral,0.9642058165548099,0.9642058165548099,0.9642058165548099,0.9642058165548099,4.48,5fbcca454c55eb78bd7cea55
,0.21114864864864866,4,0.4237288135593217,0.03916896042836079,6,1.271186440677965,0.0,352,-0.2465404144336581,neutral,0.7457627118644068,0.7457627118644068,0.7457627118644068,0.7457627118644068,4.736,5fbccb524c55eb78bd7cea5b
,0.20380348249200708,2,0.4132231404958674,0.0381190707673944,2,0.4132231404958674,0.042251536883389146,450,-0.2433823804718236,neutral,0.9298969072164949,0.9298969072164949,0.9298969072164949,0.9298969072164949,4.9066875,5fb4bbc44c55eb78bd7cda64
,0.13950892857142858,2,0.28011204481792773,0.024724013328201008,2,0.28011204481792773,0.024724013328201008,249,-0.2423159673148131,neutral,0.34825174825174826,0.34825174825174826,0.34825174825174826,0.34825174825174826,7.168,5fb4bc014c55eb78bd7cda67
,0.1502403846153846,3,0.3012048192771082,0.0,7,0.3012048192771082,0.030861438838017674,613,-0.24994401269433814,neutral,0.9231927710843374,0.9231927710843374,0.9231927710843374,0.9231927710843374,6.656,5fbe1096576e9378b67ad38e
,0.18454653456210568,1,0.7462686567164173,0.0100982439806954,3,0.7462686567164173,0.0100982439806954,353,-0.23903570276130498,neutral,0.6585820895522388,0.6585820895522388,0.6585820895522388,0.6585820895522388,5.4186875,5f696a32d338b948c4e68444
,0.15318627450980393,5,0.9230769230769222,0.01920122887864817,14,2.153846153846152,0.0,542,-0.24444810779468149,neutral,0.8325652841781874,0.8325652841781874,0.8325652841781874,0.8325652841781874,6.528,5f6495d09e04b149046cb4b5
,0.20032051282051283,3,0.4016064257028109,0.03549732837281862,4,0.8032128514056218,0.03549732837281862,391,-0.1967332479777686,neutral,0.785140562248996,0.785140562248996,0.785140562248996,0.785140562248996,4.992,5fbb5e1744697678c497b6e4
,0.3780182393800501,4,1.538461538461537,0.020738156220891712,4,1.538461538461537,0.04789272030651337,207,-0.24695123452572393,neutral,0.7969348659003831,0.7969348659003831,0.7969348659003831,0.7969348659003831,2.645375,5f9a18e09e04b149046ce418
,0.12400793650793651,2,0.24875621890547794,0.021959837925048534,2,0.24875621890547794,0.006723799718823414,429,-0.24435336151898146,neutral,0.5329192546583851,0.5329192546583851,0.5329192546583851,0.5329192546583851,8.064,5fb4be9c576e9378b67ac052
,0.1273773793696412,1,0.7712082262210962,0.013304817034481187,1,2.3136246786632886,0.013304817034481187,397,-0.2430104023164199,neutral,0.5096277278562259,0.5096277278562259,0.5096277278562259,0.5096277278562259,7.8506875,5f5f321154b23616212849e1
,0.2633398071035913,4,1.5957446808510625,0.014395369078863662,2,0.5319148936170208,0.027565033164522915,358,-0.2409193151448008,neutral,0.9521276595744681,0.9521276595744681,0.9521276595744681,0.9521276595744681,3.797375,5fb3867d75b0a9389bf3977e
,0.12143751660278548,10,1.2224938875305884,0.026467769064317113,4,0.48899755501223535,0.015281173594132365,668,-0.2452637730175459,neutral,0.8178484107579462,0.8178484107579462,0.8178484107579462,0.8178484107579462,8.2346875,5f901bd2111dfd48d40fefa0
,0.1227087966868625,4,0.4938271604938377,0.022796238375076074,4,0.9876543209876754,0.012779842749520147,612,-0.23892268486144452,neutral,0.7546239210850801,0.7546239210850801,0.7546239210850801,0.7546239210850801,8.149375,5f69ead6111dfd48d40fce61
,0.17107542287706093,2,0.6896551724137925,0.7825530757088295,6,1.0344827586206886,0.021514629948364894,429,-0.24221224950577241,neutral,0.7383820998278829,0.7383820998278829,0.7383820998278829,0.7383820998278829,5.845375,5f5b41af54b236162128468a
,0.3004807692307692,3,1.212121212121211,0.06540977369973096,2,0.6060606060606055,0.01635244342493274,222,-0.24288665391285144,neutral,0.6706948640483383,0.6706948640483383,0.6706948640483383,0.6706948640483383,3.328,5fb38e29e3dcec421f83590a
,0.18310407177679613,1,0.36900369003690003,0.009968064039876122,6,1.1070110701107,0.019087389447257134,539,-0.24222451007605375,neutral,0.998158379373849,0.998158379373849,0.998158379373849,0.998158379373849,5.461375,5f60b561b878131628349c53
,0.24162249505428957,2,0.49019607843137214,0.04332762139623449,2,0.49019607843137214,0.05883230505414064,362,-0.23916627962532372,neutral,0.8872549019607843,0.8872549019607843,0.8872549019607843,0.8872549019607843,4.1386875,5f922e1df8fac448cc0a7f09
,0.20740971195976252,1,2.5104602510460228,0.0,7,1.2552301255230114,0.42328488640791395,327,-0.23553637086974533,neutral,0.6841004184100419,0.6841004184100419,0.6841004184100419,0.6841004184100419,4.821375,5f5b41852e23c7161acccec4
,0.13241525423728814,10,1.3262599469496303,0.023445185052604903,30,3.978779840848891,0.013745958182839205,670,-0.24478926831462827,neutral,0.8885941644562334,0.8885941644562334,0.8885941644562334,0.8885941644562334,7.552,5f8bc6b89e04b149046cd32a
,0.2693965517241379,1,0.54054054054054,0.04777748521530723,1,1.6216216216216202,0.04777748521530723,339,-0.24720173381016503,neutral,0.918918918918919,0.918918918918919,0.918918918918919,0.918918918918919,3.712,5fbb58a7576e9378b67acb00
,0.1455736511691384,1,0.29325513196480935,0.018301610541727673,1,0.29325513196480935,0.02588238584138167,543,-0.24089964016327112,neutral,0.7950219619326501,0.7950219619326501,0.7950219619326501,0.7950219619326501,6.869375,5fbb8a2c4c55eb78bd7ce6b8
,0.2130662902495539,1,1.2875536480686685,0.026824034334763935,1,0.42918454935622286,0.011615147582945792,288,-0.23942176668678722,neutral,0.6180257510729614,0.6180257510729614,0.6180257510729614,0.6180257510729614,4.693375,5fb4bb2dcb503578af9ed93e
,0.14928297520969594,3,0.3012048192771082,0.03260637815453456,1,0.6024096385542164,0.0,449,-0.24485330181309428,neutral,0.6762048192771084,0.6762048192771084,0.6762048192771084,0.6762048192771084,6.6986875,5f8ed686f8fac448cc0a7b2a
,0.3498108834911126,1,3.571428571428568,0.0,10,2.8571428571428545,0.4071749184588099,262,-0.2369872266788426,happiness,0.9357142857142857,0.9357142857142857,0.9357142857142857,0.9357142857142857,2.8586875,5fba3b174c55eb78bd7ce2b4
,0.11432899597704846,17,0.46082949308756743,0.0,10,1.612903225806486,0.0062286061837202086,640,-0.24481637949661983,neutral,0.7364787111622555,0.7364787111622555,0.7364787111622555,0.7364787111622555,8.7466875,5f8cd1f99e04b149046cd56e
,0.23437385559640825,2,0.4761904761904758,0.01285667167138418,2,0.4761904761904758,0.024618651947412404,338,-0.23789982666269155,happiness,0.8028503562945368,0.8028503562945368,0.8028503562945368,0.8028503562945368,4.2666875,5fbdd3a8576e9378b67ad27d
,0.20740971195976252,1,1.673640167364015,0.026150627615062733,1,0.8368200836820076,0.026150627615062733,350,-0.2453209390568893,neutral,0.7322175732217573,0.7322175732217573,0.7322175732217573,0.7322175732217573,4.821375,5fb9cc7644697678c497b143
,0.2547527306308315,1,0.5154639175257727,0.013914289906562311,3,0.5154639175257727,0.026643836683446318,353,-0.24432748092449322,happiness,0.9151670951156813,0.9151670951156813,0.9151670951156813,0.9151670951156813,3.925375,5fb4b3074c55eb78bd7cd9f3
,0.36057150583675124,1,2.189781021897808,0.037826468868104444,1,6.569343065693425,2.746027327498552,156,-0.217103807457273,happiness,0.5693430656934306,0.5693430656934306,0.5693430656934306,0.5693430656934306,2.773375,5fbdba724c55eb78bd7ceb9a
,0.2467079902550344,4,0.9950248756218898,0.0,3,0.9950248756218898,0.0439743023125962,312,-0.24376945768307795,happiness,0.7761194029850746,0.7761194029850746,0.7761194029850746,0.7761194029850746,4.053375,5f6bd403d338b948c4e686b0
,0.21904005695041479,2,0.4424778761061943,0.047793896456094824,9,2.2123893805309716,0.040811808658247864,275,-0.2446377959610524,happiness,0.6070640176600441,0.6070640176600441,0.6070640176600441,0.6070640176600441,4.565375,5f846eaa111dfd48d40fdda7
,0.18454653456210568,2,4.4776119402985035,0.03449206963094457,1,1.8656716417910433,0.0100982439806954,489,-0.23993908081103305,happiness,0.9123134328358209,0.9123134328358209,0.9123134328358209,0.9123134328358209,5.4186875,5f6be9589e04b149046cbb79
,0.13950892857142858,8,0.8403361344537832,0.014495737720084806,5,0.8403361344537832,0.0174825174825175,600,-0.24663443099948976,happiness,0.8391608391608392,0.8391608391608392,0.8391608391608392,0.8391608391608392,7.168,5f789136f8fac448cc0a641d
,0.30838617658963435,1,0.6289308176100623,0.0,2,1.2578616352201246,0.016967582362547747,288,-0.23971059068249295,happiness,0.9028213166144201,0.9028213166144201,0.9028213166144201,0.9028213166144201,3.2426875,5fbb8c6c4c55eb78bd7ce6c9
,0.1512087247434177,6,0.9118541033434644,0.018996960486322156,2,0.3039513677811548,0.0,518,-0.24904454815048022,happiness,0.7872340425531915,0.7872340425531915,0.7872340425531915,0.7872340425531915,6.613375,5f6012f1b878131628349ba9
,0.13392819774498396,4,0.5405405405405461,0.02765451469425636,3,0.27027027027027306,0.007304532757965982,602,-0.24915539382322635,happiness,0.8124156545209177,0.8124156545209177,0.8124156545209177,0.8124156545209177,7.4666875,5fbdd2534c55eb78bd7cec35
,0.40409142568506123,4,1.6528925619834696,0.0,4,1.6528925619834696,0.02236635856881298,201,-0.244268037623457,happiness,0.8305785123966942,0.8305785123966942,0.8305785123966942,0.8305785123966942,2.4746875,5f85c4c1111dfd48d40fdfbd
,0.25755356309257443,1,1.57068062827225,0.014169263805373655,9,2.0942408376963333,0.04627662180540228,366,-0.24167240493151382,happiness,0.9659685863874345,0.9659685863874345,0.9659685863874345,0.9659685863874345,3.8826875,5f6384a154b2361621284dac
,0.15625,4,0.6269592476489022,0.032068850373151374,3,0.6269592476489022,0.033882058051034336,523,-0.2496214541510283,happiness,0.8184663536776213,0.8184663536776213,0.8184663536776213,0.8184663536776213,6.4,5fb9e0f344697678c497b19d
,0.13786685508470195,4,0.5540166204986176,0.007496757304228222,4,0.5540166204986176,0.028382265080947162,531,-0.24758658418286955,happiness,0.7354570637119113,0.7354570637119113,0.7354570637119113,0.7354570637119113,7.253375,5f851985111dfd48d40fde07
,0.15521472987786541,1,0.3134796238244511,0.0,4,0.6269592476489022,0.02766458455346427,533,-0.23612658750493476,happiness,0.838810641627543,0.838810641627543,0.838810641627543,0.838810641627543,6.4426875,5fb86c6744697678c497ad00
,0.26633374947981686,1,3.78378378378378,0.0,2,0.54054054054054,0.033783783783783744,339,-0.24233596612036606,happiness,0.9297297297297298,0.9297297297297298,0.9297297297297298,0.9297297297297298,3.7546875,5fbdb25544697678c497bcd8
,0.4111842105263158,3,1.6528925619834696,0.051652892561983355,5,2.4793388429752046,0.04282831599115951,141,-0.2463236505822203,happiness,0.5826446280991735,0.5826446280991735,0.5826446280991735,0.5826446280991735,2.432,5fbb69f144697678c497b742
,0.20926248054512875,1,2.1186440677966085,0.0,2,0.4237288135593217,0.011467497401806649,425,-0.23677757471037703,happiness,0.9004237288135594,0.9004237288135594,0.9004237288135594,0.9004237288135594,4.7786875,5f425a499dd513131eaceff8
,0.05527705898407675,2,0.3329633740288639,0.010253882042255514,10,0.5549389567147732,0.009804586538915196,1527,-0.24635353936559334,happiness,0.848585690515807,0.848585690515807,0.848585690515807,0.848585690515807,18.0906875,5f6307bab878131628349e94
,0.3842182359580242,1,0.7874015748031489,0.02122611283785386,3,0.7874015748031489,0.0725009777340638,166,-0.24435715022953813,happiness,0.6509803921568628,0.6509803921568628,0.6509803921568628,0.6509803921568628,2.6026875,5f9a2728d338b948c4e6b093
,0.10463124027256437,1,0.21008403361344985,0.019419904750196105,1,0.21008403361344985,0.019419904750196105,911,-0.24137298741675445,happiness,0.957983193277311,0.957983193277311,0.957983193277311,0.957983193277311,9.557375,5fb8748444697678c497ad44
,0.25201612903225806,1,2.0304568527918763,0.0,1,2.0304568527918763,0.026239120176862318,222,-0.24478870316114082,happiness,0.5620253164556962,0.5620253164556962,0.5620253164556962,0.5620253164556962,3.968,5fba3d05576e9378b67ac887
,0.3842182359580242,1,0.7874015748031489,0.0406449116465122,1,0.7874015748031489,0.0406449116465122,153,-0.24410950861128572,happiness,0.6,0.6,0.6,0.6,2.6026875,5fbc7cf544697678c497b9a5
,0.36057150583675124,1,0.7299270072992694,0.019754229100922404,1,5.109489051094886,0.0,96,-0.24878460881668102,happiness,0.3686131386861314,0.3686131386861314,0.3686131386861314,0.3686131386861314,2.773375,5fbe28b644697678c497bfec
,0.11160714285714285,5,0.4474272930648865,0.006047663434248975,18,0.22371364653244324,0.024190653736996092,622,-0.24336640238093304,happiness,0.6949720670391062,0.6949720670391062,0.6949720670391062,0.6949720670391062,8.96,5f789591111dfd48d40fd629
,0.30838617658963435,1,1.2578616352201246,0.055415891942519356,1,1.2578616352201246,0.06787032945019106,230,-0.2358262605741152,happiness,0.7210031347962382,0.7210031347962382,0.7210031347962382,0.7210031347962382,3.2426875,5fb33e430fb0f33aa31ca1aa
,0.12600806451612903,1,0.2525252525252579,0.02334311783104381,2,0.5050505050505159,0.0258737315510659,660,-0.24631352544031432,happiness,0.8396464646464646,0.8396464646464646,0.8396464646464646,0.8396464646464646,7.936,5f5b7710b878131628349855
,0.20380348249200708,5,0.8264462809917348,0.0,7,0.8264462809917348,0.036448803153945775,429,-0.24296699105205172,happiness,0.8845360824742268,0.8845360824742268,0.8845360824742268,0.8845360824742268,4.9066875,5f5f68852e23c7161accd208
,0.3255208333333333,1,0.6535947712418295,0.03387075970542685,1,3.2679738562091476,0.040849673202614345,243,-0.24748095680689067,happiness,0.803921568627451,0.803921568627451,0.803921568627451,0.803921568627451,3.072,5fba03bc44697678c497b296
,0.1060515675747332,1,0.42643923240939074,0.013312034078807523,1,0.42643923240939074,0.013312034078807523,256,-0.2454200714739636,happiness,0.27263045793397234,0.27263045793397234,0.27263045793397234,0.27263045793397234,9.429375,5fb9fa9dcb503578af9edfb4
,0.18310407177679613,1,1.1070110701107,0.0,8,1.4760147601476001,0.0,487,-0.2437337997604665,happiness,0.8968692449355433,0.8968692449355433,0.8968692449355433,0.8968692449355433,5.461375,5f5e0e7c3bd6941613f6d264
,0.1936975654637241,8,0.7843137254901953,0.040101752227874224,9,1.5686274509803906,0.0,436,-0.23366386910325598,happiness,0.8532289628180039,0.8532289628180039,0.8532289628180039,0.8532289628180039,5.1626875,5f8da3979e04b149046cd69f
,0.21502197255782074,2,0.4366812227074232,0.0,5,0.8733624454148464,0.02258050647028457,280,-0.2329766096613178,happiness,0.6100217864923747,0.6100217864923747,0.6100217864923747,0.6100217864923747,4.6506875,5fbcbfb644697678c497bbb4
,0.14928297520969594,12,1.807228915662649,0.0,15,0.3012048192771082,0.015609115165452851,609,-0.2452095236261532,happiness,0.9216867469879518,0.9216867469879518,0.9216867469879518,0.9216867469879518,6.6986875,5f64c3c3f8fac448cc0a57e1
,0.11718692779820412,1,0.23529411764706384,0.020797258270193016,3,0.23529411764706384,0.021750293320219636,551,-0.24553331145886276,happiness,0.648235294117647,0.648235294117647,0.648235294117647,0.648235294117647,8.533375,5f846d369e04b149046cc895
,0.20926248054512875,3,0.4237288135593217,0.04341524446704178,9,1.271186440677965,0.0,373,-0.24645513894237245,happiness,0.7966101694915254,0.7966101694915254,0.7966101694915254,0.7966101694915254,4.7786875,5f6f338b111dfd48d40fd2b8
,0.22754746497902298,4,0.9216589861751144,0.04721657923604548,6,1.3824884792626717,0.0498862559783663,350,-0.2391734340030419,happiness,0.8064516129032258,0.8064516129032258,0.8064516129032258,0.8064516129032258,4.3946875,5f5cc49a2e23c7161accd03f
,0.3301010934598721,11,4.026845637583889,0.0,11,3.355704697986574,0.0685351016335911,283,-0.22518872941657014,happiness,0.9565217391304348,0.9565217391304348,0.9565217391304348,0.9565217391304348,3.029375,5f81d96b9e04b149046cc5a3
,0.1273773793696412,4,0.5141388174807308,0.023732669219751847,6,0.5141388174807308,0.0,681,-0.24877391488073344,happiness,0.8780487804878049,0.8780487804878049,0.8780487804878049,0.8780487804878049,7.8506875,5f808495f8fac448cc0a666c
,0.14118934373428166,2,0.28490028490028524,0.026335825245279672,2,0.8547008547008557,0.014764177307493785,626,-0.24848779847961427,happiness,0.8917378917378918,0.8917378917378918,0.8917378917378918,0.8917378917378918,7.0826875,5f8e9f4e111dfd48d40fed10
,0.17891088001789107,3,0.36101083032490944,0.12063223696862911,5,0.7220216606498189,0.009752538330905837,459,-0.24224715528623347,happiness,0.827027027027027,0.827027027027027,0.827027027027027,0.827027027027027,5.589375,5fba3cd94c55eb78bd7ce2cb
,0.10557432432432433,6,0.6342494714587873,0.013213530655391381,4,0.42283298097252486,0.013213530655391409,426,-0.24530794644943685,happiness,0.4503171247357294,0.4503171247357294,0.4503171247357294,0.4503171247357294,9.472,5f83c3a7111dfd48d40fdc51
,0.11957878373429595,8,0.9638554216867675,0.022274396773718907,5,0.7228915662650757,0.31626506024097056,621,-0.24083459613276373,happiness,0.7481927710843373,0.7481927710843373,0.7481927710843373,0.7481927710843373,8.3626875,5f97ecf0d338b948c4e6ac6f
,0.12948860095659703,2,0.2610966057441309,0.024135442979355992,1,0.5221932114882618,0.007066134169259609,506,-0.24707773215438208,happiness,0.660574412532637,0.660574412532637,0.660574412532637,0.660574412532637,7.7226875,5f8f822bf8fac448cc0a7c62
,0.15219107589578715,1,0.30769230769230743,0.015920817926053175,9,0.6153846153846149,0.42329891868372865,398,-0.2479529929763628,happiness,0.6113671274961597,0.6113671274961597,0.6113671274961597,0.6113671274961597,6.5706875,5f8acb4fd338b948c4e69df7
,0.0945056762471796,1,0.189753320683116,0.01944212086190151,1,1.7077798861480442,0.01677198247596211,842,-0.245659812944064,happiness,0.7998102466793169,0.7998102466793169,0.7998102466793169,0.7998102466793169,10.581375,5f66fcec111dfd48d40fcbbb
,0.12600806451612903,11,1.2626262626262896,0.0,7,1.0101010101010317,0.0258737315510659,525,-0.23857800976386861,happiness,0.6628787878787878,0.6628787878787878,0.6628787878787878,0.6628787878787878,7.936,5f681b90d338b948c4e682ef
,0.25755356309257443,1,3.1413612565445,0.0,5,1.57068062827225,0.014169263805373655,210,-0.24437629067366395,happiness,0.5497382198952879,0.5497382198952879,0.5497382198952879,0.5497382198952879,3.8826875,5f851cfd9e04b149046cc8ff
,0.2253584608017127,1,0.9090909090909083,0.012301497212847129,1,3.181818181818179,0.0,409,-0.2451902955881778,happiness,0.9295454545454546,0.9295454545454546,0.9295454545454546,0.9295454545454546,4.437375,5fbcdd084c55eb78bd7ceac0
,0.11660447761194029,3,0.9345794392523564,0.02065148309540195,3,0.2336448598130891,0.014602803738318071,695,-0.24333419593936098,happiness,0.8119158878504673,0.8119158878504673,0.8119158878504673,0.8119158878504673,8.576,5f6d8e979e04b149046cbd1d
,0.3125,6,1.886792452830187,0.03918495297805635,3,0.6289308176100623,0.03249044661398314,255,-0.24278086604328272,happiness,0.799373040752351,0.799373040752351,0.799373040752351,0.799373040752351,3.2,5f8255539e04b149046cc5c6
,0.2211074720506336,1,0.4484304932735422,0.03954735912676436,3,0.4484304932735422,0.02318669456344657,335,-0.23274512455490384,happiness,0.7516778523489933,0.7516778523489933,0.7516778523489933,0.7516778523489933,4.5226875,5fb33bef0fb0f33aa31ca194
,0.15419308829481718,2,0.6211180124223596,0.0,27,4.347826086956518,0.0,397,-0.2453827492666619,happiness,0.6155038759689923,0.6155038759689923,0.6155038759689923,0.6155038759689923,6.485375,5f70acee111dfd48d40fd40a
,0.22977941176470587,1,0.4608294930875572,0.04073195744162137,3,0.4608294930875572,0.0,338,-0.2441237109122151,happiness,0.7788018433179723,0.7788018433179723,0.7788018433179723,0.7788018433179723,4.352,5f635f5f3bd6941613f6d6f7
,0.2211074720506336,11,2.690582959641253,0.012108856316896503,10,1.7937219730941687,0.0,371,-0.23820208376342675,happiness,0.8299776286353467,0.8299776286353467,0.8299776286353467,0.8299776286353467,4.5226875,5f6a3b4b9e04b149046cba1c
,0.2966753815059984,1,1.212121212121211,0.01635244342493274,6,1.8181818181818166,0.055854227559475174,326,-0.23482803524448842,happiness,1.0,1.0,1.0,1.0,3.3706875,5f900812111dfd48d40fef6e
,0.14034349069347227,1,2.542372881355937,0.0,15,0.5649717514124304,0.643859070377638,609,-0.24675033043740507,happiness,0.8660084626234132,0.8660084626234132,0.8660084626234132,0.8660084626234132,7.125375,5f681468111dfd48d40fcc7d
,0.11602694725850078,2,0.2336448598130891,0.020651483095401938,42,0.2336448598130891,1.9981310426101668,518,-0.24390261635095137,happiness,0.6051401869158879,0.6051401869158879,0.6051401869158879,0.6051401869158879,8.6186875,5f8d762d9e04b149046cd63b
,0.2391557800962602,1,0.48309178743961306,0.04937830214082827,1,0.48309178743961306,0.0,313,-0.24135299696090956,happiness,0.7542168674698795,0.7542168674698795,0.7542168674698795,0.7542168674698795,4.181375,5fba1d60576e9378b67ac7ac
,0.19054878048780488,1,0.38314176245210696,0.023900573613766712,1,1.5325670498084278,0.019817308737783205,505,-0.24672890467863207,happiness,0.97131931166348,0.97131931166348,0.97131931166348,0.97131931166348,5.248,5fb88870cb503578af9edb55
,0.13392819774498396,9,1.0810810810810922,0.007304532757966054,4,0.5405405405405461,0.0,624,-0.24432893183346233,happiness,0.8434547908232118,0.8434547908232118,0.8434547908232118,0.8434547908232118,7.4666875,5f83eb84d338b948c4e69327
,0.11837121212121211,4,0.475059382422813,0.012294724163535997,13,1.6627078384798455,0.5928764884943233,539,-0.24354713321835814,happiness,0.6393831553973903,0.6393831553973903,0.6393831553973903,0.6393831553973903,8.448,5f83c729111dfd48d40fdc58
,0.14204545454545456,1,0.28490028490028524,0.025181865426871376,1,0.28490028490028524,0.007710340133408468,478,-0.24099793798513353,happiness,0.6809116809116809,0.6809116809116809,0.6809116809116809,0.6809116809116809,7.04,5f893d88f8fac448cc0a72d0
,0.11488970588235294,4,0.46082949308756743,0.0,1,0.46082949308756743,0.3323998851637396,403,-0.2420430511459509,happiness,0.4430379746835443,0.46375143843498273,0.4430379746835443,0.45592635212888377,8.704,5f5b48d654b2361621284699
,0.40409142568506123,3,1.6528925619834696,0.07639565835614165,4,1.6528925619834696,0.07304822119695731,140,-0.24383973622436286,happiness,0.5785123966942148,0.5785123966942148,0.5785123966942148,0.5785123966942148,2.4746875,5f825564f8fac448cc0a690e
,0.23437385559640825,1,0.4761904761904758,0.029691211401425166,1,0.4761904761904758,0.01285667167138418,312,-0.245817090989617,happiness,0.7434679334916865,0.7434679334916865,0.7434679334916865,0.7434679334916865,4.2666875,5f97fbf49e04b149046ce08b
,0.1890113524943592,1,0.38314176245210696,0.01034925195727101,4,0.38314176245210696,0.03534942509022235,326,-0.24781772320787296,happiness,0.6233269598470363,0.6233269598470363,0.6233269598470363,0.6233269598470363,5.2906875,5f6eab3dd338b948c4e68907
,0.5580357142857143,2,1.1235955056179765,0.0,2,1.1235955056179765,0.09931275016664987,173,-0.2455029762140332,happiness,1.0,1.0,1.0,1.0,1.792,5f685970111dfd48d40fcce4
,0.14204545454545456,7,0.28490028490028524,0.029190876621714813,6,1.4245014245014262,0.026335825245279647,449,-0.24404697278807097,happiness,0.6396011396011396,0.6396011396011396,0.6396011396011396,0.6396011396011396,7.04,5f77e0d5f8fac448cc0a6388
,0.12877678154628722,2,0.2590673575129589,0.40426908150065544,4,0.5181347150259178,0.0,512,-0.2463019677193054,happiness,0.6623544631306598,0.6623544631306598,0.6623544631306598,0.6623544631306598,7.765375,5f7152b0111dfd48d40fd46c
,0.1512087247434177,6,0.6079027355623096,0.031142850134412994,5,0.9118541033434644,0.0,569,-0.24675367282952249,happiness,0.8647416413373861,0.8647416413373861,0.8647416413373861,0.8647416413373861,6.613375,5f6c3a68d338b948c4e68724
,0.1936975654637241,3,0.39215686274509765,0.03617954857570704,1,0.39215686274509765,0.02028268585099924,268,-0.2420579934928231,happiness,0.5244618395303327,0.5244618395303327,0.5244618395303327,0.5244618395303327,5.1626875,5f425d239dd513131eacf024
,0.16389748212493085,3,0.3300330033003297,0.017103056880958107,15,0.3300330033003297,0.8902405840776473,444,-0.23872170203545862,happiness,0.7326732673267327,0.7326732673267327,0.7326732673267327,0.7326732673267327,6.101375,5fbb6759cb503578af9ee492
,0.3498108834911126,5,2.142857142857141,0.044642857142857095,2,2.8571428571428545,0.019330924191616913,274,-0.23761516046485065,happiness,0.9785714285714285,0.9785714285714285,0.9785714285714285,0.9785714285714285,2.8586875,5f78773cd338b948c4e68ca8
,0.15219107589578715,3,0.30769230769230743,0.03147771949069697,1,0.9230769230769222,0.01592081792605318,543,-0.24752846318645666,happiness,0.8341013824884793,0.8341013824884793,0.8341013824884793,0.8341013824884793,6.5706875,5fbcd2aecb503578af9ee96f
,0.22977941176470587,3,0.9216589861751144,0.04259850074236469,18,0.9216589861751144,0.0,186,-0.23080472135251223,happiness,0.42857142857142855,0.42857142857142855,0.42857142857142855,0.42857142857142855,4.352,5fb4b6ab4c55eb78bd7cda26
,0.17233394009241407,1,0.6968641114982572,0.009429719117861914,4,0.6968641114982572,0.009429719117861914,437,-0.24230697573174034,happiness,0.7613240418118467,0.7613240418118467,0.7613240418118467,0.7613240418118467,5.8026875,5fb8899c44697678c497add5
,0.17233394009241407,1,0.3484320557491286,0.032208622512519644,1,2.4390243902439,0.03079733367537224,560,-0.24585159015071914,happiness,0.975609756097561,0.975609756097561,0.975609756097561,0.975609756097561,5.8026875,5fbc83f24c55eb78bd7ce872
,0.3551136363636364,4,1.4285714285714273,0.5480126650531655,10,2.142857142857141,0.0631345340345131,253,-0.2448787812874607,happiness,0.9035714285714286,0.9035714285714286,0.9035714285714286,0.9035714285714286,2.816,5f99265bd338b948c4e6ae9a
,0.11377373248951149,8,0.22883295194508496,0.006185895741317541,24,2.9748283752861044,0.1217956636070021,602,-0.24773579003003765,happiness,0.688,0.688,0.688,0.688,8.789375,5f9924ee111dfd48d40ff7c5
,0.1936975654637241,2,0.39215686274509765,0.036179548575707,3,1.176470588235293,0.02028268585099924,348,-0.2471088161979836,happiness,0.6829745596868885,0.6829745596868885,0.6829745596868885,0.6829745596868885,5.1626875,5fbe0a4ecb503578af9eec41
,0.12948860095659703,3,0.2610966057441309,0.02675195220423525,20,2.610966057441309,0.01353061680138481,480,-0.24657602039500987,happiness,0.6266318537859008,0.6266318537859008,0.6266318537859008,0.6266318537859008,7.7226875,5f6f5832d338b948c4e68975
,0.25201612903225806,1,1.5228426395939072,0.013702933604184134,10,2.538071065989845,0.9364562501495508,361,-0.24709365944493075,happiness,0.9139240506329114,0.9139240506329114,0.9139240506329114,0.9139240506329114,3.968,5f5ec27554b2361621284969
,0.1953125,1,1.176470588235293,0.010592287228283238,1,4.313725490196074,0.0,443,-0.24513336276026482,happiness,0.8688845401174168,0.8688845401174168,0.8688845401174168,0.8688845401174168,5.12,5fbe23c3576e9378b67ad3cb
,0.14928297520969594,4,0.3012048192771082,0.026622996279613963,2,0.3012048192771082,0.032606378154534564,608,-0.2437577096766558,happiness,0.9156626506024096,0.9156626506024096,0.9156626506024096,0.9156626506024096,6.6986875,5fba3605576e9378b67ac82a
,0.14118934373428166,7,1.139601139601141,0.026335825245279644,15,2.8490028490028525,0.2775722448027051,581,-0.24101730966146223,happiness,0.8361823361823362,0.8361823361823362,0.8361823361823362,0.8361823361823362,7.0826875,5f605a6b3bd6941613f6d436
,0.3498108834911126,1,2.142857142857141,0.7025933364079074,3,1.4285714285714273,0.044642857142857095,275,-0.24512366843880184,happiness,1.0,1.0,1.0,1.0,2.8586875,5f6ea683d338b948c4e688f5
,0.12600806451612903,1,1.2626262626262896,0.013086429886187937,3,0.2525252525252579,0.013086429886187937,606,-0.24462150866728338,happiness,0.7209595959595959,0.7651515151515151,0.7209595959595959,0.7563131313131313,7.936,5f6a169cf8fac448cc0a5cf5
,0.13167098712093156,10,1.3262599469496303,0.013745958182839288,1,1.0610079575597042,0.007178592538001138,559,-0.24748642634386422,happiness,0.7413793103448276,0.7413793103448276,0.7413793103448276,0.7413793103448276,7.5946875,5f989d8a9e04b149046ce17d
,0.10800666941183618,4,0.43478260869566143,0.0,4,0.21739130434783072,0.01921485818441745,798,-0.24463935685010826,happiness,0.8673913043478261,0.8673913043478261,0.8673913043478261,0.8673913043478261,9.2586875,5f6affecd338b948c4e68630
,0.13469827586206895,4,0.5405405405405461,0.0,5,0.8108108108108192,0.007304532757966007,449,-0.2485458367913626,happiness,0.6059379217273954,0.6059379217273954,0.6059379217273954,0.6059379217273954,7.424,5f8c22b6111dfd48d40fe87a
,0.20204571284253062,1,1.2244897959183665,0.0,5,1.2244897959183665,0.0417352248237143,389,-0.24685289797884957,happiness,0.7922606924643585,0.7922606924643585,0.7922606924643585,0.7922606924643585,4.949375,5fbb6c4544697678c497b759
,0.3301010934598721,7,2.684563758389259,0.06183193753239559,2,0.6711409395973148,0.041806020066889604,257,-0.23761580776726401,happiness,0.8695652173913043,0.8695652173913043,0.8695652173913043,0.8695652173913043,3.029375,5f60b7b354b2361621284af4
,0.2966753815059984,4,1.212121212121211,0.031312545226164994,2,1.212121212121211,0.055854227559475174,309,-0.24527520724730398,happiness,0.9365558912386707,0.9365558912386707,0.9365558912386707,0.9365558912386707,3.3706875,5f60bba73bd6941613f6d486
,0.15318627450980393,2,0.30769230769230743,0.033257503985577495,1,0.6153846153846149,0.008314375996394376,381,-0.23654478460304293,happiness,0.5852534562211982,0.5852534562211982,0.5852534562211982,0.5852534562211982,6.528,5f6b6c76111dfd48d40fd006
,0.13093503985335275,2,0.2631578947368477,0.013637437460343222,7,1.3157894736842386,0.016447368421052988,607,-0.24696756840250847,happiness,0.7986842105263158,0.7986842105263158,0.7986842105263158,0.7986842105263158,7.637375,5f5e1abe2e23c7161accd114
,0.16861451560211188,7,1.3651877133105792,0.009220883771129014,6,1.0238907849829344,0.03490970253567924,314,-0.24643539802927164,happiness,0.534923339011925,0.534923339011925,0.534923339011925,0.534923339011925,5.9306875,5f8271d3d338b948c4e6916d
,0.2633398071035913,1,2.1276595744680833,0.05758147631545464,3,1.0638297872340416,0.04916954606964437,310,-0.24919570806953012,happiness,0.8324468085106383,0.8324468085106383,0.8324468085106383,0.8324468085106383,3.797375,5f93800cf8fac448cc0a8109
,0.12877678154628722,3,0.5181347150259178,0.02391688139998278,11,1.2953367875647945,0.023916881399982774,588,-0.2451433916228559,happiness,0.7606727037516171,0.7606727037516171,0.7606727037516171,0.7606727037516171,7.765375,5f89a3f6f8fac448cc0a73ab
,0.20380348249200708,2,0.4132231404958674,0.011160121182789142,2,0.4132231404958674,0.021370005092496105,422,-0.24329026878259946,happiness,0.8701030927835052,0.8701030927835052,0.8701030927835052,0.8701030927835052,4.9066875,5f7134d1d338b948c4e68ac2
,0.45955882352941174,4,1.8518518518518503,0.02505860543357745,2,0.9259259259259252,0.09487034902057284,200,-0.24757029304461775,happiness,0.9305555555555556,0.9305555555555556,0.9305555555555556,0.9305555555555556,2.176,5f97e804f8fac448cc0a835e
,0.10952077814512871,4,1.103752759381922,0.020383406088408704,7,0.4415011037527688,0.1670942069043881,845,-0.23887919798522103,happiness,0.9349503858875413,0.9349503858875413,0.9349503858875413,0.9349503858875413,9.1306875,5f8ea276d338b948c4e6a3fc
,0.16622340425531915,1,0.33333333333333304,0.017274087449767692,7,0.9999999999999991,0.036084391824351573,440,-0.24238477407220485,happiness,0.7333333333333333,0.7333333333333333,0.7333333333333333,0.7333333333333333,6.016,5fb9e364576e9378b67ac63e
,0.14928297520969594,1,0.3012048192771082,0.6847339412452258,12,2.1084337349397573,0.01560911516545275,603,-0.24179866385605542,happiness,0.9126506024096386,0.9126506024096386,0.9126506024096386,0.9126506024096386,6.6986875,5f5b5c8054b23616212846d4
,0.23674242424242423,7,1.4285714285714273,0.0,4,0.9523809523809516,0.048674573369225045,421,-0.23579146804624815,happiness,1.0,1.0,1.0,1.0,4.224,5f79190c111dfd48d40fd65c
,0.33481909305878166,1,1.369863013698629,0.018473238135333577,5,1.369863013698629,0.0,222,-0.24323968073711993,happiness,0.757679180887372,0.757679180887372,0.757679180887372,0.757679180887372,2.9866875,5f984fd5d338b948c4e6ad53
,0.11777609292533732,1,2.850356294536878,0.12841420578061347,5,0.7125890736342195,0.025682841156122682,842,-0.24747530025209352,happiness,0.9988137603795967,0.9988137603795967,0.9988137603795967,0.9988137603795967,8.4906875,5f5b60062e23c7161acccf07
,0.33967391304347827,1,4.109589041095887,0.018473238135333577,1,4.7945205479452015,0.06309812055353681,255,-0.2414577224701656,happiness,0.8703071672354948,0.8703071672354948,0.8703071672354948,0.8703071672354948,2.944,5f6a9debf8fac448cc0a5d57
,0.12948860095659703,7,1.0443864229765236,0.023077897558308195,1,0.2610966057441309,0.023077897558308184,642,-0.24706015034511272,happiness,0.8407310704960835,0.8407310704960835,0.8407310704960835,0.8407310704960835,7.7226875,5f6d84d29e04b149046cbd0a
,0.11322463768115941,3,0.2267573696145173,0.0,1,3.628117913832277,0.014172335600907332,344,-0.2406749731069268,happiness,0.3900226757369615,0.3900226757369615,0.3900226757369615,0.3900226757369615,8.832,5f6eaf3b111dfd48d40fd28f
,0.11003521126760564,3,1.7660044150110752,0.0,5,0.4415011037527688,0.0,820,-0.24490786154439964,happiness,0.9073869900771775,0.9073869900771775,0.9073869900771775,0.9073869900771775,9.088,5f9808fc9e04b149046ce0ec
,0.15521472987786541,4,0.6269592476489022,0.016219800422317094,4,0.6269592476489022,0.0,372,-0.24057498357111817,happiness,0.5524256651017214,0.5821596244131455,0.5524256651017214,0.5762128325508608,6.4426875,5fb33d240fb0f33aa31ca1a0
,0.2253584608017127,1,0.45454545454545414,0.012301497212847129,1,0.45454545454545414,0.012301497212847129,438,-0.23952171837782704,happiness,0.9954545454545455,0.9954545454545455,0.9954545454545455,0.9954545454545455,4.437375,5fb8c76c576e9378b67ac3de
,0.18454653456210568,2,0.37313432835820864,0.040392975922781627,2,0.37313432835820864,0.040392975922781627,237,-0.2444824905450913,happiness,0.44216417910447764,0.44216417910447764,0.44216417910447764,0.44216417910447764,5.4186875,5f61ec172e23c7161accd3ef
,0.17891088001789107,6,0.7220216606498189,0.03901015332362335,6,1.0830324909747282,0.03185165681020483,471,-0.23759929567231836,happiness,0.8486486486486486,0.8486486486486486,0.8486486486486486,0.8486486486486486,5.589375,5f8cd7b7f8fac448cc0a7840
,0.08400537634408602,3,0.16835016835017194,0.010513036164844614,3,0.16835016835017194,0.004552278194829981,1012,-0.24497025490537877,happiness,0.8536585365853658,0.8536585365853658,0.8536585365853658,0.8536585365853658,11.904,5f61f0f854b2361621284bd0
,0.2467079902550344,1,0.4975124378109449,0.025782220074280136,1,0.9950248756218898,0.03109452736318405,236,-0.2419031358749836,happiness,0.5870646766169154,0.5870646766169154,0.5870646766169154,0.5870646766169154,4.053375,5fba3cbc4c55eb78bd7ce2c8
,0.08281787830948006,3,0.16638935108153433,0.004503043904869261,8,1.996672212978412,0.0,943,-0.24547058955401005,happiness,0.7845257903494176,0.7845257903494176,0.7845257903494176,0.7845257903494176,12.0746875,5f5f67c3b878131628349b23
,0.15625,1,0.3134796238244511,0.0,7,1.2539184952978044,0.028932315058194446,500,-0.24412258752582044,happiness,0.7824726134585289,0.7824726134585289,0.7824726134585289,0.7824726134585289,6.4,5f6d5e89d338b948c4e6881e
,0.19054878048780488,4,0.7662835249042139,0.03380051535308542,4,0.7662835249042139,0.0,478,-0.24664169490450863,happiness,0.9139579349904398,0.9139579349904398,0.9139579349904398,0.9139579349904398,5.248,5f6c3342f8fac448cc0a5ed6
,0.390625,1,0.7874015748031489,0.0406449116465122,1,0.7874015748031489,0.0406449116465122,209,-0.24756055340295968,happiness,0.8196078431372549,0.8196078431372549,0.8196078431372549,0.8196078431372549,2.56,5fb8e24dcb503578af9edd89
,0.19695216524286663,2,0.39682539682539647,0.020564389821152006,4,0.39682539682539647,0.02056438982115201,448,-0.23419613101263778,happiness,0.8988095238095238,0.8988095238095238,0.8988095238095238,0.8988095238095238,5.077375,5f7134abd338b948c4e68ac0
,0.1936975654637241,11,2.352941176470586,0.024461839530332652,7,1.176470588235293,0.02028268585099924,295,-0.24624637978425118,happiness,0.5772994129158513,0.5772994129158513,0.5772994129158513,0.5772994129158513,5.1626875,5f70a57e111dfd48d40fd3fd
,0.16052974816895757,2,0.6472491909385107,0.00874419834192687,2,0.32362459546925537,0.0,389,-0.24478195952342552,happiness,0.6284329563812601,0.6284329563812601,0.6284329563812601,0.6284329563812601,6.229375,5f5b74942e23c7161acccf4f
,0.08911563868064297,1,0.5366726296958969,0.009270529937263728,3,0.8944543828264949,0.2517515708675747,725,-0.24603085776267886,happiness,0.6511627906976745,0.6529516994633273,0.6511627906976745,0.6525939177101968,11.221375,5f607c5254b2361621284ac0
,0.11268002394450509,1,0.2267573696145173,0.020961167031957703,6,0.6802721088435519,0.020042709217306196,499,-0.2495412884234741,happiness,0.5657596371882087,0.5657596371882087,0.5657596371882087,0.5657596371882087,8.8746875,5f811bee111dfd48d40fd933
,0.3255208333333333,5,1.9607843137254886,0.05777016186164599,1,2.614379084967318,0.0,134,-0.21556218669621902,happiness,0.43790849673202614,0.43790849673202614,0.43790849673202614,0.43790849673202614,3.072,5f85b08bd338b948c4e695e6
,0.11488970588235294,1,0.6912442396313512,0.280471768844086,5,0.46082949308756743,0.024914424734880834,449,-0.2434149349304781,happiness,0.5166858457997698,0.5166858457997698,0.5166858457997698,0.5166858457997698,8.704,5fb49996576e9378b67abf79
,0.3004807692307692,2,1.212121212121211,0.01635244342493274,5,1.212121212121211,0.05340685658508662,314,-0.24075095613027245,happiness,0.9577039274924471,0.9577039274924471,0.9577039274924471,0.9577039274924471,3.328,5f9a287bd338b948c4e6b09c
,0.17891088001789107,1,0.36101083032490944,0.0,3,0.36101083032490944,0.58515229985435,551,-0.2399167388921529,happiness,0.9981981981981982,0.9981981981981982,0.9981981981981982,0.9981981981981982,5.589375,5f62123b2e23c7161accd42c
,0.18310407177679613,5,1.1070110701107,0.03773848137834944,8,1.4760147601476001,0.5151023817107644,429,-0.234359274374797,happiness,0.7900552486187845,0.7900552486187845,0.7900552486187845,0.7900552486187845,5.461375,5f6010cd54b2361621284a6d
,0.12019230769230768,5,0.48192771084338376,0.021298397023691653,11,1.2048192771084594,0.02608510252362819,645,-0.24358844011655306,happiness,0.7771084337349398,0.7771084337349398,0.7771084337349398,0.7771084337349398,8.32,5fba1a684c55eb78bd7ce1c0
,0.4261325804991078,1,4.385964912280698,0.023636064513767412,5,1.754385964912279,0.02363606451376746,160,-0.2436816775772969,happiness,0.6986899563318777,0.6986899563318777,0.6986899563318777,0.6986899563318777,2.3466875,5f685cddf8fac448cc0a5b1c
,0.06793478260869565,14,0.27210884353742076,0.013940132917308964,1,1.088435374149683,0.0070506479386808485,1276,-0.24862055945568104,happiness,0.8680272108843538,0.8680272108843538,0.8680272108843538,0.8680272108843538,14.72,5f5cc8f9b87813162834991b
,0.34466416785144977,2,0.6993006993006987,0.03623934430021192,9,0.6993006993006987,0.8327167344081132,192,-0.2414971368101897,happiness,0.6888111888111889,0.6888111888111889,0.6888111888111889,0.6888111888111889,2.901375,5fbb1ce744697678c497b515
,0.12081124752714478,22,0.9708737864077877,0.012578219016821485,9,0.9708737864077877,0.024868926442286683,497,-0.24509905535422635,happiness,0.6031553398058253,0.6031553398058253,0.6031553398058253,0.6031553398058253,8.277375,5f8b71a9d338b948c4e69e92
,0.18168604651162792,7,1.094890510948904,0.03732603895891392,8,1.4598540145985388,0.009859123449276391,384,-0.24655861361566922,happiness,0.6994535519125683,0.6994535519125683,0.6994535519125683,0.6994535519125683,5.504,5f886613f8fac448cc0a71f2
,0.11718692779820412,7,0.9411764705882554,0.006367833851356288,7,1.411764705882383,0.012193473493953909,748,-0.24847880991516225,happiness,0.88,0.88,0.88,0.88,8.533375,5f5e1ada54b2361621284907
,0.4261325804991078,2,0.8771929824561395,0.09454425805506965,1,0.8771929824561395,0.08948469601940495,121,-0.24501668790720235,happiness,0.5283842794759825,0.5283842794759825,0.5283842794759825,0.5283842794759825,2.3466875,5fb38178e3dcec421f835883
,0.2170138888888889,1,0.8733624454148464,0.011792284909918816,1,0.4366812227074232,0.044644870127328394,299,-0.2486506109492881,happiness,0.6514161220043573,0.6514161220043573,0.6514161220043573,0.6514161220043573,4.608,5f62bdfdb878131628349dfe
,0.23437385559640825,2,0.4761904761904758,0.01285667167138418,1,0.4761904761904758,0.0,231,-0.23981310442319953,happiness,0.5273159144893111,0.5486935866983373,0.5273159144893111,0.5444180522565321,4.2666875,5f6a1689111dfd48d40fcea6
,0.2232142857142857,13,2.690582959641253,0.0,2,0.4484304932735422,0.023186694563446547,401,-0.24728638113588836,happiness,0.8970917225950783,0.8970917225950783,0.8970917225950783,0.8970917225950783,4.48,5f77c25a9e04b149046cc060
,0.28935185185185186,1,0.5813953488372088,0.030129222296106428,1,0.5813953488372088,0.036337209302325535,330,-0.2411512557475374,happiness,0.9593023255813954,0.9593023255813954,0.9593023255813954,0.9593023255813954,3.456,5fb9fe2744697678c497b269
,0.1890113524943592,2,0.38314176245210696,0.03534942509022234,2,0.38314176245210696,0.03918163554195743,499,-0.24861445417386868,happiness,0.9541108986615678,0.9541108986615678,0.9541108986615678,0.9541108986615678,5.2906875,5f6216693bd6941613f6d5b6
,0.3551136363636364,2,4.285714285714282,0.0631345340345131,12,2.8571428571428545,0.0731856978158703,266,-0.24035907829721354,happiness,0.95,0.95,0.95,0.95,2.816,5f923391111dfd48d40ff15c
,0.2604166666666667,4,1.0471204188481666,0.0327225130890052,2,0.5235602094240833,0.014169263805373655,378,-0.24109875460965896,happiness,0.9973821989528796,0.9973821989528796,0.9973821989528796,0.9973821989528796,3.84,5f8305f4111dfd48d40fdba8
,0.14467592592592593,2,0.2898550724637682,0.026793839597371447,6,0.8695652173913045,0.007844433005293815,520,-0.24708034499837012,happiness,0.7536231884057971,0.7536231884057971,0.7536231884057971,0.7536231884057971,6.912,5f6291033bd6941613f6d60e
,0.390625,5,2.3622047244094464,0.0,4,1.5748031496062977,0.08036076622919108,248,-0.24848244472214734,happiness,0.9921568627450981,0.9921568627450981,0.9921568627450981,0.9921568627450981,2.56,5f71cdb0d338b948c4e68af8
,0.4111842105263158,1,0.8264462809917348,0.042828315991159556,4,4.132231404958674,0.02236635856881298,240,-0.24522462893083738,happiness,0.9917355371900827,0.9917355371900827,0.9917355371900827,0.9917355371900827,2.432,5f85073af8fac448cc0a6c08
,0.17233394009241407,2,0.3484320557491286,0.03771887647144766,8,1.3937282229965144,0.6051450764456056,433,-0.25191216951439627,happiness,0.6881533101045296,0.7543554006968641,0.6881533101045296,0.7411149825783973,5.8026875,5fbb665acb503578af9ee485
,0.27901785714285715,2,0.5617977528089882,0.06064603667958249,1,0.5617977528089882,0.03501400560224087,144,-0.2446783299577094,happiness,0.40336134453781514,0.40336134453781514,0.40336134453781514,0.40336134453781514,3.584,5f98e3fb9e04b149046ce200
,0.14204545454545456,14,1.9943019943019966,0.014764177307493775,5,1.9943019943019966,0.029190876621714764,496,-0.24409904462783633,happiness,0.7065527065527065,0.7065527065527065,0.7065527065527065,0.7065527065527065,7.04,5f70a5a9f8fac448cc0a6209
,0.13950892857142858,1,0.5602240896358555,0.0,1,0.28011204481792773,0.024724013328201008,289,-0.24037146473057422,happiness,0.4041958041958042,0.4041958041958042,0.4041958041958042,0.4041958041958042,7.168,5fb490f7576e9378b67abf3b
,0.19862205946247904,2,1.2048192771084327,0.02081215355393698,4,1.2048192771084327,0.025100401606425682,306,-0.24446788330036523,happiness,0.6044176706827309,0.6144578313253012,0.6044176706827309,0.6124497991967871,5.0346875,5f6b753df8fac448cc0a5e3b
,0.11545510961019469,4,0.4640371229698475,0.025087642056328435,19,2.3201856148492377,0.02142265274876788,685,-0.24538350143990764,happiness,0.7937427578215527,0.7937427578215527,0.7937427578215527,0.7937427578215527,8.661375,5f6b758d111dfd48d40fd017
,0.27901785714285715,1,1.6853932584269646,0.0,7,1.6853932584269646,0.051786412667188426,343,-0.2404031141150044,happiness,0.9607843137254902,0.9607843137254902,0.9607843137254902,0.9607843137254902,3.584,5fbcba4a44697678c497bb6c
,0.3972391876458613,3,1.6129032258064502,0.08262901366307956,1,2.4193548387096753,0.021825236990535228,216,-0.22562449831291667,happiness,0.8709677419354839,0.8709677419354839,0.8709677419354839,0.8709677419354839,2.517375,5fbc7c2844697678c497b99c
,0.21904005695041479,2,0.4424778761061943,0.022879586026182373,5,0.8849557522123886,0.04779389645609485,231,-0.24348803491739632,happiness,0.5099337748344371,0.5099337748344371,0.5099337748344371,0.5099337748344371,4.565375,5f87bc3d111dfd48d40fe2d2
,0.2391557800962602,6,0.9661835748792261,0.013042551261813806,3,0.48309178743961306,0.04454879354743681,314,-0.24608508123817288,happiness,0.6481927710843374,0.7566265060240964,0.6481927710843374,0.7349397590361446,4.181375,5f8c1abef8fac448cc0a75f8
,0.2320522117476432,17,3.755868544600936,0.047990621518603685,3,0.469483568075117,0.024272722411851556,401,-0.24746684061349605,happiness,0.9391100702576113,0.9391100702576113,0.9391100702576113,0.9391100702576113,4.309375,5f699f88d338b948c4e6849c
,0.17891088001789107,1,0.36101083032490944,0.0,9,1.4440433212996377,0.03692251421341215,521,-0.2339700317695939,happiness,0.9405405405405406,0.9405405405405406,0.9405405405405406,0.9405405405405406,5.589375,5f41495e9dd513131eacee7d
,0.2391557800962602,1,2.4154589371980655,0.0,nan,1.4492753623188392,nan,411,-0.24530789987112955,happiness,0.9975903614457832,0.9975903614457832,0.9975903614457832,0.9975903614457832,4.181375,5f6d54449e04b149046cbcba
,0.10800666941183618,1,0.21739130434783072,0.013586956521739413,1,0.21739130434783072,0.005883324753970493,853,-0.24257060103530814,happiness,0.9304347826086956,0.9304347826086956,0.9304347826086956,0.9304347826086956,9.2586875,5fbe31314c55eb78bd7cee7d
,0.1583609640223685,10,0.31948881789137357,0.0,6,0.9584664536741208,0.0,537,-0.2288438984241991,happiness,0.8578274760383386,0.8578274760383386,0.8578274760383386,0.8578274760383386,6.3146875,5f6608bbf8fac448cc0a5918
,0.28582146876507264,3,0.5813953488372088,0.0513885742141386,15,0.5813953488372088,0.05138857421413856,305,-0.2402316120420677,happiness,0.8866279069767442,0.8866279069767442,0.8866279069767442,0.8866279069767442,3.4986875,5f85194dd338b948c4e69498
,0.24933381122313816,1,1.5228426395939072,0.03164556962025314,1,0.5076142131979691,0.05187846933783222,288,-0.2445096769005913,happiness,0.7367088607594937,0.7367088607594937,0.7367088607594937,0.7367088607594937,4.0106875,5f90c9e5d338b948c4e6a71c
,0.24162249505428957,1,0.49019607843137214,0.04531311108378991,7,1.4705882352941164,0.04332762139623446,317,-0.24216879957935938,happiness,0.7769607843137255,0.7769607843137255,0.7769607843137255,0.7769607843137255,4.1386875,5fbc82c34c55eb78bd7ce866
,0.2253584608017127,1,0.9090909090909083,0.028409090909090884,6,0.9090909090909083,0.04017652165832653,269,-0.24422828679190403,happiness,0.6113636363636363,0.6113636363636363,0.6113636363636363,0.6113636363636363,4.437375,5f3f41d89dd513131eace798
,0.27252597513200477,1,0.5524861878453033,0.05964362285016791,2,0.5524861878453033,0.05964362285016788,270,-0.24204615847838018,happiness,0.7520661157024794,0.7520661157024794,0.7520661157024794,0.7520661157024794,3.669375,5fbc7ce44c55eb78bd7ce82c
,0.10058970715821502,2,0.20202020202020632,0.01785623184814553,11,1.0101010101010317,0.010469143908950339,666,-0.24877330871906897,happiness,0.6727272727272727,0.6727272727272727,0.6727272727272727,0.6727272727272727,9.941375,5f715637d338b948c4e68ae4
,0.1583609640223685,1,1.5974440894568678,0.5305643073317258,3,0.31948881789137357,0.01655663333843551,411,-0.24283375936623636,happiness,0.6485623003194888,0.6565495207667732,0.6485623003194888,0.6549520766773163,6.3146875,5f8cc496d338b948c4e6a14f
,0.24162249505428957,2,0.49019607843137214,0.01326632052365868,6,1.4705882352941164,0.013266320523658634,263,-0.23749833189196465,happiness,0.6446078431372549,0.6446078431372549,0.6446078431372549,0.6446078431372549,4.1386875,5fbb2e5e4c55eb78bd7ce3fd
,0.22977941176470587,1,0.4608294930875572,0.023881226889079756,5,1.8433179723502289,0.04073195744162134,305,-0.24696905315605874,happiness,0.7027649769585254,0.7027649769585254,0.7027649769585254,0.7027649769585254,4.352,5fbb88a9576e9378b67acc66
,0.15943877551020408,7,0.9584664536741208,0.0,7,1.2779552715654943,0.03458567906487367,523,-0.24549535866005354,happiness,0.8354632587859425,0.8354632587859425,0.8354632587859425,0.8354632587859425,6.272,5f78250a111dfd48d40fd5b1
,0.2547527306308315,6,1.546391752577318,0.013914289906562335,9,3.092783505154636,0.02664383668344637,336,-0.24245593338190013,happiness,0.8637532133676092,0.8637532133676092,0.8637532133676092,0.8637532133676092,3.925375,5f87bd60111dfd48d40fe2d4
,0.20740971195976252,2,0.4184100418410038,0.03867729983720979,4,0.8368200836820076,0.03867729983720979,429,-0.23325714745484447,happiness,0.9079497907949791,0.9079497907949791,0.9079497907949791,0.9079497907949791,4.821375,5f60b7f1b878131628349c58
,0.1512087247434177,3,0.6079027355623096,0.02809688346836823,6,0.6079027355623096,0.22771603523436254,656,-0.24698171417158044,happiness,0.9969604863221885,0.9969604863221885,0.9969604863221885,0.9969604863221885,6.613375,5fb37fa248cdda3a922e4f26
,0.1936975654637241,16,3.137254901960781,0.0,15,3.137254901960781,0.042369148913132954,444,-0.24015129513138334,happiness,0.8747553816046967,0.8747553816046967,0.8747553816046967,0.8747553816046967,5.1626875,5fb9c791576e9378b67ac591
,0.3842182359580242,1,0.7874015748031489,0.08036076622919112,1,0.7874015748031489,0.08036076622919112,251,-0.24177789676760736,happiness,0.996078431372549,0.996078431372549,0.996078431372549,0.996078431372549,2.6026875,5f937dc3f8fac448cc0a80fb
,0.20926248054512875,1,0.4237288135593217,0.011467497401806649,5,1.271186440677965,0.045869989607226595,374,-0.24513876155244918,happiness,0.7944915254237288,0.7944915254237288,0.7944915254237288,0.7944915254237288,4.7786875,5fbe07becb503578af9eec19
,0.14204545454545456,13,0.28490028490028524,0.6375539098991516,1,3.703703703703708,0.025181865426871376,562,-0.24287672981711883,happiness,0.8005698005698005,0.8005698005698005,0.8005698005698005,0.8005698005698005,7.04,5f65395a9e04b149046cb511
,0.09765625,5,0.39138943248533126,0.017297132612195763,2,0.9784735812133282,0.012230919765166604,622,-0.2465220034301586,happiness,0.6086105675146771,0.6086105675146771,0.6086105675146771,0.6086105675146771,10.24,5f3cc7908a3c1005aa97c704
,0.1953125,12,1.176470588235293,0.020282685850999224,10,1.176470588235293,0.024461839530332652,498,-0.2423002642667001,happiness,0.974559686888454,0.974559686888454,0.974559686888454,0.974559686888454,5.12,5f6980be111dfd48d40fcdf8
,0.16052974816895757,4,0.6472491909385107,0.0298671232991701,5,0.32362459546925537,0.0,384,-0.24627482088810054,happiness,0.6203554119547657,0.6203554119547657,0.6203554119547657,0.6203554119547657,6.229375,5f8271fbf8fac448cc0a6923
,0.13093503985335275,10,1.3157894736842386,0.02432598595024559,5,0.2631578947368477,0.0,713,-0.237846975993894,happiness,0.9381578947368421,0.9381578947368421,0.9381578947368421,0.9381578947368421,7.637375,5f62b9292e23c7161accd4c7
,0.3551136363636364,2,1.4285714285714273,0.019330924191616913,6,2.8571428571428545,0.0,274,-0.24382118514146586,happiness,0.9928571428571429,0.9928571428571429,0.9928571428571429,0.9928571428571429,2.816,5fb9faab4c55eb78bd7ce10a
,0.3551136363636364,4,2.8571428571428545,0.0631345340345131,1,0.7142857142857136,0.06313453403451312,228,-0.24190227887851803,happiness,0.8321428571428572,0.8321428571428572,0.8321428571428572,0.8321428571428572,2.816,5f6dfd54111dfd48d40fd204
,0.23674242424242423,1,0.9523809523809516,0.029691211401425152,11,2.8571428571428545,0.04198971384718214,318,-0.2434231193551525,happiness,0.7553444180522565,0.7553444180522565,0.7553444180522565,0.7553444180522565,4.224,5f6018d02e23c7161accd285
,0.21502197255782074,7,1.3100436681222696,0.02258050647028457,7,1.3100436681222696,0.0,351,-0.24454658412673322,happiness,0.7647058823529411,0.7647058823529411,0.7647058823529411,0.7647058823529411,4.6506875,5f64a9a8f8fac448cc0a5793
,0.19862205946247904,3,0.4016064257028109,0.010868792718178187,1,2.8112449799196764,0.010868792718178187,494,-0.2466163866934866,happiness,0.9979919678714859,0.9979919678714859,0.9979919678714859,0.9979919678714859,5.0346875,5fb48763576e9378b67abec1
,0.15625,2,0.3134796238244511,0.008470514512758596,18,0.3134796238244511,0.02766458455346423,592,-0.24173483757434702,happiness,0.9295774647887324,0.9295774647887324,0.9295774647887324,0.9295774647887324,6.4,5f60bdb63bd6941613f6d492
,0.20032051282051283,7,1.2048192771084327,0.03549732837281862,6,1.2048192771084327,0.3877890199668766,244,-0.24398667831625995,happiness,0.4899598393574297,0.4899598393574297,0.4899598393574297,0.4899598393574297,4.992,5f6eaae9f8fac448cc0a60b6
,0.2633398071035913,1,0.5319148936170208,0.014395369078863662,1,3.191489361702125,0.0,340,-0.2471304955049849,happiness,0.9122340425531915,0.9122340425531915,0.9122340425531915,0.9122340425531915,3.797375,5f82cf579e04b149046cc643
,0.15318627450980393,1,0.9230769230769222,0.01592081792605318,1,0.30769230769230743,0.027154638294414245,570,-0.24662412726013816,happiness,0.880184331797235,0.880184331797235,0.880184331797235,0.880184331797235,6.528,5fbe0b1e44697678c497bf0d
,0.2253584608017127,2,0.45454545454545414,0.04201761209587792,2,0.45454545454545414,0.04201761209587792,411,-0.22704839115355013,happiness,0.9454545454545454,0.9454545454545454,0.9454545454545454,0.9454545454545454,4.437375,5fb9ff36576e9378b67ac6ff
,0.14204545454545456,4,0.8547008547008557,0.15181083426798392,7,1.139601139601141,0.025181865426871407,544,-0.24851555911502218,happiness,0.7749287749287749,0.7749287749287749,0.7749287749287749,0.7749287749287749,7.04,5f98402b111dfd48d40ff68a
,0.10234694334457019,11,1.4432989690721958,0.018205632883279185,8,0.8247422680412547,0.01903990661399246,761,-0.24641249706182408,happiness,0.7837281153450052,0.7837281153450052,0.7837281153450052,0.7837281153450052,9.7706875,5f6aedfed338b948c4e6860a
,0.15219107589578715,3,0.30769230769230743,0.008314375996394376,9,1.5384615384615372,0.008314375996394304,512,-0.24333986194528717,happiness,0.7864823348694316,0.7864823348694316,0.7864823348694316,0.7864823348694316,6.5706875,5f8132b5f8fac448cc0a67ab
,0.2232142857142857,1,2.242152466367711,0.02318669456344657,3,0.8968609865470843,0.027964205816554788,445,-0.24544895840365108,surprise,0.9955257270693513,0.9955257270693513,0.9955257270693513,0.9955257270693513,4.48,5f5b60523bd6941613f6d07a
,0.15419308829481718,22,0.9316770186335395,0.033566876115675784,11,1.552795031055899,0.016068918557923476,544,-0.23364623239664462,happiness,0.8434108527131783,0.8434108527131783,0.8434108527131783,0.8434108527131783,6.485375,5f6de69d111dfd48d40fd1f9
,0.16861451560211188,1,0.3412969283276448,0.03149531400713166,1,0.6825938566552896,0.02129471890971038,325,-0.2486778204377164,surprise,0.5536626916524702,0.5536626916524702,0.5536626916524702,0.5536626916524702,5.9306875,5f70ae25111dfd48d40fd40d
,0.36057150583675124,11,1.4598540145985388,1.0272199132479645,3,0.7299270072992694,0.03782646886810449,272,-0.2486841160101471,surprise,1.0,1.0,1.0,1.0,2.773375,5f98e3be111dfd48d40ff749
,0.1775568181818182,5,0.7117437722419923,0.03289635110709304,1,0.7117437722419923,0.032896351107093026,533,-0.23972986009736777,surprise,0.9483985765124555,0.9483985765124555,0.9483985765124555,0.9483985765124555,5.632,5f62bb8d54b2361621284c8c
,0.14378791282857784,28,6.956521739130436,0.02561981091255587,1,0.8695652173913045,0.018115942028985504,635,-0.23760578334758975,surprise,0.9246376811594202,0.9246376811594202,0.9246376811594202,0.9246376811594202,6.9546875,5f64b5c7f8fac448cc0a57b6
,0.11160714285714285,6,0.4474272930648865,0.07257196121098804,12,1.3422818791946596,0.006047663434249023,713,-0.23889154845815197,surprise,0.7966480446927374,0.7966480446927374,0.7966480446927374,0.7966480446927374,8.96,5f3dca148a3c1005aa97cbb9
,0.27901785714285715,1,0.5617977528089882,0.015161509169895629,1,0.5617977528089882,0.03501400560224088,255,-0.2412877677328348,surprise,0.7142857142857143,0.7142857142857143,0.7142857142857143,0.7142857142857143,3.584,5fbe1524cb503578af9eecad
,0.16052974816895757,1,1.2944983818770215,0.01674386505631763,1,1.2944983818770215,0.4461826633663748,414,-0.24951561547682427,surprise,0.6688206785137318,0.6688206785137318,0.6688206785137318,0.6688206785137318,6.229375,5f5b7bbb2e23c7161acccf5d
,0.08281787830948006,7,0.8319467554076716,0.008622672603877609,7,0.499168053244603,0.01704824907524478,979,-0.24494780055622076,surprise,0.8144758735440932,0.8144758735440932,0.8144758735440932,0.8144758735440932,12.0746875,5f5d7539b87813162834999c
,0.12335494614785633,3,0.4975124378109559,0.012875096235851986,4,0.4975124378109559,0.015527950310559313,493,-0.23845730897133155,surprise,0.6124223602484472,0.6124223602484472,0.6124223602484472,0.6124223602484472,8.1066875,5fba3b85cb503578af9ee18e
,0.13167098712093156,4,0.5305039787798521,0.024519561435260868,3,0.5305039787798521,0.0,600,-0.23966979828119053,surprise,0.7957559681697612,0.7957559681697612,0.7957559681697612,0.7957559681697612,7.5946875,5f5e1ad454b2361621284906
,0.1474056603773585,16,1.1834319526627217,0.0,5,0.5917159763313609,0.0,649,-0.24547647968735703,surprise,0.9615952732644018,0.9615952732644018,0.9615952732644018,0.9615952732644018,6.784,5fbcd83644697678c497bc50
,0.21502197255782074,2,0.4366812227074232,0.038513441241097304,2,0.4366812227074232,0.040278320963368815,174,-0.2256856016447783,surprise,0.3790849673202614,0.3790849673202614,0.3790849673202614,0.3790849673202614,4.6506875,5fbca6334c55eb78bd7ce975
,0.2604166666666667,13,3.1413612565445,0.014169263805373655,3,0.5235602094240833,0.05667705522149466,265,-0.24644374205801794,surprise,0.693717277486911,0.693717277486911,0.693717277486911,0.693717277486911,3.84,5f6b419a111dfd48d40fcfba
,0.10901113276193332,8,0.8752735229759486,0.02242012624556257,2,0.21881838074398716,0.02242012624556256,699,-0.2447915045263699,surprise,0.7702407002188184,0.7702407002188184,0.7702407002188184,0.7702407002188184,9.173375,5f6309da54b2361621284d10
,0.3043792565536659,1,0.6172839506172834,0.05439282932204206,4,1.85185185185185,0.031890622984186504,324,-0.24790710063092875,surprise,0.9969230769230769,0.9969230769230769,0.9969230769230769,0.9969230769230769,3.285375,5f98e452111dfd48d40ff74a
,0.1512087247434177,3,0.3039513677811548,0.015751447522584533,10,0.6079027355623096,0.3732310544146748,417,-0.23939419251705463,surprise,0.6337386018237082,0.6337386018237082,0.6337386018237082,0.6337386018237082,6.613375,5fbb167c4c55eb78bd7ce384
,0.21502197255782074,3,0.4366812227074232,0.022580506470284565,3,0.4366812227074232,0.02258050647028457,433,-0.24924682816844035,surprise,0.9433551198257081,0.9433551198257081,0.9433551198257081,0.9433551198257081,4.6506875,5fbcc1484c55eb78bd7cea07
,0.13626414805099685,8,1.098901098901104,0.028148345313796536,2,0.274725274725276,0.007434970842929636,371,-0.24062556290611353,surprise,0.4217032967032967,0.5096153846153846,0.4217032967032967,0.492032967032967,7.3386875,5f630695b878131628349e8f
,0.27901785714285715,2,0.5617977528089882,0.015161509169895629,2,0.5617977528089882,0.03501400560224088,312,-0.23693513006837427,surprise,0.8739495798319328,0.8739495798319328,0.8739495798319328,0.8739495798319328,3.584,5f6ad370d338b948c4e685e4
,0.10800666941183618,4,0.43478260869566143,0.013586956521739413,4,1.3043478260869843,0.023533299015881973,759,-0.24148055181581332,surprise,0.825,0.825,0.825,0.825,9.2586875,5fb9c669cb503578af9ede94
,0.13241525423728814,7,0.26525198938992606,0.023445185052604862,3,0.26525198938992606,0.023445185052604862,506,-0.24252244647184304,surprise,0.6710875331564987,0.6710875331564987,0.6710875331564987,0.6710875331564987,7.552,5f63e1c53bd6941613f6d794
,0.244140625,4,0.9803921568627443,0.3899485925661105,6,0.9803921568627443,0.043327621396234535,386,-0.2298595646764098,surprise,0.946078431372549,0.946078431372549,0.946078431372549,0.946078431372549,4.096,5f5e1b282e23c7161accd116
,0.13392819774498396,4,0.27027027027027306,0.007304532757966007,1,0.8108108108108192,0.1392977780441457,451,-0.24414405845436912,surprise,0.6086369770580297,0.6086369770580297,0.6086369770580297,0.6086369770580297,7.4666875,5f98a721111dfd48d40ff6e6
,0.3004807692307692,4,1.212121212121211,0.031312545226164994,1,0.6060606060606055,0.01635244342493274,331,-0.24350579513821896,surprise,1.0,1.0,1.0,1.0,3.328,5f693febd338b948c4e6840f
,0.19862205946247904,3,0.4016064257028109,0.037123994622864025,3,0.4016064257028109,0.037123994622864025,281,-0.23838053252469402,surprise,0.5642570281124498,0.5642570281124498,0.5642570281124498,0.5642570281124498,5.0346875,5fbca5e8576e9378b67acf78
,0.14291073438253632,1,0.2873563218390806,0.02539895047365473,3,0.2873563218390806,0.01795977011494254,593,-0.24529407800857603,surprise,0.8520114942528736,0.8520114942528736,0.8520114942528736,0.8520114942528736,6.997375,5fbb4ee344697678c497b63d
,0.1512087247434177,3,4.8632218844984765,0.0,4,0.6079027355623096,0.02686575916362262,397,-0.2293900767694827,surprise,0.6033434650455927,0.6033434650455927,0.6033434650455927,0.6033434650455927,6.613375,5fb33c7675b0a9389bf3967f
,0.28935185185185186,2,0.5813953488372088,0.0,10,2.9069767441860437,0.05374345733193699,295,-0.24418013699970237,surprise,0.8575581395348837,0.8575581395348837,0.8575581395348837,0.8575581395348837,3.456,5f917688111dfd48d40ff095
,0.1775568181818182,1,0.35587188612099613,0.03289635110709303,4,0.7117437722419923,0.036462625246341175,345,-0.23781859293706958,surprise,0.6138790035587188,0.6138790035587188,0.6138790035587188,0.6138790035587188,5.632,5f6a10b29e04b149046cb9e7
,0.13316687473990843,5,0.5361930294906221,0.028983447248475503,4,0.5361930294906221,0.01673360107095062,518,-0.2433207916060347,surprise,0.6934404283801874,0.6934404283801874,0.6934404283801874,0.6934404283801874,7.509375,5f607e173bd6941613f6d445
,0.14467592592592593,8,1.1594202898550727,0.007844433005293864,5,0.2898550724637682,0.16800033506332804,550,-0.2446416853183162,surprise,0.7985507246376812,0.7985507246376812,0.7985507246376812,0.7985507246376812,6.912,5f808a66d338b948c4e68f17
,0.21502197255782074,1,0.4366812227074232,0.027233115468409563,1,0.8733624454148464,0.022580506470284555,435,-0.24301853060957052,surprise,0.9477124183006536,0.9477124183006536,0.9477124183006536,0.9477124183006536,4.6506875,5fbc9dbccb503578af9ee7f1
,0.24162249505428957,3,0.9803921568627443,0.05022547889324445,2,0.49019607843137214,0.01326632052365868,358,-0.24054916627608947,surprise,0.8774509803921569,0.8774509803921569,0.8774509803921569,0.8774509803921569,4.1386875,5f62ce452e23c7161accd50d
,0.23437385559640825,1,0.4761904761904758,0.01285667167138418,3,0.4761904761904758,0.0419897138471821,294,-0.24229945728541652,surprise,0.6983372921615202,0.6983372921615202,0.6983372921615202,0.6983372921615202,4.2666875,5fbb2ee3cb503578af9ee2ec
,0.13241525423728814,7,0.7957559681697781,0.016578249336870354,4,0.5305039787798521,0.027177712716769484,504,-0.2353916844911053,surprise,0.6684350132625995,0.6684350132625995,0.6684350132625995,0.6684350132625995,7.552,5f83081bf8fac448cc0a69af
,0.1775568181818182,3,0.35587188612099613,0.0,2,0.35587188612099613,0.03646262524634117,440,-0.23484177896121686,surprise,0.7829181494661922,0.7829181494661922,0.7829181494661922,0.7829181494661922,5.632,5f708d0fd338b948c4e68a53
,0.18454653456210568,3,1.1194029850746259,0.040392975922781606,2,0.37313432835820864,0.040392975922781627,384,-0.2439813994381904,surprise,0.7164179104477612,0.7164179104477612,0.7164179104477612,0.7164179104477612,5.4186875,5f69e787d338b948c4e684c9
,0.23674242424242423,14,0.4761904761904758,0.012856671671384275,4,0.9523809523809516,0.029691211401425166,383,-0.2392702683100812,surprise,0.9097387173396675,0.9097387173396675,0.9097387173396675,0.9097387173396675,4.224,5fba36a644697678c497b3cc
,0.15521472987786541,12,1.8808777429467067,0.019561815336463284,2,0.3134796238244511,0.02766458455346427,531,-0.2481006966608576,surprise,0.8309859154929577,0.8309859154929577,0.8309859154929577,0.8309859154929577,6.4426875,5f681f879e04b149046cb7ef
,0.1616373867275501,45,0.6535947712418295,0.008829785927655582,4,0.6535947712418295,0.03531914371062147,599,-0.23696958737007517,surprise,0.9771615008156607,0.9771615008156607,0.9771615008156607,0.9771615008156607,6.1866875,5f68c9e4111dfd48d40fcd60
,0.14118934373428166,1,0.5698005698005705,0.0,3,0.5698005698005705,0.014764177307493801,384,-0.2484961906946482,surprise,0.5470085470085471,0.5470085470085471,0.5470085470085471,0.5470085470085471,7.0826875,5f793f3ff8fac448cc0a649d
,0.2232142857142857,3,0.4484304932735422,0.027964205816554788,3,0.4484304932735422,0.039547359126764374,311,-0.22738923052353527,surprise,0.6957494407158836,0.6957494407158836,0.6957494407158836,0.6957494407158836,4.48,5fb9c5194c55eb78bd7cdfa4
,0.11660447761194029,3,0.2336448598130891,0.02065148309540195,9,1.1682242990654454,0.0121080052218001,722,-0.24718974813840236,surprise,0.8481308411214953,0.8481308411214953,0.8481308411214953,0.8481308411214953,8.576,5f6afd189e04b149046cbae0
,0.4111842105263158,4,1.6528925619834696,0.0428283159911596,4,1.6528925619834696,0.051652892561983466,229,-0.24188704602986597,surprise,0.9462809917355371,0.9462809917355371,0.9462809917355371,0.9462809917355371,2.432,5fbdd260576e9378b67ad269
,0.13093503985335275,4,1.8421052631579338,0.016447368421052988,3,0.2631578947368477,0.028487677756067652,532,-0.24566716406489322,surprise,0.7,0.7,0.7,0.7,7.637375,5f6fffd4111dfd48d40fd370
,0.17622115755272866,1,2.1352313167259767,0.8058503006874601,4,0.7117437722419923,0.018442086245303566,372,-0.24042839094533547,surprise,0.6619217081850534,0.6619217081850534,0.6619217081850534,0.6619217081850534,5.6746875,5f831be7111dfd48d40fdc21
,0.1749054417455563,5,0.7042253521126755,0.03607745666979534,8,1.7605633802816887,0.031122657622647338,409,-0.23459007606680848,surprise,0.7200704225352113,0.7200704225352113,0.7200704225352113,0.7200704225352113,5.717375,5fbb1ac444697678c497b503
,0.23674242424242423,1,2.8571428571428545,0.01285667167138418,2,0.4761904761904758,0.048674573369225024,333,-0.24587073820169586,surprise,0.7957244655581948,0.7957244655581948,0.7957244655581948,0.7957244655581948,4.224,5f60bf3bb878131628349c71
,0.3004807692307692,1,3.0303030303030276,0.031312545226165,5,1.212121212121211,0.6983852722396869,199,-0.2427314478876214,surprise,0.6012084592145015,0.6012084592145015,0.6012084592145015,0.6012084592145015,3.328,5f6c23e2111dfd48d40fd097
,0.12533389733587133,1,0.2525252525252579,0.01578282828282862,17,2.777777777777837,0.02587373155106589,557,-0.2419658274654844,surprise,0.7032828282828283,0.7032828282828283,0.7032828282828283,0.7032828282828283,7.9786875,5f992fbbf8fac448cc0a85d2
,0.16052974816895757,11,0.32362459546925537,0.02855843219654872,4,0.6472491909385107,0.008744198341926893,488,-0.2430874539824325,surprise,0.7932148626817448,0.7932148626817448,0.7932148626817448,0.7932148626817448,6.229375,5fbd0f3644697678c497bca7
,0.2633398071035913,14,3.7234042553191458,0.0332446808510638,7,1.0638297872340416,0.04701507853633956,325,-0.2420409980078234,surprise,0.8643617021276596,0.8643617021276596,0.8643617021276596,0.8643617021276596,3.797375,5f77c8b6f8fac448cc0a6360
,0.18168604651162792,3,0.3649635036496347,0.03219976234911417,5,0.7299270072992694,0.0,419,-0.2309965910009502,surprise,0.7632058287795993,0.7632058287795993,0.7632058287795993,0.7632058287795993,5.504,5f5c207a2e23c7161acccfc0
,0.13241525423728814,3,1.5915119363395562,0.007178592538001149,2,0.26525198938992606,0.013745958182839317,545,-0.24407215840051952,surprise,0.7228116710875332,0.7228116710875332,0.7228116710875332,0.7228116710875332,7.552,5f92802b111dfd48d40ff1af
,0.06492373490015947,6,0.39113428943938255,0.011523904517382057,1,0.5215123859191767,0.00352846073901751,1331,-0.24888436989191526,surprise,0.8676662320730117,0.8676662320730117,0.8676662320730117,0.8676662320730117,15.4026875,5f5f075954b23616212849b4
,0.25201612903225806,7,0.5076142131979691,0.05187846933783229,8,2.0304568527918763,0.051878469337832196,359,-0.2374855646427033,surprise,0.9215189873417722,0.9215189873417722,0.9215189873417722,0.9215189873417722,3.968,5f8da64dd338b948c4e6a2c8
,0.22754746497902298,18,0.4608294930875572,0.0124715639945916,4,0.4608294930875572,0.040731957441621384,361,-0.24696909904265912,surprise,0.8341013824884793,0.8341013824884793,0.8341013824884793,0.8341013824884793,4.3946875,5f6363d154b2361621284d6b
,0.17233394009241407,2,0.3484320557491286,0.021777003484320545,2,0.6968641114982572,0.021777003484320545,531,-0.24805201633630047,surprise,0.9250871080139372,0.9250871080139372,0.9250871080139372,0.9250871080139372,5.8026875,5fbcc137576e9378b67ad02a
,0.17622115755272866,1,0.35587188612099613,0.2175711470920133,1,5.338078291814942,0.1926213086709159,471,-0.24609500366488626,surprise,0.8380782918149466,0.8380782918149466,0.8380782918149466,0.8380782918149466,5.6746875,5fba17674c55eb78bd7ce19c
,0.33481909305878166,3,0.6849315068493145,0.0738929525413343,4,1.369863013698629,0.06033334310465418,249,-0.22657265491557915,surprise,0.8498293515358362,0.8498293515358362,0.8498293515358362,0.8498293515358362,2.9866875,5f81da04f8fac448cc0a68e6
,0.20740971195976252,2,0.4184100418410038,0.01132355391977561,2,0.4184100418410038,0.045294215679102384,400,-0.24190947612957311,surprise,0.8368200836820083,0.8368200836820083,0.8368200836820083,0.8368200836820083,4.821375,5f68cbf2f8fac448cc0a5baa
,0.13868303126435585,9,0.28011204481792773,0.014495737720084905,2,0.28011204481792773,0.024724013328201008,592,-0.24529930012243675,surprise,0.827972027972028,0.827972027972028,0.827972027972028,0.827972027972028,7.2106875,5f5b7c6154b2361621284732
,0.16740954652939083,1,0.6734006734006729,0.009112220157664542,3,0.33670033670033644,0.0,333,-0.23971749791811797,surprise,0.5606060606060606,0.5606060606060606,0.5606060606060606,0.5606060606060606,5.973375,5f66a00b111dfd48d40fcb2d
,0.1512087247434177,1,0.3039513677811548,0.008225925187922098,1,0.3039513677811548,0.01899696048632217,430,-0.24362784731798262,surprise,0.6580547112462006,0.6580547112462006,0.6580547112462006,0.6580547112462006,6.613375,5fba19decb503578af9ee071
,0.21114864864864866,2,0.4237288135593217,0.0,3,0.8474576271186434,0.03745268968149084,352,-0.2414111113534651,surprise,0.7457627118644068,0.7457627118644068,0.7457627118644068,0.7457627118644068,4.736,5fbb6ab9576e9378b67acb7d
,0.09263816113250152,1,0.5586592178771068,0.21260609010861217,12,1.1173184357542136,0.0,1008,-0.24607491479117222,surprise,0.9394785847299814,0.9394785847299814,0.9394785847299814,0.9394785847299814,10.7946875,5fbe2a19cb503578af9eed2e
,0.18601190476190474,4,0.7462686567164173,0.019336665055710096,8,1.4925373134328346,0.019336665055710096,489,-0.24051608808513256,surprise,0.9160447761194029,0.9160447761194029,0.9160447761194029,0.9160447761194029,5.376,5fba1c224c55eb78bd7ce1d1
,0.15625,2,0.3134796238244511,0.01621980042231708,2,0.6269592476489022,0.0,529,-0.2467832274010798,surprise,0.8278560250391236,0.8278560250391236,0.8278560250391236,0.8278560250391236,6.4,5fbb506fcb503578af9ee3bc
,0.3255208333333333,1,1.9607843137254886,0.0,6,1.307189542483659,0.07075370945951291,289,-0.21316602113040162,surprise,0.9509803921568627,0.9509803921568627,0.9509803921568627,0.9509803921568627,3.072,5fb87344576e9378b67ac1db
,0.1512087247434177,6,0.9118541033434644,0.008225925187922133,10,0.3039513677811548,0.4828368171405328,505,-0.24134470255413865,surprise,0.7674772036474165,0.7674772036474165,0.7674772036474165,0.7674772036474165,6.613375,5fbb32d14c55eb78bd7ce42e
,0.23674242424242423,1,0.4761904761904758,0.05142668668553669,1,2.3809523809523787,0.04391389387692704,254,-0.24434015404426607,surprise,0.6033254156769596,0.6033254156769596,0.6033254156769596,0.6033254156769596,4.224,5fbb854944697678c497b800
,0.5208333333333334,3,1.0526315789473675,0.0545497498413717,3,2.105263157894735,0.028487677756067004,178,-0.24147227799519136,surprise,0.9368421052631579,0.9368421052631579,0.9368421052631579,0.9368421052631579,1.92,5f6032cab878131628349be1
,0.4185194873136281,5,0.854700854700854,0.07867127371143096,11,4.27350427350427,0.023032590526181937,235,-0.24835376633020512,surprise,1.0,1.0,1.0,1.0,2.389375,5f924f529e04b149046cdc67
,0.11377373248951149,4,0.4576659038901699,0.0061858957413175415,4,0.4576659038901699,0.0061858957413175415,652,-0.24247295587108986,surprise,0.7451428571428571,0.7451428571428571,0.7451428571428571,0.7451428571428571,8.789375,5f808ac2f8fac448cc0a669a
,0.1474056603773585,7,1.1834319526627217,0.027308344641338658,8,1.1834319526627217,0.01846381093057603,451,-0.23866466548614412,surprise,0.6661742983751846,0.6661742983751846,0.6661742983751846,0.6661742983751846,6.784,5f78104e111dfd48d40fd597
,0.28582146876507264,3,0.5813953488372088,0.059569754036173664,4,1.1627906976744176,0.0,293,-0.22480524530953466,surprise,0.8517441860465116,0.8517441860465116,0.8517441860465116,0.8517441860465116,3.4986875,5f80863ef8fac448cc0a6674
,0.12948860095659703,1,0.7832898172323928,0.016318537859008178,1,1.0443864229765236,0.013530616801384916,686,-0.23293129534861245,surprise,0.8994778067885117,0.8994778067885117,0.8994778067885117,0.8994778067885117,7.7226875,5fbcbcf6576e9378b67acfee
,0.20204571284253062,2,0.4081632653061221,0.03600340026408079,2,0.4081632653061221,0.02110886450073446,361,-0.2134743926025648,surprise,0.7372708757637475,0.7372708757637475,0.7372708757637475,0.7372708757637475,4.949375,5f6fe5d5111dfd48d40fd35e
,0.19054878048780488,1,0.7662835249042139,0.0,1,1.1494252873563209,0.01034925195727101,489,-0.2336118639098574,surprise,0.9369024856596558,0.9369024856596558,0.9369024856596558,0.9369024856596558,5.248,5fbc9d534c55eb78bd7ce900
,0.1512087247434177,1,1.2158054711246191,0.0,3,0.6079027355623096,0.0,416,-0.236169700198825,surprise,0.6322188449848024,0.6322188449848024,0.6322188449848024,0.6322188449848024,6.613375,5fb48f74cb503578af9ed842
,0.23674242424242423,9,0.9523809523809516,0.05142668668553671,2,0.9523809523809516,0.05142668668553669,417,-0.24604432892413972,surprise,0.997624703087886,0.997624703087886,0.997624703087886,0.997624703087886,4.224,5f8e4f25111dfd48d40fec6e
,0.13392819774498396,7,0.8108108108108192,0.007304532757966007,6,0.8108108108108192,0.0139871153439416,629,-0.2427497342343678,surprise,0.8488529014844804,0.8488529014844804,0.8488529014844804,0.8488529014844804,7.4666875,5f628c8f3bd6941613f6d60b
,0.27901785714285715,1,2.247191011235953,0.015161509169895629,6,1.6853932584269646,0.05178641266718848,276,-0.24064070908680324,surprise,0.7871148459383753,0.7871148459383753,0.7871148459383753,0.7871148459383753,3.584,5f8da61f111dfd48d40fec1c
,0.1220703125,1,1.466992665036706,0.6771624960294664,8,3.4229828850856476,0.0,791,-0.23733296212999805,surprise,0.9669926650366748,0.9669926650366748,0.9669926650366748,0.9669926650366748,8.192,5f5fd8022e23c7161accd253
,0.1273773793696412,3,3.34190231362475,0.006948214086845753,6,0.7712082262210962,0.013304817034481147,758,-0.2432057703191029,surprise,0.9730423620025674,0.9730423620025674,0.9730423620025674,0.9730423620025674,7.8506875,5f41d7639dd513131eaceef4
,0.16740954652939083,9,0.6734006734006729,0.00911222015766452,2,0.33670033670033644,0.02104377104377103,383,-0.24171452235386268,surprise,0.6447811447811448,0.6447811447811448,0.6447811447811448,0.6447811447811448,5.973375,5f6eb37ed338b948c4e68928
,0.1890113524943592,8,1.5325670498084278,0.04139700782908398,5,1.5325670498084278,0.0,372,-0.23749125779999197,surprise,0.7112810707456979,0.7112810707456979,0.7112810707456979,0.7112810707456979,5.2906875,5f866c03111dfd48d40fe078
,0.1936975654637241,1,0.7843137254901953,0.0,2,0.7843137254901953,0.042369148913132954,243,-0.24898107167668906,surprise,0.45401174168297453,0.4755381604696673,0.45401174168297453,0.4712328767123288,5.1626875,5f90293a9e04b149046cda9d
,0.28935185185185186,8,0.5813953488372088,0.6923168198858152,11,1.1627906976744176,0.0,302,-0.23665135030654585,surprise,0.877906976744186,0.877906976744186,0.877906976744186,0.877906976744186,3.456,5f5ec15c2e23c7161accd17a
,0.1953125,6,1.176470588235293,0.040101752227874314,4,0.7843137254901953,0.042369148913132954,480,-0.23146318651640888,surprise,0.9412915851272016,0.9412915851272016,0.9412915851272016,0.9412915851272016,5.12,5f6016ce2e23c7161accd27f
,0.28582146876507264,1,0.5813953488372088,0.053743457331936875,1,0.5813953488372088,0.036337209302325535,321,-0.24316103299797667,surprise,0.9418604651162791,0.9418604651162791,0.9418604651162791,0.9418604651162791,3.4986875,5f8ba30c9e04b149046cd2fa
,0.17891088001789107,3,1.4440433212996377,0.03901015332362332,7,1.0830324909747282,0.0186746891348839,523,-0.24517487653271716,surprise,0.9423423423423424,0.9423423423423424,0.9423423423423424,0.9423423423423424,5.589375,5f69a0ad111dfd48d40fce31
,0.11432899597704846,4,0.46082949308756743,0.0235811224262879,1,0.23041474654378372,0.020342542611811357,629,-0.24476628701594522,surprise,0.7249712313003452,0.7249712313003452,0.7249712313003452,0.7249712313003452,8.7466875,5fbc6a18576e9378b67acd88
,0.1736111111111111,1,0.3484320557491286,0.01805653740393836,1,0.3484320557491286,0.009429719117861914,227,-0.2477070202846746,surprise,0.39547038327526135,0.39547038327526135,0.39547038327526135,0.39547038327526135,5.76,5fb9e21bcb503578af9edf2c
,0.2320522117476432,1,0.469483568075117,0.029274004683840726,8,1.877934272300468,0.04329683682010841,333,-0.2473184086540757,surprise,0.7798594847775175,0.7798594847775175,0.7798594847775175,0.7798594847775175,4.309375,5f77e7e2f8fac448cc0a6396
,0.1354761138676737,8,1.0899182561307983,0.02788026583461756,8,1.0899182561307983,0.014101295877361503,530,-0.23863389298792798,surprise,0.7210884353741497,0.7210884353741497,0.7210884353741497,0.7210884353741497,7.381375,5f67057a9e04b149046cb6f8
,0.15625,1,1.2539184952978044,0.0,6,0.6269592476489022,0.016219800422317052,396,-0.24277422593096842,surprise,0.6197183098591549,0.6197183098591549,0.6197183098591549,0.6197183098591549,6.4,5fb33dbf0fb0f33aa31ca1a4
,0.16276041666666666,2,0.32679738562091476,0.028837960081017407,26,1.6339869281045738,1.2332548655421365,353,-0.2471166667246502,surprise,0.5758564437194127,0.5758564437194127,0.5758564437194127,0.5758564437194127,6.144,5f81c8e3f8fac448cc0a68ca
,0.28582146876507264,1,0.5813953488372088,0.015734473179223066,1,0.5813953488372088,0.030129222296106428,291,-0.24688922395435658,surprise,0.8459302325581395,0.8459302325581395,0.8459302325581395,0.8459302325581395,3.4986875,5fb9e10744697678c497b1a0
,0.13167098712093156,6,0.5305039787798521,0.3065855770707447,1,0.26525198938992606,0.016578249336870382,590,-0.23786524067825954,surprise,0.7944297082228117,0.7944297082228117,0.7944297082228117,0.7944297082228117,7.5946875,5f708fb4111dfd48d40fd3e6
,0.17233394009241407,6,1.0452961672473857,0.030797333675372223,7,1.3937282229965144,0.009429719117861914,483,-0.23941018074990206,surprise,0.8432055749128919,0.8432055749128919,0.8432055749128919,0.8432055749128919,5.8026875,5f8ff989111dfd48d40fef54
,0.2693965517241379,1,0.54054054054054,0.04777748521530723,1,1.08108108108108,0.02801203370232598,295,-0.24697602959979875,surprise,0.7972972972972973,0.7972972972972973,0.7972972972972973,0.7972972972972973,3.712,5fbb536c4c55eb78bd7ce512
,0.244140625,1,0.49019607843137214,0.045313111083789916,4,0.9803921568627443,0.013266320523658634,288,-0.23787567248440494,surprise,0.7058823529411765,0.7058823529411765,0.7058823529411765,0.7058823529411765,4.096,5fbb160f44697678c497b4ee
,0.13316687473990843,2,0.26809651474531104,0.007245861812118864,12,3.4852546916890437,0.02474932974857628,435,-0.24585742622707754,surprise,0.5823293172690763,0.5823293172690763,0.5823293172690763,0.5823293172690763,7.509375,5f82730b9e04b149046cc5df
,0.12400793650793651,2,0.24875621890547794,0.012875096235851983,7,0.7462686567164338,0.02545589489247726,496,-0.24687648771759424,surprise,0.6173913043478261,0.6173913043478261,0.6173913043478261,0.6173913043478261,8.064,5f8a2708111dfd48d40fe6ac
,0.23437385559640825,2,0.4761904761904758,0.048674573369225045,5,0.9523809523809516,0.04391389387692706,384,-0.24327785545739783,surprise,0.9192399049881235,0.9192399049881235,0.9192399049881235,0.9192399049881235,4.2666875,5f8a7c64f8fac448cc0a74a6
,0.1032484544996967,6,0.6224066390041627,0.14994607387034292,29,0.8298755186722169,0.0,876,-0.24729010637104332,surprise,0.9077720207253887,0.9077720207253887,0.9077720207253887,0.9077720207253887,9.685375,5f5d74a52e23c7161accd0b9
,0.13241525423728814,4,0.5305039787798521,0.023445185052604862,2,0.5305039787798521,0.14357185076002274,575,-0.24660891260897175,surprise,0.7625994694960212,0.7625994694960212,0.7625994694960212,0.7625994694960212,7.552,5fb33d2675b0a9389bf39688
,0.12600806451612903,8,1.0101010101010317,0.0068341651182485565,12,1.2626262626262896,0.02587373155106589,613,-0.24808613687248887,surprise,0.773989898989899,0.773989898989899,0.773989898989899,0.773989898989899,7.936,5f6776029e04b149046cb766
,0.22754746497902298,1,0.4608294930875572,0.047216579236045476,2,0.4608294930875572,0.04988625597836623,355,-0.24658008683814883,surprise,0.8179723502304147,0.8179723502304147,0.8179723502304147,0.8179723502304147,4.3946875,5fba17b0cb503578af9ee052
,0.17622115755272866,4,0.7117437722419923,0.0,17,1.0676156583629883,0.0,439,-0.24267541252478558,surprise,0.7811387900355872,0.7811387900355872,0.7811387900355872,0.7811387900355872,5.6746875,5f5f6a0ab878131628349b2c
,0.2232142857142857,1,0.4484304932735422,0.02318669456344657,4,0.8968609865470843,0.0,370,-0.24691372337205597,surprise,0.8277404921700223,0.8277404921700223,0.8277404921700223,0.8277404921700223,4.48,5fbe0ad74c55eb78bd7ced1b
,0.14204545454545456,3,0.5698005698005705,0.014764177307493801,1,0.8547008547008557,0.007710340133408468,603,-0.2402558646322523,surprise,0.8660968660968661,0.8660968660968661,0.8660968660968661,0.8660968660968661,7.04,5fbd0f5fcb503578af9ee9fe
,0.6510416666666666,5,2.6315789473684186,0.06818718730171454,2,2.6315789473684186,0.14243838878033513,146,-0.2418513136678561,surprise,0.993421052631579,0.993421052631579,0.993421052631579,0.993421052631579,1.536,5f6229b53bd6941613f6d5e1
,0.2211074720506336,10,0.4484304932735422,0.04584339013074661,10,0.4484304932735422,0.027964205816554788,339,-0.2452454671675485,surprise,0.7583892617449665,0.7583892617449665,0.7583892617449665,0.7583892617449665,4.5226875,5fb9fb2244697678c497b24c
,0.23437385559640825,4,0.9523809523809516,0.012856671671384177,19,1.4285714285714273,0.0,396,-0.24847022226448065,surprise,0.9406175771971497,0.9406175771971497,0.9406175771971497,0.9406175771971497,4.2666875,5f6c3c63111dfd48d40fd0b3
,0.13316687473990843,8,0.26809651474531104,0.01387476903595817,1,1.6085790884718663,0.0,597,-0.245330630071858,surprise,0.7991967871485943,0.7991967871485943,0.7991967871485943,0.7991967871485943,7.509375,5f628cee2e23c7161accd4a2
,0.13786685508470195,3,0.2770083102493088,0.014355197326676812,3,0.2770083102493088,0.0,564,-0.24850128887366027,surprise,0.7867036011080333,0.7867036011080333,0.7867036011080333,0.7867036011080333,7.253375,5fbc6b9d4c55eb78bd7ce7c2
,0.1220703125,5,0.48899755501223535,0.0,5,0.733496332518353,0.025051339105677504,619,-0.24040993798858015,surprise,0.7603911980440098,0.7603911980440098,0.7603911980440098,0.7603911980440098,8.192,5f6f6122f8fac448cc0a6132
,0.16276041666666666,14,0.6535947712418295,0.03531914371062137,2,0.32679738562091476,0.03915755377176081,351,-0.24273418883976267,surprise,0.5725938009787929,0.5725938009787929,0.5725938009787929,0.5725938009787929,6.144,5f3f3a959dd513131eace73e
,0.390625,3,0.7874015748031489,0.07250097773406389,10,3.9370078740157446,0.08490445135141564,229,-0.24674195630815693,surprise,0.9176470588235294,0.9176470588235294,0.9176470588235294,0.9176470588235294,2.56,5f6458c6d0b14d419059b881
,0.2633398071035913,3,0.5319148936170208,0.0332446808510638,2,1.0638297872340416,0.0332446808510638,354,-0.23471933857502317,surprise,0.9441489361702128,0.9441489361702128,0.9441489361702128,0.9441489361702128,3.797375,5f901ab1111dfd48d40fef9a
,0.4340277777777778,nan,1.754385964912279,0.04456859066199384,1,1.754385964912279,0.07719506344831296,81,-0.23975549552653405,surprise,0.3537117903930131,0.3537117903930131,0.3537117903930131,0.3537117903930131,2.304,5f68c9799e04b149046cb8c6
,0.4185194873136281,1,1.709401709401708,0.023032590526181864,4,1.709401709401708,0.04410405306323663,193,-0.23827804615152887,surprise,0.8425531914893617,0.8425531914893617,0.8425531914893617,0.8425531914893617,2.389375,5f8059d9111dfd48d40fd7fe
,0.13020833333333334,2,0.2610966057441309,0.016318537859008192,1,3.9164490861619634,0.0,436,-0.24711830959889153,surprise,0.5691906005221932,0.5691906005221932,0.5691906005221932,0.5691906005221932,7.68,5f80771ed338b948c4e68ed4
,0.14648392796652843,3,0.29585798816568043,0.031980258633103324,3,0.29585798816568043,0.018463810930576086,591,-0.24087013166496235,surprise,0.8744460856720827,0.8744460856720827,0.8744460856720827,0.8744460856720827,6.8266875,5f6e91979e04b149046cbda2
,0.28935185185185186,2,1.1627906976744176,0.05956975403617364,7,1.7441860465116263,0.03012922229610653,300,-0.24134861613126093,surprise,0.8866279069767442,0.8866279069767442,0.8866279069767442,0.8866279069767442,3.456,5fbe0af4576e9378b67ad34e
,0.15219107589578715,7,2.4615384615384595,0.008314375996394304,3,0.6153846153846149,0.019201228878648224,327,-0.24317487257592255,surprise,0.5023041474654378,0.5023041474654378,0.5023041474654378,0.5023041474654378,6.5706875,5f77e77cd338b948c4e68c0d
,0.16861451560211188,5,3.412969283276448,0.03011528028903519,19,3.412969283276448,0.3289930697504335,543,-0.24555815791552593,surprise,0.9250425894378195,0.9250425894378195,0.9250425894378195,0.9250425894378195,5.9306875,5f6b796bd338b948c4e686a3
,0.187498535167694,3,0.37735849056603743,0.03866414224234667,3,0.37735849056603743,0.040850254895492356,467,-0.24281997396327654,surprise,0.8811320754716981,0.8811320754716981,0.8811320754716981,0.8811320754716981,5.333375,5fba3aa1cb503578af9ee182
,0.25755356309257443,2,0.5235602094240833,0.0,5,0.5235602094240833,0.04627662180540228,324,-0.23972912284773887,surprise,0.8507853403141361,0.8507853403141361,0.8507853403141361,0.8507853403141361,3.8826875,5f9a29649e04b149046ce460
,0.13868303126435585,2,0.28011204481792773,0.014495737720084806,2,0.28011204481792773,0.02585699205900187,594,-0.2456821527300932,surprise,0.8307692307692308,0.8307692307692308,0.8307692307692308,0.8307692307692308,7.2106875,5f923375d338b948c4e6a88c
,0.2170138888888889,2,0.4366812227074232,0.038513441241097304,12,2.620087336244539,0.04027832096336884,383,-0.2458115462323557,surprise,0.8344226579520697,0.8344226579520697,0.8344226579520697,0.8344226579520697,4.608,5fb88d9a576e9378b67ac2b4
,0.07278715670619919,18,1.3157894736842386,0.36400921577197576,3,0.14619883040935985,0.009137426900584986,1053,-0.24508910441757842,surprise,0.7697368421052632,0.7697368421052632,0.7697368421052632,0.7697368421052632,13.7386875,5f5e1eb654b2361621284917
,0.11488970588235294,4,0.46082949308756743,0.0062286061837202086,6,0.6912442396313512,0.0062286061837202086,784,-0.23622921942984396,surprise,0.9021864211737629,0.9021864211737629,0.9021864211737629,0.9021864211737629,8.704,5fbdd3224c55eb78bd7cec3b
,0.24162249505428957,9,1.9607843137254886,0.0,11,2.941176470588233,0.3714569746624427,378,-0.23932620244179534,surprise,0.9264705882352942,0.9264705882352942,0.9264705882352942,0.9264705882352942,4.1386875,5f5f6a1f54b2361621284a02
,0.2467079902550344,2,0.4975124378109449,0.025782220074280156,1,0.9950248756218898,0.03109452736318405,343,-0.2203443296900774,surprise,0.8532338308457711,0.8532338308457711,0.8532338308457711,0.8532338308457711,4.053375,5f5c1fecb8781316283498af
,0.18168604651162792,2,0.3649635036496347,0.039436493797105565,1,0.3649635036496347,0.0373260389589139,294,-0.24082410482202513,surprise,0.5355191256830601,0.5355191256830601,0.5355191256830601,0.5355191256830601,5.504,5fbb163e576e9378b67ac920
,0.14378791282857784,1,0.2898550724637682,0.025619810912556076,1,0.2898550724637682,0.015020945608493657,564,-0.23232493524956976,surprise,0.8173913043478261,0.8173913043478261,0.8173913043478261,0.8173913043478261,6.9546875,5fbe23f1576e9378b67ad3d4
,0.17107542287706093,1,0.34482758620689624,0.0,4,0.6896551724137925,0.009316108044152718,492,-0.24197138620347616,surprise,0.846815834767642,0.846815834767642,0.846815834767642,0.846815834767642,5.845375,5fbe27dd4c55eb78bd7cede2
,0.16622340425531915,4,0.6666666666666661,0.020833333333333315,5,0.9999999999999991,0.030812915536977147,429,-0.24264824600208318,surprise,0.715,0.715,0.715,0.715,6.016,5f6e08bad338b948c4e688bd
,0.1890113524943592,1,0.7662835249042139,0.0,2,0.38314176245210696,0.04139700782908403,288,-0.24642742699833692,surprise,0.5506692160611855,0.5506692160611855,0.5506692160611855,0.5506692160611855,5.2906875,5fba3beb44697678c497b423
,0.18168604651162792,1,0.3649635036496347,0.022768670309653904,4,0.7299270072992694,0.039436493797105565,510,-0.24058230197649028,surprise,0.9289617486338798,0.9289617486338798,0.9289617486338798,0.9289617486338798,5.504,5fbdef5344697678c497be9a
,0.27252597513200477,2,1.1049723756906067,0.03443526170798894,1,2.2099447513812134,0.03443526170798894,313,-0.2447209929890534,surprise,0.8622589531680441,0.8622589531680441,0.8622589531680441,0.8622589531680441,3.669375,5f67ebc89e04b149046cb799
,0.2467079902550344,8,1.4925373134328348,0.26510250163215054,2,0.4975124378109449,0.18131069324767715,370,-0.24703025179158927,surprise,0.9203980099502488,0.9203980099502488,0.9203980099502488,0.9203980099502488,4.053375,5f69b6989e04b149046cb9a0
,0.13626414805099685,4,0.274725274725276,0.017170329670329776,3,0.274725274725276,0.0,445,-0.24198851820560058,surprise,0.6112637362637363,0.6112637362637363,0.6112637362637363,0.6112637362637363,7.3386875,5f8b78b89e04b149046cd2d3
,0.0948884763875957,5,0.38167938931298523,0.0,9,0.38167938931298523,0.009889744723149626,854,-0.24706082782560249,surprise,0.8177480916030534,0.8177480916030534,0.8177480916030534,0.8177480916030534,10.5386875,5f6306c13bd6941613f6d6c0
,0.3498108834911126,1,0.7142857142857136,0.03701590167807362,1,2.142857142857141,0.0,267,-0.2387544109260412,surprise,0.9535714285714286,0.9535714285714286,0.9535714285714286,0.9535714285714286,2.8586875,5fbdbca64c55eb78bd7cebab
,0.15419308829481718,2,0.3105590062111798,0.027407239580873904,5,0.6211180124223596,0.0,553,-0.22212691420084568,surprise,0.862015503875969,0.862015503875969,0.862015503875969,0.862015503875969,6.485375,5f6165e63bd6941613f6d4fe
,0.13316687473990843,12,1.3404825737265553,0.1426656032879862,5,0.8042895442359331,0.0,529,-0.24505636298363703,surprise,0.7081659973226239,0.7081659973226239,0.7081659973226239,0.7081659973226239,7.509375,5f6967b59e04b149046cb92a
,0.27901785714285715,3,0.5617977528089882,0.0,2,0.5617977528089882,0.049517281595696586,219,-0.22301329506639384,surprise,0.6218487394957983,0.6218487394957983,0.6218487394957983,0.6218487394957983,3.584,5f97fca9111dfd48d40ff5c2
,0.15219107589578715,1,0.30769230769230743,0.019201228878648217,12,0.30769230769230743,0.0332575039855775,460,-0.24493624468140326,surprise,0.706605222734255,0.706605222734255,0.706605222734255,0.706605222734255,6.5706875,5f7005b4111dfd48d40fd381
,0.11488970588235294,8,0.9216589861751349,0.011926872807664964,7,2.304147465437837,0.0062286061837202086,806,-0.24587247142034205,surprise,0.9286536248561565,0.9332566168009206,0.9286536248561565,0.9323360184119678,8.704,5f67761d9e04b149046cb767
,0.20380348249200708,1,1.2396694214876023,0.03644880315394572,1,0.4132231404958674,0.03644880315394572,407,-0.2485611913201494,surprise,0.8391752577319588,0.8391752577319588,0.8391752577319588,0.8391752577319588,4.9066875,5fbb4f46576e9378b67aca74
,0.2211074720506336,6,0.4484304932735422,0.04584339013074661,1,1.7937219730941687,0.012108856316896491,316,-0.24182773527799392,surprise,0.7114093959731543,0.7114093959731543,0.7114093959731543,0.7114093959731543,4.5226875,5f677f009e04b149046cb77f
,0.16276041666666666,6,0.9803921568627443,0.03342902999746125,1,0.9803921568627443,0.0,512,-0.24135888674800662,surprise,0.835236541598695,0.835236541598695,0.835236541598695,0.835236541598695,6.144,5f6c213e9e04b149046cbbcf
,0.12400793650793651,1,0.7462686567164338,0.006723799718823426,20,1.7412935323383456,0.0,588,-0.24612881655822907,surprise,0.7304347826086957,0.7304347826086957,0.7304347826086957,0.7304347826086957,8.064,5f6eb394111dfd48d40fd298
,0.10102349427638765,3,0.40650406504065906,0.01796511131063421,2,1.6260162601626362,0.02200267794167828,783,-0.24837597346864665,surprise,0.7987804878048781,0.7987804878048781,0.7987804878048781,0.7987804878048781,9.8986875,5f6d8dadd338b948c4e6883f
,0.27901785714285715,12,3.3707865168539293,0.01516150916989558,2,1.1235955056179765,0.06064603667958249,351,-0.22670499432113828,surprise,0.9831932773109243,0.9831932773109243,0.9831932773109243,0.9831932773109243,3.584,5f5c40dbb8781316283498d9
,0.11003521126760564,5,0.4415011037527688,0.005967650246585303,7,1.5452538631346908,0.013781697905182242,621,-0.2466782042748953,surprise,0.6846747519294377,0.6846747519294377,0.6846747519294377,0.6846747519294377,9.088,5f633b67b878131628349eb5
,0.26633374947981686,1,0.54054054054054,0.014628807496358743,6,1.6216216216216202,0.8445945945945936,180,-0.24653595331059405,surprise,0.4864864864864865,0.4864864864864865,0.4864864864864865,0.4864864864864865,3.7546875,5f5e2046b878131628349a37
,0.14118934373428166,3,1.4245014245014262,0.026335825245279647,1,1.4245014245014262,0.27015547223466485,616,-0.24680527898988122,surprise,0.8817663817663818,0.8817663817663818,0.8817663817663818,0.8817663817663818,7.0826875,5fbe0bb9cb503578af9eec4d
,0.2232142857142857,6,1.3452914798206266,0.027964205816554788,9,1.7937219730941687,0.04843542526758601,432,-0.2310915090112123,surprise,0.9664429530201343,0.9664429530201343,0.9664429530201343,0.9664429530201343,4.48,5f5cc99c2e23c7161accd054
,0.15419308829481718,9,0.6211180124223596,0.0,3,0.3105590062111798,0.008391719028918995,493,-0.24386865833866395,surprise,0.7643410852713178,0.7643410852713178,0.7643410852713178,0.7643410852713178,6.485375,5f6d8d81d338b948c4e6883e
,0.10702054794520549,2,0.21459227467811617,0.011108737909818703,6,1.287553648068697,0.0,850,-0.2439872257660375,surprise,0.9110396570203644,0.9110396570203644,0.9110396570203644,0.9110396570203644,9.344,5f3e94849dd513131eace3b3
,0.3301010934598721,4,1.3422818791946296,0.07241015081809682,1,1.3422818791946296,0.4839396698490892,281,-0.2456496952365969,surprise,0.9565217391304348,0.9565217391304348,0.9565217391304348,0.9565217391304348,3.029375,5f8a58ebf8fac448cc0a7480
,0.1616373867275501,1,2.614379084967318,0.030159460558215802,15,0.9803921568627443,0.01690775280564543,467,-0.2452973481247321,surprise,0.7618270799347472,0.7618270799347472,0.7618270799347472,0.7618270799347472,6.1866875,5f6d90c5d338b948c4e68844
,0.16505224935268573,5,0.6666666666666661,0.00902109795608787,5,0.9999999999999991,0.0,384,-0.24601999394015142,surprise,0.64,0.64,0.64,0.64,6.0586875,5fbb309844697678c497b57d
,0.16052974816895757,7,0.9708737864077661,0.02855843219654872,1,1.9417475728155322,0.01674386505631763,416,-0.24511946398420498,surprise,0.6720516962843296,0.6720516962843296,0.6720516962843296,0.6720516962843296,6.229375,5f6f5626d338b948c4e6896e
,0.14291073438253632,6,0.5747126436781612,0.017959770114942486,13,3.160919540229887,0.02656285822153206,611,-0.23375799519342264,surprise,0.8778735632183908,0.8778735632183908,0.8778735632183908,0.8778735632183908,6.997375,5f62bb24b878131628349df5
,0.3301010934598721,4,0.6711409395973148,0.018102537704524156,9,1.3422818791946296,0.6516913573628713,244,-0.2413968437076363,surprise,0.8327759197324415,0.8327759197324415,0.8327759197324415,0.8327759197324415,3.029375,5f904a4c9e04b149046cdad7
,0.13241525423728814,2,1.3262599469496303,0.013745958182839317,2,0.26525198938992606,0.024519561435260868,511,-0.2462466981135679,surprise,0.6777188328912467,0.6777188328912467,0.6777188328912467,0.6777188328912467,7.552,5f86e482d338b948c4e697ba
,0.24162249505428957,4,0.9803921568627443,0.025403069779070152,7,1.9607843137254886,0.030637254901960786,392,-0.24769353245065084,surprise,0.9681372549019608,0.9681372549019608,0.9681372549019608,0.9681372549019608,4.1386875,5fbe1558576e9378b67ad3a7
,0.14648392796652843,10,0.29585798816568043,0.030268826275396996,6,0.8875739644970413,0.026111771831113295,471,-0.24412916576924432,surprise,0.6957163958641064,0.6957163958641064,0.6957163958641064,0.6957163958641064,6.8266875,5f992fdb9e04b149046ce2a9
,0.13469827586206895,3,0.5405405405405461,0.0073045327579659815,3,0.27027027027027306,0.013987115343941595,625,-0.24662630026986418,surprise,0.8434547908232118,0.8434547908232118,0.8434547908232118,0.8434547908232118,7.424,5f923397f8fac448cc0a7f21
,0.1736111111111111,9,1.3937282229965144,0.03220862251251967,9,1.7421602787456432,0.009429719117861914,497,-0.22256571916352788,surprise,0.8658536585365854,0.8658536585365854,0.8658536585365854,0.8658536585365854,5.76,5f41461a9dd513131eacee53
,0.15729762677205608,2,0.3164556962025314,0.032424043336145146,5,0.3164556962025314,0.03242404333614517,469,-0.24624634247645022,surprise,0.7468354430379747,0.7468354430379747,0.7468354430379747,0.7468354430379747,6.357375,5f6363e5b878131628349ec5
,0.3043792565536659,5,1.85185185185185,0.05688538252980395,6,1.2345679012345667,0.03189062298418643,302,-0.22265523004966847,surprise,0.9384615384615385,0.9384615384615385,0.9384615384615385,0.9384615384615385,3.285375,5f640edd24c86141a01b11b5
,0.1953125,1,1.176470588235293,0.0,1,3.137254901960781,0.02028268585099924,282,-0.24578082994367553,surprise,0.5518590998043053,0.5518590998043053,0.5518590998043053,0.5518590998043053,5.12,5f707f09d338b948c4e68a2d
,0.18310407177679613,1,0.36900369003690003,0.03255556082810989,5,0.7380073800738001,0.009968064039876134,435,-0.23015157757656532,surprise,0.8011049723756906,0.8011049723756906,0.8011049723756906,0.8011049723756906,5.461375,5f60bd342e23c7161accd30a
,0.12600806451612903,2,0.2525252525252579,0.0,6,0.7575757575757738,0.01578282828282862,424,-0.246822062125301,surprise,0.5353535353535354,0.5353535353535354,0.5353535353535354,0.5353535353535354,7.936,5f8b78ecd338b948c4e69ea5
,0.12948860095659703,4,0.5221932114882618,0.42166530296065396,3,0.2610966057441309,0.016318537859008164,512,-0.24498949446153434,surprise,0.6684073107049608,0.6684073107049608,0.6684073107049608,0.6684073107049608,7.7226875,5f8272d59e04b149046cc5dd
,0.14378791282857784,3,0.2898550724637682,0.029698544041222845,1,1.4492753623188408,0.0,686,-0.23476687546132807,surprise,0.9985507246376811,0.9985507246376811,0.9985507246376811,0.9985507246376811,6.9546875,5f660a60f8fac448cc0a5922
,0.13167098712093156,3,0.26525198938992606,0.03183498735025186,4,0.5305039787798521,0.02871437015200455,719,-0.23439151956001614,surprise,0.9549071618037135,0.9549071618037135,0.9549071618037135,0.9549071618037135,7.5946875,5f5b5a522e23c7161acccef2
,0.5326586323989613,3,1.0869565217391295,0.09607429092208522,2,1.0869565217391295,0.11136954015458547,139,-0.23976107416281614,surprise,0.7554347826086957,0.7554347826086957,0.7554347826086957,0.7554347826086957,1.877375,5fbdbc73cb503578af9eeab1
,0.2130662902495539,5,1.2875536480686685,0.04397423903099515,5,1.2875536480686685,0.022241314313005578,422,-0.2443091197061238,surprise,0.9055793991416309,0.9055793991416309,0.9055793991416309,0.9055793991416309,4.693375,5f693c019e04b149046cb8e2
,0.1370614035087719,2,0.274725274725276,0.025395260057948333,1,0.274725274725276,0.0329719511841889,650,-0.24541523356727324,surprise,0.8928571428571429,0.8928571428571429,0.8928571428571429,0.8928571428571429,7.296,5fb8a965576e9378b67ac359
,0.20032051282051283,4,0.8032128514056218,0.041148585117356896,14,2.8112449799196764,0.010868792718178139,419,-0.22510647879636725,surprise,0.8473895582329317,0.8473895582329317,0.8473895582329317,0.8473895582329317,4.992,5f655e64111dfd48d40fca38
,0.18310407177679613,9,1.4760147601476001,0.03255556082810992,5,0.7380073800738001,0.03404742048284768,328,-0.24449496307069318,surprise,0.6040515653775322,0.6040515653775322,0.6040515653775322,0.6040515653775322,5.461375,5f715190f8fac448cc0a6276
,0.11897149145635978,2,0.4784688995215413,0.0064667368860846595,12,1.1961722488038533,0.024482670714987095,639,-0.24121393388630646,surprise,0.7634408602150538,0.7634408602150538,0.7634408602150538,0.7634408602150538,8.405375,5f3f3adc9dd513131eace744
,0.07560471962462256,6,0.45592705167174225,0.0,18,0.45592705167174225,0.0,1115,-0.2479828515714227,surprise,0.8488990129081245,0.8488990129081245,0.8488990129081245,0.8488990129081245,13.2266875,5f6057bc3bd6941613f6d42f
,0.1616373867275501,6,0.32679738562091476,0.008829785927655343,4,1.6339869281045738,0.033429029997461245,422,-0.2439964097700368,surprise,0.6884176182707994,0.6884176182707994,0.6884176182707994,0.6884176182707994,6.1866875,5f90d37e111dfd48d40ff022
,0.11214062434292603,5,0.6756756756756901,0.019907285506378453,3,0.22522522522523003,0.020819537524985013,678,-0.2470897145933511,surprise,0.7635135135135135,0.7635135135135135,0.7635135135135135,0.7635135135135135,8.917375,5f781082f8fac448cc0a63b3
,0.19862205946247904,1,0.4016064257028109,0.010868792718178187,3,0.4016064257028109,0.025100401606425682,485,-0.2389845457355201,surprise,0.9738955823293173,0.9738955823293173,0.9738955823293173,0.9738955823293173,5.0346875,5fb8c637cb503578af9edccf
,0.1616373867275501,25,0.32679738562091476,0.03531914371062156,2,0.32679738562091476,0.03531914371062144,539,-0.2424530193618323,surprise,0.8841761827079935,0.8841761827079935,0.8841761827079935,0.8841761827079935,6.1866875,5f62b8362e23c7161accd4c6
,0.07709691564151862,6,0.46511627906977737,0.014320487468773567,17,0.46511627906977737,0.014320487468773542,1059,-0.24077074385084485,surprise,0.820294345468629,0.820294345468629,0.820294345468629,0.820294345468629,12.9706875,5f5c24b6b8781316283498ba
,0.11602694725850078,2,0.2336448598130891,0.014602803738318057,5,0.4672897196261782,0.025292798007723636,613,-0.24385693152051902,surprise,0.7161214953271028,0.7161214953271028,0.7161214953271028,0.7161214953271028,8.6186875,5f6e08d0d338b948c4e688be
,0.16622340425531915,1,1.9999999999999982,0.0,1,0.9999999999999991,0.017274087449767692,416,-0.24226610699916443,surprise,0.6933333333333334,0.6933333333333334,0.6933333333333334,0.6933333333333334,6.016,5fbb7cdf576e9378b67acc1d
,0.12668852043644196,2,0.25445292620865684,0.023521309570212076,1,0.25445292620865684,0.08263601181149399,584,-0.2407675374027777,surprise,0.7468193384223919,0.7468193384223919,0.7468193384223919,0.7468193384223919,7.893375,5f6f392b111dfd48d40fd2ce
