error,existing_repo_hnr_mean,existing_repo_jitter,existing_repo_shimmer,praat_jitter,praat_shimmer,situation,wav_id
,7.21209962503142,0.10339226973684211,0.08487444581474647,0.014579557770596243,0.06896942276471828,angry,5f787514d338b948c4e68c98
,1.2212650575008785,0.15249386692578532,0.14893121501074372,0.021983179697151183,0.14263780026020928,angry,5e37da38c8c25f16cd1457bb
,3.2362735265922398,0.1714448040181443,0.15050854076460624,0.018635125797463393,0.13574170931575893,angry,5e340d7a5807b852d9e06327
,3.9694862077861535,0.13877353738069628,0.10340679053271125,0.03984449750354507,0.10385157367203367,angry,5f9933c89e04b149046ce2b8
,3.9248815966726127,0.1250784337944221,0.12445270935792094,0.024069045333168948,0.1058738128494957,angry,5e38437133e9ad176cc9b765
,2.8449341942699107,0.14249229025274465,0.11969242330460754,0.015060794490873846,0.09755913181064123,angry,5f62c6603bd6941613f6d652
,6.356604444203626,0.18174562655211257,0.11182882937752779,0.01958507526093296,0.10909232591738302,angry,5e3939c8ee8206179943d374
,4.747562475598209,0.12760056461467456,0.14267909290953887,0.015372255311233218,0.11514896520092857,angry,5e49d4617bef803b4851dd80
,3.789248125271885,0.10733233104041592,0.11380510318128431,0.018130096649881404,0.09596766096077346,angry,5e33aa755807b852d9e0510d
,2.262000409164927,0.12641824124023332,0.1306270768902728,0.018996965164244223,0.09822448717233122,angry,5fbb34ba44697678c497b5a1
,4.119897786485216,0.11820007419080972,0.0978483484997534,0.012922053867015152,0.0865465388958146,angry,5f886f09d338b948c4e69afe
,-4.546105264892144,0.19515069891454448,0.11220612817044152,0.014847636543100687,0.08505778733814429,angry,5fb9c89d4c55eb78bd7cdfda
,4.034604034939304,0.14592906414194767,0.11117387766651962,0.012498927948018804,0.08647365088053005,angry,5f8c2b2dd338b948c4e69f68
,1.7857295056659006,0.121164836368548,0.10985438071221325,0.01529612286245018,0.11534651000859994,angry,5e36cf777995ef170fc0ecdb
,-1.083055846195417,0.18896501496557566,0.09787688763954683,0.02000306962700068,0.1212238824025333,angry,5e350b015807b852d9e07421
,5.393143770532816,0.12107669090180996,0.10503659686968524,0.012042537122131197,0.06341207385155471,angry,5e40fb219306c7039ddcc959
,5.810850883114339,0.11755050105614023,0.10033577256960481,0.014527471108079436,0.08958505262423773,angry,5f886972f8fac448cc0a7200
,2.8200652666738133,0.22663894101066656,0.15651855288873043,0.033450798378461,0.17766456457169,angry,5e37fa06c8c25f16cd1459c5
,3.697652087684009,0.13550773521011616,0.10040331910951117,0.013203111007076123,0.06708424326360916,angry,5fb33fff0fb0f33aa31ca1b7
,5.766673076680658,0.1297987650391816,0.09226211559021635,0.0153008050886184,0.06939981298234238,angry,5e396ebf33e9ad176cc9bc11
,0.7553889190257813,0.16209216243965746,0.13630021609988438,0.03651558031721881,0.18722166450016298,angry,5e3638b7bacf60088a5adbe7
,7.905072292205561,0.13830219289564774,0.11250299523769647,0.023800522307821866,0.0962270027781903,angry,5e411a8748600202f726fb49
,4.165573359531967,0.16269009662994713,0.13155181552019696,0.019888130135260168,0.11314937502979025,angry,5e4156089306c7039ddcca7f
,6.334267477164714,0.14811526750270818,0.11529893639087187,0.03725318768781534,0.13202766514822,angry,5e4603262a2d173b73a02a5b
,4.828321865800492,0.14071618982644704,0.11994758123121359,0.01800791547816718,0.12348135941454741,angry,5f812169d338b948c4e68fa6
,-0.07001315591565824,0.16899333567169414,0.16361066018757886,0.01702034759490378,0.14698534209544115,angry,5e415417189842034d9f72af
,5.285963511104043,0.16029265779520235,0.12069467851413691,0.0182219017185335,0.1129922087485537,angry,5e395fc2ee8206179943d42d
,-1.334944953062217,0.1914763449246651,0.1378247798572791,0.02334765281730861,0.12249366078695595,angry,5fb383af75b0a9389bf39766
,3.1858360667147165,0.12601700430961266,0.16828453775637664,0.027740794644043453,0.09682431278273829,angry,5e3629138661d6073410fa76
,4.207594533552847,0.1168454341556242,0.07454938789243862,0.02009142155868921,0.08150722613848554,angry,5e495785963e443aee02b53a
,2.5108149673920592,0.139958146566236,0.08203016102648891,0.009581738134231393,0.07295334562089184,angry,5fbb6e50576e9378b67acbb4
,5.3949823897478035,0.1483453722711367,0.1528590483292959,0.018549428803046417,0.10828981415751009,angry,5f633e9c2e23c7161accd578
,4.955498089995911,0.1480444575840149,0.12019388113496524,0.021052855606941645,0.09038185618566483,angry,5e49400ec38c123b9ec6dab2
,4.447996748323174,0.1334687118209713,0.09071934883251004,0.014435992682302622,0.08250802934842985,angry,5e317c1c5807b852d9e0341a
,2.656361038690432,0.15081512614670806,0.11633869446201846,0.02344257763137351,0.11801692099476513,angry,5e37e8c3ee8206179943cbc3
,3.5085634758205826,0.15208137430838267,0.10593773020099995,0.024734864331427873,0.08834678949178901,angry,5f6afde1111dfd48d40fcf96
,6.5015117736650545,0.12599633331525312,0.10285245267469346,0.01768206640702281,0.07455842106078796,angry,5e39641fc8c25f16cd14611e
,1.808960753898167,0.13571405985713797,0.11161182810012008,0.01394450076758372,0.09961702762368728,angry,5fbe0d164c55eb78bd7ced34
,5.326333463536527,0.13404756507109566,0.07781731137660314,0.014463064599242403,0.05908249657233483,angry,5e29b3a75807b852d9e01cae
,5.059847885105134,0.11619180595394743,0.09977527034304355,0.01723494602830919,0.08716028616250272,angry,5e4811be963e443aee02b275
,-1.4775505901153112,0.20007986855685533,0.16385361359269832,0.03468369365120844,0.1829104896177156,angry,5e3cb2057995ef170fc0fe95
,1.512318702305903,0.14319110016435038,0.1597623717379274,0.021116343456010735,0.1054798192103937,angry,5e453f50c38c123b9ec6d46f
,4.397093874271007,0.11848640420948105,0.10800051441223094,0.01787194111913121,0.09441449666318702,angry,5e32eb8a5807b852d9e04497
,4.513809218366704,0.14513720543417258,0.11025367110069237,0.01837753531545722,0.0989063581731982,angry,5f6ac2c6111dfd48d40fcf55
,1.094914032770142,0.1773799097183117,0.15789175826500987,0.04557443929456755,0.18851531109588346,angry,5f63825b2e23c7161accd5ee
,2.2504520678287605,0.14764734525945866,0.1167524762719694,0.026061439458810533,0.09519968090021577,angry,5f6a39b3f8fac448cc0a5d0b
,5.102903634286393,0.14034111194078394,0.12192723838126736,0.023795489214554908,0.10255166966538244,angry,5e514bf87bef803b4851de40
,7.530138638296103,0.12840554212963842,0.10276197709201963,0.013713357859454317,0.10676637268055988,angry,5f85c3d5d338b948c4e69658
,2.2308734229075387,0.1411936055048513,0.1492252371828015,0.02353324444793523,0.1197506960663369,angry,5e40d17d189842034d9f7091
,6.344322797918719,0.11889162505072381,0.08747924237756304,0.01396309440476118,0.07153407460961748,angry,5e4107019329cb02ef38a5e2
,0.3612282412951414,0.13776030750794813,0.12006425463665744,0.020697580683569885,0.08081835188015353,angry,5e3952c17995ef170fc0fce6
,2.7018849491633166,0.11619594270689579,0.13389478937792282,0.014987079842594144,0.09370252604363184,angry,5e424c090b3f160367c2090f
,2.0887858607804306,0.13786689767862959,0.10396633402509835,0.013579380106502066,0.11025494324785255,angry,5f90cd7e111dfd48d40ff00a
,4.080312195752044,0.15741197413599836,0.1511147145049222,0.04093019361353595,0.17676817539911585,angry,5f5c1d462e23c7161acccfac
,4.461369154464942,0.1595419073679943,0.1596017715813282,0.028363508362338054,0.14953933589630186,angry,5e2fe6315807b852d9e02be9
,6.75920556035342,0.10496475970388412,0.14199562501069182,0.022125779868091014,0.10225853214511355,angry,5fba1e9b4c55eb78bd7ce1f0
,8.648956047817782,0.10838862918804093,0.09471160086689252,0.02718979615015384,0.12580352960147131,angry,5e379ddf33e9ad176cc9af6d
,5.383130731424463,0.12769180973631108,0.11184408420059869,0.013486647871438944,0.08443712837071106,angry,5e453b8e8849ac3aacea4e56
,2.935489288641349,0.145287112105116,0.16019313835419863,0.030241881976549104,0.16430249933533259,angry,5e363fe98661d6073410fe64
,1.7105014015291629,0.10799007170435741,0.12165598582436409,0.02448302492293633,0.13335963640604134,angry,5fba3e0344697678c497b442
,4.964182569283252,0.12663039946921592,0.16649012823822018,0.033098359148176944,0.10794521257392975,angry,5f707f9b111dfd48d40fd3ad
,2.6937980723857495,0.15596983302048023,0.11509346747097136,0.02048036083548703,0.08327379511819673,angry,5e40b8d79329cb02ef38a455
,4.517985048260495,0.1355464162012045,0.10925411302560918,0.02225493035566706,0.09940466350324619,angry,5e47cc637bef803b4851d8fe
,-1.0167207007549022,0.1727566965084865,0.1316077296841728,0.028632147732176476,0.11255603976053886,angry,5e4217759306c7039ddccb4f
,-1.0664374963257894,0.16450304442798594,0.12076076377070676,0.0108902863746026,0.10279686915509882,angry,5fbca26acb503578af9ee82c
,1.9993549433038476,0.1379537032139801,0.11846242882078795,0.019871757262337388,0.0863454120147802,angry,5e34d1085807b852d9e068d7
,5.480119213080313,0.14479323981630338,0.12922674016794025,0.01804239568401892,0.0788733709694622,angry,5e529a0ef2fe7a3b1d5450d5
,1.7568667231288113,0.1524748266345454,0.10022312539307522,0.020125654589920883,0.08309990679636955,angry,5e42bf8b48600202f726ff6a
,2.2283508670504357,0.1698876404494382,0.1388529228683836,0.02083045593472293,0.11293412503021515,angry,5e3664c205fef317e874b506
,2.7040204873010873,0.12806436511099722,0.1007160511040865,0.02000405699992924,0.08710856354725656,angry,5e5330268849ac3aacea570c
,4.357902613752368,0.12160952797744239,0.11731222068547227,0.017460355871627392,0.10380681422446383,angry,5f66c741d338b948c4e681e0
,-1.12459683506183,0.18777956049699435,0.2059769784567209,0.031077992182772962,0.19997612193474815,angry,5e377a76ee8206179943c571
,2.1143739273973714,0.1338675488848375,0.19588797893733312,0.027264556064106143,0.0991606506214145,angry,5fbca75e576e9378b67acf8e
,2.3741718636484737,0.15671795638561534,0.12615882325429048,0.017302340614606764,0.08354694550960841,angry,5e33cfd35807b852d9e058ce
,3.20762184264688,0.13253313512568435,0.093227906773919,0.01712875703176975,0.09035997633622699,angry,5fb9c71844697678c497b108
,-0.4114840889052127,0.15718033217650015,0.13864931677255596,0.019239273583879994,0.10153143225822411,angry,5e41317c0b3f160367c2075c
,3.2742338725835234,0.15897088680243276,0.254209473715542,0.018379182998581812,0.11245125637855088,angry,5fbdc3e744697678c497bdad
,4.899678320037772,0.11084185716676953,0.12174824709012515,0.020304343443706012,0.09469767885332096,angry,5e42ad789306c7039ddccd21
,4.053656135339166,0.13617341446242764,0.11006858938024207,0.02311505000248414,0.0936712663434532,angry,5e53017af2fe7a3b1d5450e6
,4.654522814892953,0.1508073863321014,0.10095102573535247,0.033172954107342015,0.08519278356176226,angry,5e338c055807b852d9e04e58
,3.037259247845863,0.1452716518903725,0.12551933227058995,0.020263683613835244,0.08144649183784784,angry,5e42679f0b3f160367c20960
,1.8124832244192706,0.1732990374115077,0.11265214097822654,0.018472568995316463,0.11380876710794292,angry,5fbc69cb4c55eb78bd7ce7a4
,3.02041759099678,0.1421150162867897,0.1276966803294882,0.023767862833872784,0.10695559429935975,angry,5f6bd58cf8fac448cc0a5e57
,7.174408836016989,0.12307040358164148,0.07926287110100447,0.013847563373029951,0.06695474829193947,angry,5e338cb95807b852d9e04e75
,2.861230751102437,0.16353358448343777,0.13829456227800574,0.022626202974300676,0.18353835418832587,angry,5e3551ed5807b852d9e07fbd
,1.8452975192456451,0.11925269684135158,0.12728697300866287,0.018907317310925653,0.09309386303612181,angry,5e43f4be48600202f72701b5
,1.7266715918304942,0.15138642417775303,0.1353451782167727,0.029407185610709378,0.09896753503478123,angry,5e46025b963e443aee02b06e
,2.362855064674428,0.1521519557199832,0.180208952817803,0.02436747674329645,0.1261883942903519,angry,5e45707f8849ac3aacea4efd
,1.062816700483249,0.13185498018369257,0.15707470945871838,0.02195435978701945,0.11255497024492893,angry,5fb48bedcb503578af9ed7f7
,3.69185379315283,0.1439625164869821,0.13454980444082978,0.018680499675750497,0.10627945283098733,angry,5e38b6dc05fef317e874c638
,4.300995041363411,0.12017860427697612,0.14598936861599895,0.02020718511190114,0.10428396715799645,angry,5e381601ee8206179943ce6c
,6.0048448666626095,0.12164059794426321,0.10658898661875481,0.013659291479612855,0.07336960976536018,angry,5e48d1d3963e443aee02b3d9
,1.9486911001824399,0.1484583875985384,0.10712175796234254,0.024072188479925424,0.09927031194690722,angry,5e315c9e5807b852d9e03261
,2.260485787688054,0.16032715515481244,0.10051631456626103,0.028009957042630762,0.10873128710927855,angry,5e379dfa05fef317e874bd6f
,6.364568175963109,0.09599106381067851,0.09922219206319896,0.01581286989147715,0.0822867771363669,angry,5e3381c65807b852d9e04cc6
,7.918689640521992,0.15583451600393097,0.10594215378151611,0.02542569236298227,0.1659589294998742,angry,5e368d3b05fef317e874b66a
,8.792258560619572,0.11652635185725706,0.07606768180209282,0.019843117686481865,0.08132655080894641,angry,5f7919ebd338b948c4e68cf6
,2.003712476777585,0.16650915766290533,0.11791950112867819,0.015647855866983803,0.09802863292460855,angry,5e443b14189842034d9f790f
,1.217144029338335,0.1861307872983213,0.14615028960382037,0.034044835537258226,0.18824889977537596,angry,5f6b6fbcf8fac448cc0a5e2f
,2.3076959732041322,0.18920989306300334,0.16290596395026224,0.040750247426359215,0.19869498310181527,angry,5e37a8fd05fef317e874be2d
,4.178908464655895,0.13587367033036088,0.10510026352495803,0.021146960225494737,0.08326185443556802,angry,5f5e1bd23bd6941613f6d27f
,1.0183060448345997,0.14306542638563374,0.15079262086730166,0.024159794902744315,0.13631535570898146,angry,5e48fcba963e443aee02b434
,4.753832285840385,0.1518511899489026,0.13554817434162444,0.04323200713791642,0.1795003991930766,angry,5e355a715807b852d9e08208
,-0.8790194784753054,0.16853771487120758,0.12349364859789963,0.02122335599411649,0.1089824615105022,angry,5f40b6ea9dd513131eaced3c
,1.493093621632179,0.1589461008475093,0.12092907634523903,0.011252156582232895,0.08140226365958726,angry,5e482128c38c123b9ec6d8aa
,6.310855626576822,0.12333854914509557,0.1289785841730205,0.021314259112008252,0.0956368544921635,angry,5f6184f82e23c7161accd3ab
,3.655299041764781,0.14627675657037284,0.13301369328253815,0.021019664040871484,0.08653482854327017,angry,5f70907bf8fac448cc0a61f2
,5.525967519927552,0.13786940903364492,0.1000184913191039,0.013544343463449404,0.08380069985107302,angry,5f8470d2f8fac448cc0a6bd0
,3.924966377743676,0.11913121267627559,0.12755564956790316,0.015859677585288397,0.08361206394614347,angry,5e49645a2a2d173b73a02f8c
,4.451439961454845,0.13196806972101885,0.09873447733645194,0.014362438279947813,0.09107229356967302,angry,5f5b49e3b8781316283497d0
,2.6827102800098235,0.1580408545963742,0.13270737411850086,0.04134753906675733,0.14939325539705184,angry,5e369d7b7995ef170fc0eb41
,5.434220367942132,0.1439953643343474,0.11310773740578751,0.029828071676846365,0.15074585789632905,angry,5e37f28ec8c25f16cd145935
,1.793789757286482,0.18009063812740234,0.1827844725099283,0.05481893878342439,0.17875248297538543,angry,5e36a0d07995ef170fc0eb7f
,6.219628273835297,0.13580350385652123,0.09856420109783325,0.023094111182349497,0.09148400389978757,angry,5e29841e5807b852d9e01987
,5.546693016086378,0.1508718193697048,0.10226564664152007,0.023461741606294946,0.08727241251559521,angry,5e4372252b6c8802f2d85ed1
,4.887895506545907,0.12304091556647938,0.10959777324338434,0.017228619415027156,0.09677616536748614,angry,5f7945d9111dfd48d40fd6a8
,-0.6540689795726657,0.16951078780111095,0.14605118545958087,0.045287080267230356,0.17837713912518535,angry,5f8ba2d5f8fac448cc0a758f
,12.849326712718034,0.13101093324143984,0.09877858625979359,0.02539472788447266,0.04655570592230145,angry,5e2846c55807b852d9e0164e
,5.72942717659106,0.12704535270691417,0.0898689641522733,0.010237177462982701,0.08332322145729665,angry,5e437c3f9306c7039ddccf00
,0.8230210262014805,0.15596521022663268,0.18235854786772115,0.02708901602056591,0.12872104176712568,angry,5e4642ec963e443aee02b0e8
,1.3784450197207514,0.1657380602091342,0.16694475652171345,0.023043757215935004,0.13225214995658469,angry,5e3ceb3433e9ad176cc9bd7b
,6.652454480121783,0.13533718519581223,0.06796330583076673,0.008844167441911143,0.05332782906936396,angry,5e33bfdd5807b852d9e05444
,5.951296509868702,0.13957094112815263,0.09327986147889308,0.03710603193859761,0.07867848572929945,angry,5e485c2ef2fe7a3b1d544c85
,0.5254432696153291,0.1507530256447717,0.12528615797844694,0.018809677172756542,0.08481519867324304,angry,5fbdd7c3cb503578af9eeb7d
,1.3519483363824643,0.16740575758483736,0.15938212590852308,0.02822356830108789,0.16954316358449242,angry,5e37ed4a05fef317e874c1f1
,5.772301411609767,0.15555107380919136,0.23245798496106015,0.018853000921818987,0.08135528664303156,angry,5f8a2a3cf8fac448cc0a7425
,0.8435577130041799,0.14161526407159242,0.10315804830922759,0.017706988505653377,0.10219804174376929,angry,5fbb14764c55eb78bd7ce36e
,1.0105812107606276,0.15906383509233876,0.16100409654226014,0.0219235990935178,0.15103246232996823,angry,5e3779e6dbc4b7182a6a9859
,4.345067600851836,0.15993350048662594,0.11230232238308753,0.016614923811440318,0.08564374932622676,angry,5e492269963e443aee02b46a
,5.08517233268272,0.11214695616950957,0.1045720149997908,0.016946611777653352,0.08257427475741468,angry,5e40fab22b6c8802f2d8591f
,4.544148279126558,0.17419367458297147,0.12767920195540275,0.025565622771855853,0.09996993433221844,angry,5f5d75a654b2361621284878
,5.1175024508262394,0.13628643328653214,0.09103522415132773,0.01263531587972111,0.07749218337155353,angry,5f60bed2b878131628349c6e
,3.40133749110507,0.1141957686902126,0.11502575443281311,0.018437449661703024,0.08529222213540258,angry,5e3952a0ee8206179943d3db
,0.10526297363500633,0.17637723622154403,0.14036491749224192,0.026896318903181837,0.15102535102588888,angry,5f677e02d338b948c4e682b6
,6.504623056384469,0.12236082886952293,0.09701603550950605,0.013440277486266678,0.09570263846876878,angry,5f87b8ddd338b948c4e69939
,-2.8312014262137697,0.18846123318322414,0.12400934567574504,0.02498704640886772,0.09019112179903892,angry,5fb88f974c55eb78bd7cdd13
,5.485028726190429,0.16034078506187438,0.10144934470554536,0.0205937922647029,0.10213367189517066,angry,5e43aaea189842034d9f77ba
,4.593054339536822,0.16907401705637903,0.10811696919411774,0.022068352483010898,0.1256929716714369,angry,5e362adb8661d6073410fab4
,1.7537386367005243,0.14583128236241324,0.18960686023681972,0.030908564308908794,0.1440622696707828,angry,5e3d3523dbc4b7182a6aa93e
,3.0686975745224774,0.11877827054450744,0.12251052134444894,0.012136366520469259,0.08615602786274802,angry,5e426d9b2b6c8802f2d85c27
,2.3964819896403275,0.16062785589396894,0.16564927292358114,0.02785562459184674,0.10901617674327752,angry,5e4868417bef803b4851dac5
,2.7921210069626894,0.16800319038367953,0.13460597289099532,0.02309734811147687,0.16092412589998983,angry,5e520f448849ac3aacea565a
,5.529938916118099,0.1369184650498711,0.1132666921697765,0.024873117397501334,0.09606178793723506,angry,5f88f0e0d338b948c4e69b4d
,4.610733031232077,0.13173028985668817,0.11703418694066768,0.01599073274464917,0.09206978142866623,angry,5f5eb73754b2361621284951
,1.9151863105841156,0.13504609444958235,0.14787217688556215,0.03449628808846885,0.2012336088835708,angry,5e37a10e05fef317e874bda1
,4.722373867846083,0.12364752068987482,0.09775285850976372,0.018680467009002548,0.09981155322164442,angry,5e36cfc305fef317e874b913
,1.2999887184685657,0.13808049071289843,0.10630398724989461,0.015019336611421116,0.08406268985053264,angry,5e514af4963e443aee02b676
,1.1445987390193362,0.13897425133104094,0.1503102218458026,0.017879327476763015,0.17093967828479234,angry,5e3658b9c8c25f16cd144b86
,2.883054941672816,0.14379729220421533,0.14529779163312936,0.017736193140532742,0.13043448954019313,angry,5e37b421dbc4b7182a6a9bbc
,3.3609845041123165,0.12259666920269735,0.12611589671752074,0.020526705151713828,0.10358694430758275,angry,5e47f551963e443aee02b1ab
,2.967896951501471,0.15117863530344627,0.1381766303939545,0.023688105823303947,0.11990645969420864,angry,5f656196111dfd48d40fca40
,-1.4560617188041265,0.12455462938173638,0.12875408933322477,0.017789370480191878,0.10949054638087585,angry,5fba378844697678c497b3d8
,5.403554070094347,0.1506010757651137,0.09338732987270887,0.022374383290305253,0.09391276793444371,angry,5fbb1ae34c55eb78bd7ce398
,0.926363506921456,0.15117632266273995,0.1123067726880584,0.023355372130004597,0.09389718017802326,angry,5f62bf103bd6941613f6d64c
,5.515681381571133,0.11907932089587694,0.1002918972914786,0.016783421736417687,0.09128959639845195,angry,5e37e2a8ee8206179943cb8c
,3.100820717910512,0.12685878716732618,0.10488614559732731,0.01648336606376767,0.08043854376522704,angry,5e33cf4e5807b852d9e0587a
,4.620908870406471,0.1281944896154849,0.0902124502266729,0.014591171524030852,0.09000105531357203,angry,5f8b820a9e04b149046cd2e5
,0.3602324690937804,0.16017439953767637,0.14437890091092542,0.023938365301863,0.12606165424448473,angry,5fba375ccb503578af9ee155
,4.849201216576813,0.12072895243955761,0.1306552407600266,0.017778305161081986,0.08266382392602177,angry,5f5f8b44b878131628349b71
,4.4667605045969365,0.15035362344003197,0.14124970517525415,0.0222168857969209,0.10732815453243476,angry,5e32e1105807b852d9e04172
,5.568660599477743,0.14771465514869736,0.1564016440384337,0.020615342348010567,0.11222940096226837,angry,5e537874f2fe7a3b1d54513a
,1.7847420629465178,0.17147071600452046,0.16884344086356437,0.031111696236310472,0.17594751520047688,angry,5e366e5705fef317e874b539
,0.9102280819706196,0.1679540938941213,0.1650270408021759,0.02047997247428386,0.11330068944852577,angry,5e53585cc38c123b9ec6dda3
,4.339569178614712,0.12191576650635366,0.1561873470237493,0.02681851022885552,0.09723041434780592,angry,5e395095c8c25f16cd1460a7
,1.9336725802291526,0.13609350252704935,0.13303733555744598,0.026044230898433482,0.10333506622124088,angry,5e40dcef48600202f726fa12
,1.2206462261990576,0.16125518492441046,0.13017751916426076,0.014465678857225522,0.1090687226045368,angry,5e4891842a2d173b73a02dae
,-7.138704843195163,0.1426145525253718,0.07283522338199747,0.008926794655893598,0.04880797197686342,angry,5e2e40a65807b852d9e02797
,2.299976842277705,0.14281572074139512,0.1472019554506283,0.026928336279648316,0.1148516783890463,angry,5e462e5d8849ac3aacea4fe7
,3.5341959923404094,0.13049136655694032,0.1069646457160006,0.021707676363573652,0.08940438363002585,angry,5f60b96e54b2361621284afe
,1.5132784887953072,0.15141398191251565,0.13365843961333843,0.022761277184357588,0.1612551851836507,angry,5e41f5f59329cb02ef38a786
,3.2427939137659534,0.15818995740103817,0.1324302885517716,0.028528932124153923,0.12974505263679653,angry,5e47d835c38c123b9ec6d702
,2.7048506969711763,0.16893308974672466,0.14403832745915315,0.03359559984561879,0.13783687322932064,angry,5e47e6512a2d173b73a02bb6
,3.5150278583247343,0.15284089038163917,0.1280772383634777,0.014320035005686307,0.0656360582832339,angry,5f708a05111dfd48d40fd3ce
,3.8748921264466962,0.13160361980694835,0.09517117709099107,0.01611756992657926,0.08776465286920394,angry,5e40d00d48600202f726f9c1
,3.2810754281359515,0.14239042839612448,0.12383930805223413,0.022090334030173894,0.08232141227383981,angry,5e36daf8c8c25f16cd1450d2
,1.7426960400242155,0.16659698114638674,0.13936996578238806,0.02737073464450439,0.11512283115253867,angry,5e45ec31c38c123b9ec6d5cd
,1.408034150420864,0.18139326770176695,0.1399823370359824,0.03381097066346402,0.13531238588605388,angry,5e3925fcc8c25f16cd145fe2
,4.33958765254876,0.17260468993056788,0.19357656581033436,0.03651907758028414,0.12828159729348454,angry,5e42bc150b3f160367c20b07
,-1.1198190808964097,0.1777620548124464,0.21068087234782132,0.04801110838827225,0.188230348711808,angry,5e4163762b6c8802f2d85a7e
,1.4003775614358571,0.1512239053927033,0.1504729653173371,0.029858445014206605,0.1409633574449227,angry,5fbc824c4c55eb78bd7ce860
,5.07645345992182,0.11179110079739862,0.14802049735195774,0.02666667249263824,0.1597462134407675,angry,5e36389d8661d6073410fd22
,4.141842795361575,0.1531067374646275,0.10536181489029953,0.008646545649048182,0.1057680087277034,angry,5e36a4d1dbc4b7182a6a9565
,5.65566580483549,0.12592773760299536,0.10784929945872547,0.018386813086526996,0.13783365986470378,angry,5fbcdae744697678c497bc67
,3.901707065501567,0.13305918792137741,0.10138444878741258,0.017028882657269998,0.08039127114449567,angry,5f7916e6111dfd48d40fd653
,4.914126125111174,0.1430313398636952,0.13577196703553984,0.027377808395301885,0.10104132317525456,angry,5fb87af944697678c497ad84
,1.353077969081374,0.18603778422030157,0.13742319555247498,0.02434491418115383,0.17138815095902896,angry,5e369727c8c25f16cd144e6a
,3.844189335069007,0.13837808776546898,0.08533853011143588,0.015387175829334637,0.07186276517537486,angry,5e43d6b29306c7039ddccfaa
,5.191747782826575,0.1201598072426359,0.10897867671912008,0.017751169069642872,0.09383745510235969,angry,5e40fc170b3f160367c20691
,4.93544501326625,0.13368683599965556,0.18821481040528115,0.024773753669405454,0.14380148726098657,angry,5e378ee4c8c25f16cd1453ca
,4.197891342007502,0.13991587382695186,0.10415655621028089,0.014562541511868513,0.08516411506684127,angry,5f5e099354b23616212848e2
,8.344391409145473,0.10408006301423363,0.09143452521696267,0.012012616974475256,0.0650857998860892,angry,5e48154fc38c123b9ec6d847
,0.9105915932067064,0.1459725585411297,0.13488714183018172,0.025570910749078937,0.11326207759689463,angry,5f6a3bc8f8fac448cc0a5d12
,2.990373891854386,0.17831361748737895,0.11283211195923572,0.02111365138595662,0.09516727785427032,angry,5e3504ac5807b852d9e07297
,6.024485586324466,0.12146294243907912,0.09427036468067661,0.014993526384551918,0.09432374153274112,angry,5f917627f8fac448cc0a7e68
,3.3321313874822702,0.15026429878804162,0.14837541719990555,0.016328234586657678,0.11493653981202151,angry,5e369a7f05fef317e874b730
,1.7373855775164684,0.1380357516722491,0.10879479355431516,0.015178739507454419,0.11089105306055722,angry,5e4890d92a2d173b73a02dab
,6.382331636954889,0.13221052719923373,0.2053984789834014,0.020075602665009847,0.08882543390401174,angry,5e383623dbc4b7182a6aa24f
,8.519921454213346,0.12822061569152338,0.1206701230915229,0.019745162413302573,0.09681842376025725,angry,5fbc6c8e44697678c497b94a
,4.577948564768953,0.1600593690980313,0.08400026693629206,0.022414196245770356,0.09230283378527694,angry,5e44352b2b6c8802f2d86089
,6.100611224569406,0.14781161751940658,0.14426367906169332,0.014419212654993917,0.08117136860189332,sadness,5e36c3b233e9ad176cc9aaea
,2.186829491223852,0.1698235361174919,0.13472968401391794,0.021298732309331634,0.13448036927962018,sadness,5e380ff5c8c25f16cd145a7d
,0.27026381337961586,0.13201475142271843,0.15921218362578593,0.019944024629280417,0.094669625163449,sadness,5e383be7dbc4b7182a6aa273
,4.082367037850015,0.1458753496591583,0.19484701354353098,0.016893354786685497,0.1258377445803502,angry,5f6a1c42d338b948c4e68532
,3.75864909429115,0.11092853992235913,0.12853671243063997,0.021542124057533835,0.12233510582208602,sadness,5e300e4a5807b852d9e02d55
,6.58669569535307,0.12162824889210573,0.07326028354879863,0.013869376013231334,0.0717038723223371,sadness,5f6382d42e23c7161accd5f2
,6.41721493266831,0.1294000275156659,0.10536732423102577,0.012114095926950124,0.09332193966877127,sadness,5f8d70e19e04b149046cd636
,4.6481615888547845,0.09438325206969309,0.09892103763151736,0.020177460725089632,0.0961702430326777,sadness,5e38de4fee8206179943d19d
,2.4123042389887304,0.1436624279156381,0.11891925991484115,0.020360381720110177,0.10669368147689531,sadness,5e43700f48600202f7270095
,1.987939567441599,0.17553357228312022,0.1449585999573023,0.016646288472819352,0.10908449759165538,sadness,5fba373744697678c497b3d2
,3.623992041729741,0.14162975450992096,0.13816535529256538,0.016206991208837458,0.10149105024245063,sadness,5fb8c46a44697678c497af28
,1.5570904239882914,0.16071652595658345,0.22724458966413888,0.02516035428079467,0.14007114473951854,sadness,5e367b9933e9ad176cc9a803
,4.679314639251011,0.15936951399976457,0.10806407497798076,0.016347188775939756,0.0831158189116235,sadness,5fbe094acb503578af9eec2e
,3.658815271000673,0.15414775892801538,0.13733294885183467,0.021450914370486247,0.07895863677280393,sadness,5e3503b45807b852d9e07269
,2.7971847056095336,0.164660543868023,0.07734229461956893,0.01684901485358152,0.05048101135004468,sadness,5e2ebbe35807b852d9e0280f
,4.406687380896045,0.14114844085890954,0.12326724654280659,0.014421959002372753,0.09235760667963594,sadness,5f871b27f8fac448cc0a6fe0
,-2.4016649379055464,0.14281705122727112,0.11217446602799123,0.023158961300919833,0.14662019298699872,sadness,5f6ea712111dfd48d40fd26c
,2.8755203061884074,0.16005246744969498,0.12719218532672985,0.02428915969876017,0.08336332398119826,sadness,5fb8e53644697678c497b013
,2.944127189607087,0.15630529669397764,0.16230380950579004,0.022473509186193574,0.12258545455115927,sadness,5e42a2ed48600202f726fe94
,-0.6920164003290175,0.19902922394384523,0.14220537480788503,0.03377499734570281,0.14289396043751462,sadness,5e4860af963e443aee02b325
,6.792743048170012,0.11438556877329593,0.07193102517184967,0.018548235554456505,0.06923022675393935,sadness,5e3413015807b852d9e063b9
,3.807028663454627,0.1611301502468824,0.13286653367763818,0.021417556897151743,0.1201356652199361,sadness,5e37eb2cdbc4b7182a6a9ed6
,4.032913212496788,0.12396761960620832,0.14892115518371776,0.011829151436062637,0.07549140919911944,sadness,5f793a6dd338b948c4e68d2d
,5.937008296933656,0.13548535398784986,0.10276416331020599,0.01949103456713564,0.06980119340102205,sadness,5e42b8102b6c8802f2d85d72
,3.524189176003899,0.15567615271032778,0.12172956209348752,0.018581326048564193,0.07494795114055759,sadness,5e3817f633e9ad176cc9b61d
,3.423549887071762,0.23882135310019567,0.18081792462129642,0.05541624320007999,0.20033436392316675,sadness,5e36a619c8c25f16cd144f61
,1.720254133813123,0.17380357213347544,0.17475548113977438,0.02781213783616884,0.15568657212778467,sadness,5e36a57adbc4b7182a6a956d
,6.867080928026314,0.09870937667255597,0.12721127988958802,0.015668488499986918,0.09421050251450051,sadness,5f8ed5bcd338b948c4e6a45b
,1.359857676233742,0.1487901428442414,0.09161071654513572,0.015761320259018614,0.06939752519158539,sadness,5fb8cf014c55eb78bd7cde64
,5.577440342459077,0.1357490928335731,0.10613682070788467,0.014187112031577204,0.08754174187906029,sadness,5f8123f39e04b149046cc41c
,11.590458502672046,0.14670125387817673,0.11544078462010177,0.03178107819321909,0.07374083580148424,sadness,5e331d445807b852d9e0494f
,3.3964083551212956,0.13120502588702015,0.12126082643707979,0.015336045438711627,0.09083492268268802,sadness,5e4647118849ac3aacea5033
,5.061659687028365,0.12161289153539745,0.13446280975607353,0.017819881733649002,0.08007381535440015,sadness,5e3391985807b852d9e04f05
,4.650154308099262,0.14591167845249367,0.1221035727860287,0.020349193378617705,0.12428153558351286,sadness,5e37ddcd33e9ad176cc9b2f3
,3.4566435844737913,0.18416734680633867,0.21459863376658164,0.025632756156109097,0.1505997377034867,sadness,5e392f7c33e9ad176cc9ba92
,4.635934189584496,0.16277759240530007,0.09924470524984468,0.011418186437357815,0.1095709226416499,sadness,5e3506b55807b852d9e07310
,-1.3499897605974633,0.14185066415334335,0.130702349333349,0.02048936900571551,0.0879632773196315,sadness,5e32c3a75807b852d9e03ec6
,4.581519203663772,0.13615620060201966,0.11443177740685062,0.02245128519560782,0.1032027440075777,sadness,5e45328d963e443aee02aec3
,4.726935020379625,0.15032104449484865,0.11266444587388497,0.022180348998321088,0.0934614227273625,sadness,5e35773b5807b852d9e08444
,1.4493908178329336,0.16235812461089025,0.14323080051418374,0.016777313306031102,0.09093573916511709,sadness,5fba1a4344697678c497b30c
,-1.11123541824575,0.18260522780341903,0.21250406176137107,0.027928224121429958,0.1493071595777693,sadness,5e2876b55807b852d9e0171c
,3.654270749312303,0.14770425009096752,0.10450346269463014,0.022540103849358086,0.10002606880097888,sadness,5f97fe6bd338b948c4e6acad
,1.5489416651556862,0.1649660754260871,0.12837230990799506,0.025808168897111156,0.11450205742178204,sadness,5f5cc8423bd6941613f6d18b
,4.791887515745235,0.1345831078205281,0.10700481816221928,0.016768749683891547,0.08011177252469104,sadness,5f8275c3f8fac448cc0a692a
,-1.8833895711981357,0.12121383417506287,0.08742084211566156,0.009635893733238678,0.07291879821688026,sadness,5e33adb65807b852d9e05195
,6.774203698602798,0.15812077889054738,0.1113005204637444,0.02100607666874636,0.16763419713122396,sadness,5e369dd0dbc4b7182a6a94d8
,4.228036371615821,0.16607265319408043,0.09690364923657188,0.01404314628687594,0.09006784682145333,sadness,5e395a7edbc4b7182a6aa686
,2.1992355618705712,0.15924498766590928,0.12948646652838425,0.019183700159654593,0.1531481269597554,sadness,5e37b0d9c8c25f16cd14557f
,7.119362519849937,0.11851900938258947,0.10799397479806348,0.014262644189815543,0.06349517251768481,sadness,5fb88ae544697678c497ade5
,9.275485445133647,0.12667167581284247,0.07545535222632013,0.01649823337273361,0.07269387072159197,sadness,5e42abb19329cb02ef38a986
,-1.6772394822224543,0.18012007383771544,0.09842557375103504,0.016438664812523634,0.09408544418835388,sadness,5fb8c20dcb503578af9edca4
,8.220662621285191,0.11239567913399359,0.05549763033550007,0.009246160818341748,0.06484481501367088,sadness,5f685a2cf8fac448cc0a5b1a
,0.7300227780348918,0.1596238214347116,0.14188839693970756,0.039661214192604016,0.1283038519729905,sadness,5fbc80b244697678c497b9ca
,6.98903107595669,0.1242422814585586,0.07526086271406693,0.014625267730452411,0.054270686931064814,sadness,5e42be079329cb02ef38aa34
,6.91098355371715,0.14497067688925136,0.10791417876647817,0.015295869820932312,0.08874147084178598,sadness,5f917eadf8fac448cc0a7e8a
,6.3173462918156575,0.13967071071101808,0.11715506432615297,0.01758714699680844,0.08635093071809909,sadness,5e3d028605fef317e874cc32
,6.385034127678215,0.08957275211624342,0.08246558285510538,0.010605943726706972,0.08296022191150505,sadness,5e362d188661d6073410fb1d
,0.7576449868392123,0.16582042639131855,0.12018279645129282,0.02915525262490893,0.17643396556748325,sadness,5f9931a99e04b149046ce2b3
,-0.9286945837874305,0.16945913647464483,0.15018458224539663,0.03009712056393961,0.1177647005133329,sadness,5fbe09b644697678c497befd
,0.9542334181309903,0.18795206764218206,0.09306555626415317,0.019647375194753732,0.0879799857157194,sadness,5e423dea189842034d9f73e8
,3.3837781464931362,0.1574670765467694,0.12048615076001806,0.04388474939604662,0.1652176263203796,sadness,5f87c5bb111dfd48d40fe309
,-7.389245214464008,0.15503004190623007,0.11054481508795702,0.01706146066590948,0.0753548119907999,sadness,5e37d2d0ee8206179943ca7b
,6.513994671909813,0.1384439685498581,0.10987378049680192,0.018550926782952018,0.07808879167416638,sadness,5e451f1c8849ac3aacea4de9
,7.234394151940548,0.11636021608193078,0.0913904535707265,0.01898466914035343,0.09442655850074148,sadness,5e36b04dc8c25f16cd144f83
,0.5878664401600242,0.14862564336661052,0.1647033650044508,0.02247746220575861,0.09080937758207498,sadness,5e42cb799306c7039ddccdf1
,2.8540872547637517,0.12938987412035788,0.16216953183441013,0.017411487271774374,0.11053905475509439,sadness,5e4113732b6c8802f2d85972
,5.643476980433569,0.14300392087783925,0.14729155917135872,0.020480162983036492,0.11905588348930506,sadness,5e44cc40f2fe7a3b1d544673
,3.5600927135100995,0.15879062599916147,0.11262407439002411,0.017042857211723418,0.07882016350171765,sadness,5e4205f60b3f160367c2088f
,0.8105371650784796,0.1609270762428617,0.21897603403219817,0.040592350429194866,0.1699802562258313,sadness,5fb8e110cb503578af9edd77
,1.6807750559215868,0.15133187733792625,0.1280133308932684,0.023913414565618872,0.1286964257356998,sadness,5e3d32ce7995ef170fc0ff97
,2.589476265205198,0.1591618861226102,0.11385386315492446,0.02260068947953748,0.09531625320007325,sadness,5e48e0642a2d173b73a02e34
,4.984108461955977,0.1654429356524003,0.13215679894401475,0.02877912319338134,0.09873920312989733,sadness,5f901d2df8fac448cc0a7d82
,3.1478905131693367,0.16697617502685771,0.19414590811819862,0.03863015569362601,0.12598979572810737,sadness,5e35c90cbacf60088a5ad840
,-0.34375844688812596,0.1834913421441699,0.13101756079336596,0.02552835266611055,0.08760555323008513,sadness,5f8c499a111dfd48d40fe91b
,0.40169867035369144,0.22247752949014196,0.15086373492297223,0.03905701934635768,0.16879915230215675,sadness,5e37cb4233e9ad176cc9b1bc
,4.282084870294676,0.14597064525529987,0.13951190947199443,0.025218248259909395,0.09212687535220242,sadness,5e38b590ee8206179943d09e
,6.529892286945899,0.11713498879761013,0.09756640762647363,0.015309296533457065,0.0937393049189354,sadness,5e395b0cc8c25f16cd1460d9
,4.7518774582805285,0.13467688692003527,0.12691686892252008,0.023157976064848308,0.13500980813295405,sadness,5e426bb8189842034d9f748f
,4.16167877646299,0.12705730170088625,0.09964415107894663,0.017096104162968466,0.08757652658968035,sadness,5fba1ea244697678c497b336
,-2.1094502867348255,0.1864406172101683,0.13792625235322462,0.03095334538860673,0.15631893534101265,sadness,5e36705f7995ef170fc0e8e7
,2.183367028850386,0.13303780547059105,0.10877761128926668,0.020351446114984188,0.12401485322184887,sadness,5f3ff64c9dd513131eacea46
,3.710113188664186,0.13122372784974343,0.08724213959485126,0.013172844865045838,0.07220724368176659,sadness,5e46474df2fe7a3b1d544a35
,10.776952124783811,0.1075270089165983,0.05896028662661335,0.012034688517655517,0.059124079733339274,sadness,5e33f36a5807b852d9e06166
,-0.7625347704859404,0.16825326896902254,0.19316325455536415,0.03350563163035467,0.1446631885663961,sadness,5fb8e15744697678c497afed
,-0.8251999897998207,0.16181235719616982,0.17870951193237933,0.03417371704460349,0.16343419063642978,sadness,5f98030bd338b948c4e6acca
,-9.219269997975019,0.21880200789845358,0.2269701264088185,0.043513126438612514,0.151714679580098,sadness,5e27fa1c5807b852d9e01586
,0.2483196541456038,0.19228658104214755,0.1884391876533449,0.04462240507597954,0.18801289342702315,sadness,5e494e1cc38c123b9ec6db03
,2.3716298679670778,0.15960111808174893,0.12521003066286698,0.02581400701720851,0.09131017005175593,sadness,5e363c9fbacf60088a5adc74
,5.811533646047463,0.1332396813704809,0.11711312835772734,0.01504011134690201,0.09497920085777174,sadness,5f7153edf8fac448cc0a6279
,2.3175945925241868,0.1425093835678364,0.1278694165268977,0.019634877564911838,0.0854793818645713,sadness,5e43a652189842034d9f77af
,2.5329403600782094,0.16896976090179242,0.12741967593775386,0.02981313351731779,0.10073140621378084,sadness,5f922f65f8fac448cc0a7f0d
,1.187328313733205,0.14457016964331745,0.11836700583766002,0.018503674500636648,0.09380764062582533,sadness,5e32c43d5807b852d9e03edb
,7.794339603562876,0.13307813879222186,0.07807340534479236,0.02294969613895662,0.08744164132717293,sadness,5e42a9389306c7039ddccd0c
,2.911180065998729,0.16083648867905967,0.12261973985919644,0.019133536990882157,0.1286257952666758,sadness,5e310f835807b852d9e03035
,2.7731504861498517,0.15744027381328948,0.14353672548587837,0.021267640882276843,0.11580478554184545,sadness,5e39614c33e9ad176cc9bb9e
,6.8578499968797315,0.14079446202862736,0.1189520167352636,0.01779709966196418,0.09461008590150173,sadness,5fb33fe7e3dcec421f8357eb
,2.797500272651685,0.15543606458274617,0.11992223846266815,0.02551520130984937,0.08883713559290404,sadness,5e44894e9329cb02ef38ad26
,4.707403651548074,0.132571237973338,0.1199825308747595,0.023465890293470612,0.09237448752464181,sadness,5f8787be9e04b149046ccd54
,-0.3015537800596193,0.17576186816149633,0.16283100227770086,0.025125104433789226,0.13194453919122956,sadness,5e495d8e7bef803b4851dcd0
,1.809128532494757,0.1704864404056492,0.08098055778599152,0.014625659998767906,0.06928944891514001,sadness,5e37bce4c8c25f16cd14562c
,4.678705517133733,0.1785171538834742,0.10217047653716654,0.01913913413790195,0.09198023280114268,sadness,5e432a3448600202f726ffcb
,2.866441481235009,0.11577769503163138,0.14518260526697113,0.018703823431003568,0.09594019370122508,sadness,5e51dd33c38c123b9ec6dc9f
,3.102011042273362,0.1849546004952709,0.12470996239958118,0.025930601768784537,0.1432528469794369,sadness,5e37bd92ee8206179943c985
,2.6234963881937405,0.15209317202951397,0.11034016891760158,0.023483792674391216,0.08101214581013524,sadness,5fb9c0efcb503578af9ede48
,-0.7832235769963423,0.17342277228439756,0.13612055879940885,0.023862291798983946,0.13308143567205385,sadness,5e3795abc8c25f16cd145410
,4.640125880139121,0.13441669526347547,0.12674589664928151,0.0483756979582184,0.14621486664811179,sadness,5f8057e5d338b948c4e68e82
,5.54661005199361,0.1307576653771984,0.13121408981191068,0.02752717333877918,0.10754765069302735,sadness,5e49befa8849ac3aacea554d
,1.8666061914222716,0.17732432550151092,0.15805865677642728,0.025238164556944193,0.07498097695458894,sadness,5f805ad99e04b149046cc2e1
,1.1657117876401815,0.15750292471055738,0.16437203814490908,0.03317794508508546,0.14370685944797226,sadness,5e3cd863ee8206179943d619
,-0.5305178782574799,0.1524441365318208,0.1494880460840213,0.022476139478697553,0.10142803898671603,sadness,5e43d91f0b3f160367c20d18
,2.2189931141754395,0.15891779546359772,0.10833854301258165,0.015893269144482237,0.07704283593891684,sadness,5f8f82acf8fac448cc0a7c67
,8.244258154121049,0.11122813338576462,0.09984497114868217,0.01589322314035504,0.11879870786768278,sadness,5e413f3448600202f726fbae
,6.592135205170735,0.09493242109182129,0.0738716042161815,0.01711530002243617,0.11908814418604818,sadness,5fb9de0144697678c497b182
,3.911121327605345,0.13807401385674284,0.09965890131522472,0.012799614746926589,0.07573715570782195,sadness,5e480a1cf2fe7a3b1d544b87
,3.558001395723781,0.13756363438648872,0.10184493534310202,0.028270652109633428,0.1223224569296174,sadness,5e437fd00b3f160367c20c77
,1.6131105873202238,0.15722051408190874,0.12149656411495607,0.03545814270148479,0.1413542866733647,sadness,5e36a47633e9ad176cc9aa2e
,1.6895698442820424,0.1468681030875306,0.14477387957185744,0.01982444788465037,0.1265855268009061,sadness,5e43d99f9306c7039ddccfc1
,12.65979203354394,0.08238050870517964,0.07980993487967362,0.0176063809131285,0.07269389854411339,sadness,5e2d926b5807b852d9e02685
,0.5474312893599156,0.19483809450481396,0.15251136107800772,0.02396060156821829,0.13970715318592805,sadness,5e37b85933e9ad176cc9b0db
,2.9368598270338806,0.150181447128866,0.13557576277127156,0.026817850430457767,0.13524494102561888,sadness,5e41877b48600202f726fc97
,5.4067540339637015,0.15344610560902958,0.13578633682218647,0.025007497567142146,0.17559737865831884,sadness,5e3661a07995ef170fc0e872
,3.5751571142257426,0.12279051635278186,0.12288149972524622,0.015214890155308107,0.10112531250848951,sadness,5e2c4c445807b852d9e0248d
,4.945202659215419,0.14794716466600016,0.12666215171897408,0.016663259822999342,0.08485308945726101,sadness,5e33ce7b5807b852d9e0580f
,2.099711893711191,0.18795130824952283,0.14483387550758778,0.03134297596215058,0.16888067603749893,sadness,5e37f75bdbc4b7182a6a9fd4
,6.931274360843405,0.15674813493166675,0.09047197343559976,0.015359918034084393,0.10426844994043404,sadness,5fbe34b044697678c497c079
,1.286101658656933,0.17315897957243065,0.10391665925628862,0.0264143952091911,0.0990023225405671,sadness,5e48de748849ac3aacea537b
,4.399494973973269,0.16569088852583524,0.1447210901738921,0.022641087893709503,0.11028873276475608,sadness,5fbdb47ccb503578af9eea50
,8.076369592706728,0.09972620400784903,0.0776808506201343,0.016316637242398964,0.08231334006099209,sadness,5e3378a05807b852d9e04c24
,0.269624255030618,0.17512728000528954,0.1638610557180925,0.021669041117415085,0.08985172949110602,sadness,5f6736c3f8fac448cc0a5a17
,6.001931972310043,0.13723181646626084,0.1110858804344927,0.016434283072536266,0.1149189416190161,sadness,5fbce35844697678c497bc8a
,4.73773384609245,0.13003878125347712,0.10595643805717644,0.015055437975763367,0.0975948365700935,sadness,5e5231e12a2d173b73a03123
,2.893381546478567,0.1634906209102807,0.1551788502682604,0.021484706853306782,0.09271896332035758,sadness,5e3399785807b852d9e04f81
,2.8642199254634586,0.15049287906686465,0.13519603476619543,0.023208323844901336,0.1423239087586917,sadness,5e3644fdc8c25f16cd144b08
,-0.7976996023907043,0.19317107630260177,0.17556457320733362,0.030396715196943293,0.16830229890562257,sadness,5e368b38ee8206179943c0dc
,6.504338046622642,0.10639447548894936,0.0769972643977692,0.017126531721969315,0.06215269483659282,sadness,5e4570b3f2fe7a3b1d54490a
,8.127448427334292,0.11334380364886988,0.09251449082231522,0.02060977717758119,0.10137684622337935,sadness,5e39664cee8206179943d475
,2.3029159336092846,0.13592758181946707,0.1623896657572649,0.02268827215222074,0.11619592426661884,sadness,5e36ccf905fef317e874b8f1
,5.844195243245799,0.09684306872349817,0.09879994591568364,0.012949441716579699,0.07609103629383122,sadness,5e4653b58849ac3aacea5068
,3.9109220615465468,0.12261439459735722,0.11235050305833454,0.01946656423765101,0.08681272475188802,sadness,5f5cc21f3bd6941613f6d180
,3.6880136597078135,0.16628719812200532,0.10492103981202743,0.02452493556145016,0.10268598795712462,sadness,5f3e77a19dd513131eace238
,10.197987249236185,0.09915081596274092,0.08901475367372401,0.01753863947140949,0.08696652368215331,sadness,5e411fd1189842034d9f7200
,5.206042074913095,0.1273642292210408,0.08712688800334252,0.014184728564523198,0.08719020129492747,sadness,5f61d205b878131628349d05
,3.0067715606836405,0.13918408842365032,0.17407220734342324,0.023013839835596114,0.1391291468079869,sadness,5e378b4533e9ad176cc9ae54
,2.798568010072291,0.16880876488029953,0.09213828660900007,0.009071122046165144,0.072417770940398,sadness,5fbe2f7fcb503578af9eed71
,-0.3544529397098492,0.14706084766466068,0.09763163129661595,0.01545409542872507,0.08777126287820866,sadness,5e4110169329cb02ef38a5f7
,6.737760598056933,0.12172759398603537,0.07826904882480483,0.012521098782239571,0.05985349426854264,sadness,5e39684ddbc4b7182a6aa721
,5.554476301551711,0.1206676946355773,0.16920038238409835,0.02819271015395781,0.11872875634296763,sadness,5e43c724189842034d9f77f6
,4.3508875026610205,0.1396803127848369,0.1104815571530793,0.022567991533064196,0.10763430378392641,sadness,5e3501685807b852d9e071fa
,6.092547379125577,0.11726248695402557,0.09344316300970225,0.011274614426783035,0.07403097131498859,sadness,5f8cc61b9e04b149046cd54b
,3.495712575958014,0.15493111588117917,0.13837601523489043,0.015339336006230891,0.0990727554107364,sadness,5fbb5586cb503578af9ee414
,2.636595940393437,0.1500611779483654,0.155601835050851,0.01992301246661826,0.12819012095248208,sadness,5fbdd02d4c55eb78bd7cec1a
,0.5958163728335316,0.19340244805494322,0.19074644471642413,0.032732789037125225,0.17170384632303357,sadness,5e377b59ee8206179943c587
,2.516924534472252,0.1298635119202254,0.1554545576076093,0.02512960091313843,0.12523694025515308,sadness,5f89b31ff8fac448cc0a73d1
,2.467859502497539,0.19564028128675856,0.15233447699793,0.024830086803703022,0.17805988645691082,sadness,5e351be45807b852d9e077c7
,0.9070833380824762,0.18392953692388953,0.14051339876436506,0.02919819605573011,0.13796516715279122,sadness,5f3e8de69dd513131eace30b
,0.9723845329604748,0.15829031129557752,0.1726468559261835,0.01689061526255484,0.11281658639296377,sadness,5e49601b8849ac3aacea54f0
,0.7761104221085962,0.1633107223805025,0.10383351622475204,0.02260433587490839,0.08815375109471806,sadness,5f8bbf90d338b948c4e69f03
,-1.281290552502352,0.1697174541094609,0.14596915587038145,0.03661043620811446,0.14504786174092768,sadness,5fb33edae3dcec421f8357de
,4.4278491846301735,0.12243199523755084,0.11216350705161271,0.018855510172417607,0.09145184497532433,sadness,5e52853e2a2d173b73a03165
,2.930489947801656,0.16511814014052031,0.13962984566726092,0.02104504827855973,0.061725871098949545,sadness,5e47e39fc38c123b9ec6d718
,3.3679749388961304,0.19475874417986497,0.11032159050496493,0.019730476614876872,0.13713421197789957,sadness,5e3631148661d6073410fbe0
,2.1395396966490843,0.1432394308499017,0.07259806603432714,0.016223201128828642,0.07983621840109348,sadness,5fb87654576e9378b67ac1f3
,5.718744975610431,0.15456389474664786,0.13940356085313205,0.02319204498342042,0.12268757997816482,sadness,5e432ebd0b3f160367c20b9e
,1.4730734354922463,0.17848122818933412,0.1346038781559292,0.02262074851410749,0.14112880859702998,sadness,5e37aff705fef317e874be6a
,3.432093298926265,0.12129025941251255,0.10431870323722327,0.016138021763469547,0.0841079472620187,sadness,5e382aeadbc4b7182a6aa1fa
,4.504469108253099,0.13100683712064665,0.119778338723553,0.017479206429892025,0.07443168447958337,sadness,5f62d4d454b2361621284ccf
,5.027698496626895,0.12434762629859464,0.08856877561268015,0.017501229508219272,0.06988175184561554,sadness,5e44087c48600202f72701fa
,2.274806481372582,0.12986612623382515,0.1536607618634776,0.016707558130575676,0.10471789881860355,sadness,5fb4d644cb503578af9ed9ea
,2.7038607231608567,0.13733330366048213,0.11566906225531452,0.02322455299832596,0.1091548925748376,sadness,5f922ffc9e04b149046cdc29
,1.208263403509615,0.15700017140385306,0.1680481740537099,0.027851635622295045,0.14474274349165553,sadness,5e39613405fef317e874c9f9
,3.127150061177254,0.13539610099295624,0.10678472547236527,0.026330257013742885,0.11335233581198119,sadness,5f3fe5bb9dd513131eace908
,4.750975140437459,0.1565787420863772,0.0934362476009946,0.02949286086071876,0.10159357780913256,sadness,5e37f56205fef317e874c293
,5.013392040214486,0.12810613060604348,0.13390755991647038,0.024451270240142785,0.10284959010452295,sadness,5e362bd18661d6073410fae5
,-0.3747843687658023,0.1713981548673444,0.1400394396070136,0.02550978238138978,0.11927975807477938,sadness,5fba0625cb503578af9ee005
,3.6585316762125495,0.16776708055434347,0.1295915607705591,0.00870327516469724,0.07561007678303716,sadness,5fba3742576e9378b67ac83d
,6.807721723337224,0.13353827047252526,0.10345682433247971,0.01721384128984913,0.10143259409250337,sadness,5f6ad42ff8fac448cc0a5daa
,2.2698901909597216,0.13985789636146476,0.1247702393404637,0.01622465050634638,0.07927766335660735,sadness,5e37e42ec8c25f16cd145834
,-2.672983469082205,0.22548334552506674,0.20957910273594632,0.05661650181228986,0.19388743252858112,sadness,5e3774f805fef317e874bad7
,6.411897682373732,0.1146333097054295,0.08341806071732617,0.009379909095753276,0.06424461619817415,sadness,5e4569caf2fe7a3b1d5448e8
,13.246859130250057,0.09568500878907275,0.06965098376896667,0.014056387409327839,0.06366142379018627,sadness,5e461cb6963e443aee02b084
,6.67492903628606,0.1243913898589698,0.14562314248585195,0.022274512668784458,0.10206666717320224,sadness,5e417b059329cb02ef38a74a
,3.866651862829294,0.12029518533462813,0.11757814096280901,0.027086658412299035,0.09262117491445418,sadness,5f8992b9d338b948c4e69c77
,4.198850131923505,0.1257253495495203,0.08448822345087609,0.009477971564450433,0.06164154624248948,sadness,5e4801f6963e443aee02b1f2
,4.8768542801454675,0.1343791780437282,0.11226457665157809,0.015383627296604398,0.08620975116994807,sadness,5f8b7ac7f8fac448cc0a757c
,4.326252014109937,0.11378147804858946,0.1200417008295905,0.015234967799750847,0.08190334436374007,sadness,5e48d280f2fe7a3b1d544d58
,1.5024892872091975,0.16787125658364874,0.1514269684119016,0.0282887266857069,0.10954998730468443,sadness,5e33ca975807b852d9e0567c
,-3.050251008803849,0.19150370519476573,0.2021090207229383,0.03414515081451535,0.22448153924903638,sadness,5e377c657995ef170fc0ef01
,3.102047457354321,0.18577162001403041,0.1275935627706476,0.028237093227873846,0.14403952667723335,sadness,5e379e1733e9ad176cc9af70
,3.274682602157416,0.14878729539493335,0.12148595936992074,0.02059431420718986,0.09470583460904038,sadness,5e3d048d05fef317e874cc3b
,-0.3125304648960173,0.1655716085861939,0.10398752290967035,0.021289882793728773,0.1076224870270272,sadness,5fbdb4bc4c55eb78bd7ceb4d
,0.42061912461317347,0.15843434872799744,0.12364549255163056,0.027122650108577596,0.11103442317034443,sadness,5fb9e29e44697678c497b1b1
,2.2263258793336305,0.1728691614989179,0.10032092910900885,0.013908856230357187,0.11968711012330434,sadness,5e37e981dbc4b7182a6a9eb5
,-2.434248667271313,0.1975018113987082,0.1619177517023687,0.01987295316045736,0.10479310825860397,sadness,5fb9e2f0576e9378b67ac63b
,4.215043746418334,0.16150568357235393,0.11675059782817587,0.025439490578569583,0.10879872330773693,sadness,5e4431739306c7039ddcd087
,-2.394984580613414,0.16306192658347346,0.20047834290508054,0.03397456196980859,0.16098521741928745,sadness,5e3383225807b852d9e04d06
,6.8289615998859485,0.11833097816468299,0.1217640239946508,0.015878902120631196,0.0662821558011152,sadness,5e390206ee8206179943d247
,-0.2056787461614059,0.14179373607168286,0.12563534726863498,0.015376978953242982,0.0976149215393839,sadness,5e33c9f45807b852d9e05650
,3.047636715203124,0.1629170794398779,0.13166426670870615,0.02472667443999825,0.12309321521509975,sadness,5e421da39306c7039ddccb63
,0.5838334365258661,0.1609649654095669,0.08704712209918064,0.011191709295998263,0.06599036137887541,sadness,5f3e92c59dd513131eace384
,5.870077150063265,0.15515350877192982,0.13222294662789252,0.029561129277443376,0.10251265390466108,fear,5e32ea315807b852d9e04428
,3.2260327491139096,0.1619788544066139,0.11619714748893441,0.022594698722247362,0.1041718967101328,sadness,5f5cc7eb3bd6941613f6d18a
,3.180980331271758,0.1355744777932108,0.11152888411654617,0.024081200602292446,0.08955590681092124,fear,5e43ddc648600202f727017d
,-1.9405635606472347,0.18859795941990287,0.23455343984219382,0.018401156414904158,0.1336379419192829,sadness,5e452eaa7bef803b4851d64f
,2.3199358434797035,0.16033498944480998,0.14770768014904945,0.03316430810992086,0.1278722758442311,fear,5f98062f9e04b149046ce0ce
,6.915196326235966,0.1253191992149449,0.11249781246253755,0.01780418512824747,0.12057300191006849,fear,5f6ad097d338b948c4e685da
,9.590790096269789,0.10974127393594936,0.05591654712150442,0.011999195986138946,0.044442242741299216,fear,5f69b931111dfd48d40fce55
,1.245397155402562,0.13472163929232062,0.13024996406763717,0.01896723067081421,0.08017020694228694,fear,5fb9ce55576e9378b67ac5d7
,4.54047670404246,0.10625874771793052,0.11172287255144131,0.018475117095041994,0.0849284456545762,fear,5e381f29dbc4b7182a6aa193
,6.15695843872152,0.12844321097389536,0.09398754766054905,0.016026354361068095,0.09044398011450831,fear,5fbb1495cb503578af9ee253
,0.3399814640089271,0.1804089293999744,0.16046898667772372,0.01827575329836476,0.1499400807320031,fear,5e379fe7dbc4b7182a6a9ac5
,6.526314646452843,0.13820690775883362,0.13016497732388568,0.02292089933883536,0.1675502332267034,fear,5e369ab2dbc4b7182a6a94ac
,3.3464359107939687,0.14145072846001064,0.10748336628253166,0.022884343273991022,0.0800831707268282,fear,5f808527d338b948c4e68eff
,5.291885684631211,0.12832234694087968,0.1197609848905095,0.01725396579203083,0.08664453225549112,fear,5e424ea22b6c8802f2d85baf
,-0.7565687653183707,0.19132322512804856,0.10605460091888715,0.018450690825148955,0.10185415188045822,fear,5e3115665807b852d9e030a0
,2.4062769458868463,0.17089461443477263,0.11754299073130262,0.022293875588663175,0.09613331263278548,fear,5f5f67fb2e23c7161accd206
,2.9554688502978537,0.1511056504812491,0.13355414964827003,0.031918608524804555,0.15689348508214188,fear,5e3681f705fef317e874b5d5
,2.178452150872465,0.13355101106838127,0.1319193755557987,0.027247984636152946,0.09945021729177625,fear,5e383f1cc8c25f16cd145c96
,3.076570797384862,0.11382846756312792,0.11451690819018388,0.020988183370853973,0.1106166982237067,fear,5e462bf98849ac3aacea4fe3
,7.95510423646291,0.10117429361745202,0.07569188491064405,0.013822526073415088,0.0581096622668156,fear,5e2ec4935807b852d9e02862
,4.749951103550505,0.17045662238086476,0.15218368856612188,0.022083537499090557,0.08637990900983263,fear,5e33ed2c5807b852d9e0603f
,-0.08226334629736896,0.14823440256750012,0.11673620744459628,0.018157713948555025,0.09753325566634002,fear,5e35b25e8661d6073410f90d
,3.9303072428002634,0.15226534894841603,0.08862372492017863,0.01718362553061944,0.09039465369576881,fear,5e450dfcf2fe7a3b1d5447c2
,-1.1271135908224803,0.17362068343810474,0.16561781086556007,0.02226109287863782,0.15058689811412024,fear,5fb4ce8ccb503578af9ed990
,2.5662693813069812,0.1600720365765449,0.1542796764999866,0.06441278880416683,0.16082030484789114,fear,5e42a0da9306c7039ddcccbd
,3.8537794326404424,0.17794813083265965,0.26917734979533564,0.08003402112445708,0.21984423015725293,fear,5f83b279d338b948c4e692ba
,5.456796272922602,0.12451917022433448,0.12501380887023242,0.0175091196528088,0.10052626636427021,fear,5f6e0a35f8fac448cc0a607d
,5.283056031855285,0.13307704836173972,0.13999855645525922,0.021119546183468514,0.13892332648403738,fear,5e411db79329cb02ef38a646
,-1.8976235418636693,0.17056644498303963,0.14678185916127454,0.01523164330117926,0.12853755662403973,fear,5f7826bb9e04b149046cc0b6
,2.1097113866395607,0.1609534163699462,0.11339961880478093,0.025935721026961213,0.11822272530810463,fear,5f60ba4f3bd6941613f6d482
,-1.5259903325438062,0.2037862428271404,0.1652808992853329,0.025071692103688193,0.13996563286505714,fear,5fb487f24c55eb78bd7cd8e7
,5.273392286561045,0.141265705356625,0.0923500368630336,0.013116324223636263,0.09045626409011302,fear,5e48ead58849ac3aacea5397
,6.204972421024798,0.1306564739481436,0.14567662000302312,0.025821848180140095,0.14703591794363083,fear,5e365c6ddbc4b7182a6a91c1
,2.5699154656354075,0.14814613635532176,0.1349770177047013,0.02646055114320315,0.10534534102830156,fear,5e462c482a2d173b73a02a8b
,8.12942444323044,0.08567411826336102,0.062078256362290175,0.02195108914846066,0.07100524767308809,fear,5f88eb03d338b948c4e69b4a
,6.299675958707311,0.1403872480924273,0.1179579542372678,0.014371952763945964,0.11127988766317615,fear,5e33eeec5807b852d9e06098
,4.04984522900929,0.14306819189653958,0.11307100938968341,0.014295491476734874,0.09206972741760017,fear,5f9a33069e04b149046ce47e
,1.8305346046682862,0.1577814321080035,0.1620603328527043,0.04323639475275171,0.19015901058131537,fear,5e36715905fef317e874b551
,7.407494023537844,0.1149859155546599,0.15340814028901895,0.02009533677353942,0.11328974539713534,fear,5fbb463d44697678c497b5d9
,1.6706451759347676,0.17728815817180993,0.1364138828180427,0.018783936713336963,0.11237932988330687,fear,5e37ef95dbc4b7182a6a9f33
,0.42611389464263627,0.1261602483534755,0.15654586776603974,0.01301231076409397,0.07331382909422385,fear,5e32eb4c5807b852d9e04487
,4.042574369519611,0.1598374041338582,0.13412110896947388,0.02377819598436563,0.13903947445467768,fear,5e37d77cdbc4b7182a6a9dcb
,-1.8162059246393052,0.17825876927069892,0.21735580202732296,0.02865194514735291,0.16621423105970173,fear,5fbe28b8576e9378b67ad43d
,-0.55264408446403,0.16478421330271387,0.0940246070535959,0.013694507055202358,0.06915365986468472,fear,5f653d69f8fac448cc0a5804
,4.5772514534040445,0.13812840496988055,0.12649271599276826,0.017694077668003714,0.10321337936335608,fear,5fbb4e074c55eb78bd7ce4ca
,2.8606048630414453,0.13359495575974176,0.1365140979681322,0.018238507465297926,0.12100699100923797,fear,5fb9e4cc4c55eb78bd7ce087
,-2.6692192902864376,0.16025703712730643,0.156872521136105,0.030195771343172452,0.1375046140335262,fear,5fbb3a0b44697678c497b5c0
,2.8673036547323414,0.13516481237007705,0.10590872251111165,0.015576613526123094,0.07100643090359257,fear,5f645643d0b14d419059b875
,-0.7999651195717927,0.17566091175501725,0.15900963575601354,0.034093196202301036,0.2082631519166522,fear,5e37dc8305fef317e874c0f4
,4.9920219657104346,0.1575239027285628,0.1254885768718397,0.0189073525586328,0.11951165193270487,fear,5e414302189842034d9f7260
,2.9538951507004163,0.1455504558715349,0.14921876237786466,0.020284903808777448,0.10449744559964308,fear,5e36ebaddbc4b7182a6a9781
,4.183950097449942,0.15371315751257433,0.1219021959405654,0.016419440027438365,0.11149557534733773,fear,5e37d40adbc4b7182a6a9d79
,7.022341821889015,0.14162148832330468,0.14894884277192702,0.023745695844107125,0.13395556781023102,fear,5fbb30c34c55eb78bd7ce41c
,5.597920300332497,0.1312469948297484,0.13820693736439357,0.021083363434025212,0.1752240365848823,fear,5e36a2dcee8206179943c24b
,8.825837133117302,0.11017100247244357,0.06801178811193177,0.008611995726436051,0.0558074741201591,fear,5fbdb581576e9378b67ad17a
,4.0241671132516235,0.15996905184397867,0.13349638245944773,0.026316366156734796,0.10306092658162155,fear,5f9805b8f8fac448cc0a83d9
,6.40202038108382,0.11909015979367733,0.07727435754610135,0.012384084183572982,0.06335550450798237,fear,5e45705a7bef803b4851d71b
,-1.252598159767211,0.18461470957324516,0.19965259039551367,0.03305841702538272,0.14266795147007663,fear,5fb871004c55eb78bd7cdbfc
,11.77773971285979,0.10026340871917921,0.0612256007621697,0.011976580184985921,0.051119701204323145,fear,5e48c49c8849ac3aacea5339
,4.651184991010489,0.13801068628929378,0.09513217196464101,0.012766582731848053,0.0740275391568351,fear,5e4691d0f2fe7a3b1d544aa6
,2.6487601537541483,0.1723920711106585,0.13135745031312415,0.03970822651175964,0.18742822167644332,fear,5e36a15bee8206179943c231
,1.9114761151380184,0.14071193415181543,0.15907967835103573,0.017315341244321394,0.11941996563548639,fear,5e43ab2648600202f72700f2
,2.0035416418350525,0.1627675795941672,0.15769404076166527,0.049950656077669145,0.18657107530138417,fear,5f708a6cd338b948c4e68a4a
,-1.138651582775002,0.14661110873857883,0.16492486891970007,0.04818355506113545,0.21858290674010564,fear,5f71cf57f8fac448cc0a6293
,4.915867038915985,0.13512972519197886,0.09819171004163994,0.01882899279835668,0.09417956933797854,fear,5e38377cee8206179943cfa4
,3.002947587593045,0.1730377267747554,0.16329507163795312,0.03520105249863651,0.147971132571013,fear,5e37aa28dbc4b7182a6a9b5d
,3.9774175726420036,0.1520878259813394,0.12460383293420496,0.026189625981824113,0.15195379819547572,fear,5e37d301dbc4b7182a6a9d67
,-1.3345205812794938,0.1514197396442274,0.18518534634276443,0.029213884003260512,0.14131167255865698,fear,5fbb5553576e9378b67acad2
,8.85894350878236,0.10185665044991757,0.05599234961773398,0.011743124811250857,0.042620165932928396,fear,5e42c3bd48600202f726ff85
,-0.990757219988057,0.17317766503522733,0.21424476148877128,0.02949541195345694,0.1603067225119222,fear,5e351d2a5807b852d9e07801
,5.540193309660498,0.1379138303815607,0.09125606646178336,0.013928614738049364,0.06899238669956559,fear,5e464f11f2fe7a3b1d544a57
,5.56909573161335,0.12263771569034389,0.09741143972322155,0.014345166356840414,0.08400765607071341,fear,5f789188f8fac448cc0a6420
,3.960166080545497,0.15962784216680137,0.15823294853060355,0.02406970515819294,0.13078247598469817,fear,5e32e9c35807b852d9e043f9
,4.755782607014731,0.1411191179533456,0.1966741729770946,0.023268453164337167,0.16025859410617233,fear,5fbdb7a8cb503578af9eea7e
,0.8387486372579593,0.16909944799850685,0.1204380905041149,0.02928980694275762,0.10256443883796011,fear,5fb389160fb0f33aa31ca2c2
,1.4224137651181321,0.16317068981692343,0.198653004273709,0.03339586600817179,0.10115411447401045,fear,5fbca3bc4c55eb78bd7ce95e
,4.0462871779314025,0.1568395424969284,0.13608888166911587,0.02555876761941799,0.10025441840558123,fear,5e42bdf52b6c8802f2d85daf
,5.412828514316955,0.11470583476003486,0.11144272595443475,0.010642430293017285,0.1045708349078372,fear,5e521601963e443aee02b6d0
,2.9387554906481084,0.15848333320221383,0.1139628414893453,0.018384199543038306,0.13697271519896012,fear,5e5228d87bef803b4851deb7
,6.630932172358936,0.10710277656636141,0.10016592164064218,0.017267065268914694,0.08690566187059061,fear,5f6378bdb878131628349ee2
,7.8127682709852815,0.14135837171188165,0.09602557239327303,0.020366220345560144,0.09745600616750086,fear,5e37dcabc8c25f16cd1457e0
,2.013365880972036,0.1622747239296925,0.1267481288887688,0.010984637276531423,0.07556417016140653,fear,5f86e2f2f8fac448cc0a6f0c
,1.1768328293985237,0.1751377341618747,0.1270699647855695,0.018231458742002243,0.17151801521775642,fear,5e37824b05fef317e874bbae
,7.106819756169332,0.1438207775784996,0.11311130229567631,0.03163684740529478,0.15189402122065226,fear,5e3558ec5807b852d9e081c1
,5.927719112762053,0.12951474654801548,0.096982981090154,0.016029919581280805,0.08328935079126688,fear,5fbe0f4144697678c497bf4c
,4.380940087997821,0.13001502975533627,0.09681049015652367,0.024995683373787936,0.08560075183272549,fear,5f6163ba3bd6941613f6d4f8
,4.7547490259862135,0.12447174600498229,0.10055840628440017,0.017682598878041484,0.08396732568292666,fear,5e4256d4189842034d9f745e
,5.667455271553618,0.1645515863403516,0.10233552501281454,0.013669347622415829,0.0824342386068642,fear,5e37f508dbc4b7182a6a9fad
,-0.27338674090391507,0.14908171693349814,0.15554979930061913,0.025570957796029446,0.16424303125604814,fear,5e36596d05fef317e874b458
,6.374632393182146,0.14141173183396208,0.122288190833093,0.023043777613453876,0.10551612491298647,fear,5e3d395edbc4b7182a6aa94e
,1.0773820361196846,0.1872126147635913,0.18049446914405393,0.058831325320909185,0.18730548321358764,fear,5f9a751f9e04b149046ce529
,10.355924965736275,0.08925583676960024,0.06413044123396415,0.011785741054868024,0.04405094742115907,fear,5e338d675807b852d9e04e8c
,4.130069062504873,0.1343072976228386,0.1211267867726953,0.02380930043417881,0.12077361797808217,fear,5e453b6b2a2d173b73a02907
,3.7200915916663115,0.1271960784366776,0.12957183690074417,0.019506837013032463,0.0884654206066343,fear,5fba3ef24c55eb78bd7ce2e3
,3.9258914346899587,0.1504100531061061,0.12119800034020765,0.019682366654006883,0.09926122051720687,fear,5e492362963e443aee02b471
,0.867732909112737,0.1299913624836702,0.1461695161795503,0.024465015320329304,0.08180295103284317,fear,5e36d44805fef317e874b939
,2.7822153724937033,0.1781838247404749,0.15459926404052987,0.009557623382222324,0.09893647251205184,fear,5e37870b05fef317e874bc23
,1.3847184647679343,0.17501549669158606,0.1914506405307446,0.03784661087790977,0.16316700430286288,fear,5e40ebb09329cb02ef38a588
,4.174275185677046,0.14576425792915446,0.12155033960991876,0.026294996347656138,0.12032022143582513,fear,5e369f45dbc4b7182a6a94f2
,4.2587356233730125,0.1426083131586338,0.1044822586232958,0.02053358130344735,0.09954844644019913,fear,5f9929b1111dfd48d40ff7de
,4.898593779736195,0.15473547326047254,0.1382131644138937,0.03252553174888187,0.17432412902680017,fear,5f90f9e0f8fac448cc0a7e31
,6.716790506081235,0.14256620154814287,0.12179159638652003,0.033168079080400696,0.16971778438079868,fear,5e350d2b5807b852d9e074aa
,1.1241849341951977,0.1559651800091027,0.16249750297629034,0.02754218250025544,0.12223764960114267,fear,5e3940db05fef317e874c949
,-0.00034599996399422846,0.16848950338507931,0.18476933212806407,0.021042342183522463,0.18676467730003318,fear,5e37d2907995ef170fc0f3aa
,3.5933227496204103,0.15275872562987847,0.10713035345067765,0.012693425078185602,0.06926664631022932,fear,5e33beea5807b852d9e0541b
,2.377181309130423,0.14537625268989787,0.16474585704196398,0.022738540233766744,0.1272988504350067,fear,5e43dddb2b6c8802f2d85fc8
,6.828127059859991,0.12477455045313725,0.09997670423375296,0.01946886228475227,0.09427394075137853,fear,5f831a649e04b149046cc6f0
,5.576252185217052,0.13446357374830084,0.11239211441565874,0.021307951630923454,0.0981014590774976,fear,5e4813668849ac3aacea51ef
,4.917332031726595,0.1488318295802893,0.11553808827653896,0.024489159082259238,0.10568413884791321,fear,5e46420a7bef803b4851d865
,-0.4839967839401498,0.1766593944749754,0.19903731194247745,0.04336184454631279,0.19144123363228036,fear,5e37826adbc4b7182a6a9908
,-0.9302871405881923,0.16807240492204695,0.10335686039637297,0.02379120507182359,0.08802557312194356,fear,5f6d880a111dfd48d40fd1c3
,3.5294651221436206,0.16714767869625347,0.14986550461261164,0.037622799071085206,0.1582734110682909,fear,5f8307a29e04b149046cc68d
,2.9393115360413895,0.13796857251041272,0.10611899859447528,0.013882180361591731,0.09132624324643822,fear,5e2d8e745807b852d9e0265e
,0.8221301784672632,0.15448972117390408,0.14050299572740402,0.015342109605763368,0.08396517888210968,fear,5fb9e05dcb503578af9edf1e
,7.7669122951369065,0.12123220131739833,0.12524516926036197,0.018189632134695554,0.1202642794635852,fear,5fbb465944697678c497b5da
,4.032118862013166,0.13478482845786052,0.08132088068846947,0.015715834813541007,0.07748525569511865,fear,5fb8c601cb503578af9edcc9
,6.871523830397454,0.12784392524664984,0.09981350960616939,0.014199799529519103,0.07281074919436942,fear,5e426ee99329cb02ef38a897
,5.456387977235892,0.15864829586049248,0.1196386746153471,0.014071367054872143,0.08684274821735304,fear,5f633c5454b2361621284d3d
,-0.23875603369785717,0.19848825665365633,0.16306043650836646,0.020626326675894327,0.13213635827081907,fear,5f640a48d0b14d419059b825
,4.628883567716522,0.14496236494821504,0.1453221744037418,0.026051251516114204,0.14860145037001957,fear,5e4188e92b6c8802f2d85ade
,4.0922219971532865,0.12420128610799222,0.12152415242742054,0.01848937839618428,0.11797707694675617,fear,5e4152c5189842034d9f72ac
,4.833970386851515,0.12797832496613273,0.11183623056188452,0.02010024271379933,0.10139625891706905,fear,5e369016ee8206179943c13c
,4.544346817488338,0.12652160702538096,0.09834804185971532,0.018338668510375293,0.07852338670462011,fear,5e424ed10b3f160367c20913
,3.2511285891563437,0.14089443343094693,0.11904066434565169,0.028832544661376434,0.12826696620667552,fear,5f60ba6454b2361621284b01
,-2.432953617640044,0.16086577957299766,0.1300554090325717,0.033405037792629357,0.10392135852321265,fear,5f6a3a95d338b948c4e68541
,1.463575773652425,0.13901667245162563,0.11270807331245969,0.018107662594338516,0.09670727551139452,fear,5e3ce0ebc8c25f16cd1462ef
,4.501850351743636,0.15388023508973078,0.13249515184391128,0.026975510404795507,0.10048492809589823,fear,5f6d34cef8fac448cc0a5f6e
,4.2433010264694095,0.1587057364593474,0.1193350924109517,0.014715187246705412,0.12234878452256226,fear,5e350e555807b852d9e074f8
,4.793955049822389,0.17072444305573095,0.15390139075240217,0.03007911907372528,0.1535496793381715,fear,5e365cbddbc4b7182a6a91c8
,5.969309950000836,0.1270503688087472,0.10169847512188421,0.015551568838905974,0.1060542606293247,fear,5f6a191d111dfd48d40fcead
,3.4726123666909734,0.13610288976858456,0.09382948628194741,0.01898806504960077,0.1085255275867985,fear,5fb871aacb503578af9edaae
,3.685000796185384,0.15797772004295932,0.1552518528981343,0.02642870346974848,0.13763462134808602,fear,5e453b578849ac3aacea4e55
,2.412533709081226,0.12371686370608398,0.162211000008688,0.02676916152853853,0.1362198879036958,fear,5e3ce13533e9ad176cc9bd57
,2.4162466612242253,0.1608815426997245,0.1625874295250557,0.02496152234768745,0.12520192637360808,fear,5e367fb9c8c25f16cd144d20
,3.363705567419628,0.14618839911018514,0.10669211703996487,0.021482418916921323,0.09234789237921309,fear,5f5f67ae54b23616212849fe
,0.4027143539578612,0.16285050101418339,0.1536698424715414,0.03291457554358025,0.13258236480581648,fear,5f98a4b59e04b149046ce196
,6.287856399273621,0.10790362053323774,0.10288378705084067,0.012546665790388446,0.08912736751833811,fear,5e521618c38c123b9ec6dcd8
,-0.08125923534780925,0.12739813630549976,0.13398729531356396,0.02818373510069606,0.12932292333356188,fear,5f71cf489e04b149046cbf87
,-10.253677220203945,0.1341211284638453,0.12518685921108746,0.021261002939365968,0.10223256498930341,fear,5fb380c475b0a9389bf3972b
,3.0400417636885027,0.1335690244136979,0.11194600062624065,0.024232023393993586,0.1107603884583845,fear,5f92316ed338b948c4e6a888
,1.0638858261208672,0.18697228845355954,0.1863709100537921,0.02939126193629065,0.18772899092286682,fear,5e3782aec8c25f16cd145325
,1.8196608356912436,0.1657729786437665,0.10929392602183811,0.020313859195048245,0.09912471751022595,fear,5fbc81bd4c55eb78bd7ce85c
,1.918831132395187,0.11961115447025619,0.11716332781748147,0.01896227260318808,0.06841024146587564,fear,5e434c029306c7039ddcce8a
,5.326630751160668,0.13341248514691514,0.0901901669298788,0.01804791038890358,0.09253237145153073,fear,5f8088e49e04b149046cc37b
,3.2694560884842545,0.15552876608029437,0.13977625662721638,0.01970909761499246,0.16735276364897048,fear,5e363cb6bacf60088a5adc7a
,-0.7880716686464848,0.203819899318848,0.1786917545245999,0.02792700441996934,0.20991582233270648,fear,5e37826b7995ef170fc0ef71
,2.8890181357671336,0.1496834016065843,0.09473679260902253,0.013887031051354531,0.06865332552413222,fear,5fbdd404cb503578af9eeb54
,2.648676209517264,0.12287643313757068,0.11694939090839468,0.02052951432883389,0.09876387741726342,fear,5e42d3160b3f160367c20b61
,6.344172043700663,0.1398299155442964,0.13055123679748357,0.018210530229626626,0.10619529300857583,fear,5fb37e5248cdda3a922e4f14
,2.096122640096608,0.1466246624091397,0.11375131657943069,0.022964597748492438,0.12184306982733815,fear,5e37b460c8c25f16cd1455ba
,7.9493585965330915,0.12475624666034432,0.08879266641026953,0.01606708728441053,0.06818092617025949,fear,5e4163e69329cb02ef38a70e
,1.3635579407618692,0.16448965655164546,0.1679283769372381,0.033186493637866445,0.16189600275024835,fear,5e37b373dbc4b7182a6a9bb5
,0.21877100646809433,0.15457391525817282,0.13913520498995835,0.027314580438931303,0.10003674996575923,fear,5fbcbfd2cb503578af9ee8fa
,4.833467456924827,0.14612833805701653,0.1137436926750866,0.02132726502140545,0.1460077791998971,fear,5e3632f4bacf60088a5adaed
,1.5760242566002707,0.17331144132971985,0.13406047188846512,0.05488618852784283,0.18299138924485883,fear,5fb9fdea4c55eb78bd7ce12e
,5.680995688071888,0.15342599107509636,0.13478283126635102,0.03363055012226467,0.1039249856250411,fear,5fbcbe7a4c55eb78bd7ce9e5
,5.650952693743307,0.13174077073312507,0.10006910400445615,0.018871022012565093,0.06546424250347174,fear,5f8ad2fdd338b948c4e69e0f
,4.387668816053393,0.13908837889205114,0.11895899440715221,0.017992111189150575,0.0965872871531457,fear,5f922386d338b948c4e6a85a
,5.845015793352171,0.12513913182667244,0.10161511906596797,0.012412805889340305,0.08515014917836675,fear,5e3501aa5807b852d9e07207
,0.7084245483396633,0.17952440665021654,0.13116055278939315,0.025974981016981504,0.10649965949049511,fear,5f682c53d338b948c4e6830d
,-3.7098550888614312,0.17711223203026477,0.1275712791685586,0.01852437532313819,0.08895245856065677,fear,5e377f9a33e9ad176cc9ada2
,0.11879200111155117,0.18127026998530435,0.1478338113202244,0.03351609666479445,0.1722581728920105,fear,5e421a1b48600202f726fceb
,13.22616211360735,0.12568105832478083,0.10156781111352688,0.027495624843032862,0.10382558664884803,fear,5e2ffed15807b852d9e02cbb
,2.2126163106321592,0.1467978782102729,0.1786431985983115,0.031166977003663502,0.14425219709999396,fear,5fb489c8576e9378b67abedc
,6.754569925168046,0.12745635065050379,0.14198254237256508,0.04393660637033086,0.13709446845057555,fear,5e37f6fa7995ef170fc0f635
,4.178827432428745,0.14864182026351527,0.15747049325720713,0.03088105096953359,0.1567928068793701,fear,5e36576dee8206179943be81
,5.213193984568033,0.13276418148128405,0.11810394023782267,0.028294140094029637,0.09965105217869506,fear,5e384f787995ef170fc0f8f3
,4.8601803905959535,0.11899155369263235,0.10841470922281031,0.026092914409994776,0.09874949245845413,fear,5f682c689e04b149046cb809
,4.2804213367840305,0.17197899710424513,0.10934023643742956,0.03153373488796005,0.159347783811824,fear,5e36787b05fef317e874b59d
,7.366145732845734,0.12723492277264237,0.10481020675440127,0.012352917841146198,0.11122791921226441,fear,5e33ef1f5807b852d9e0609f
,2.145857007874687,0.16403309278642778,0.17366470955883917,0.028196028922578647,0.11155159561702854,fear,5fba1785576e9378b67ac75e
,7.9690656216593405,0.11054017191613537,0.09255868005125281,0.015094747615955627,0.10288606752989038,fear,5fb4cf6d4c55eb78bd7cdab9
,-0.18318575962128397,0.1549850680408797,0.12045900566872852,0.020080684515689874,0.08940846391730314,fear,5e37c0bb33e9ad176cc9b16a
,-1.4053451736701288,0.16679798237279758,0.07881635442895715,0.010202740074382405,0.08923199193225256,fear,5fb8e0834c55eb78bd7cdec2
,3.2462818750654865,0.1686776781037385,0.10964600492596865,0.014788305059356188,0.08509563488995081,fear,5fb9fc584c55eb78bd7ce11e
,4.365141237980269,0.14764250854718558,0.09612126234405574,0.023043744203927966,0.08713900837818775,fear,5e4950c28849ac3aacea54b5
,12.403367236457735,0.09521957515502656,0.06700756755547467,0.020452772160762543,0.07652298034030329,fear,5e2d98485807b852d9e026de
,4.491623043812891,0.15807283323572438,0.126982485640826,0.03246806684229379,0.1399196186363675,fear,5e37dc7b33e9ad176cc9b2de
,3.7819564390579683,0.1755238502572569,0.18180890813531891,0.07257335837029005,0.2013525742258187,fear,5f87b1bdf8fac448cc0a704d
,-1.5655489717461764,0.17988963016023388,0.177141371251714,0.015451227589686853,0.11572915819066155,fear,5fb33c4ce3dcec421f8357ce
,7.095380013617709,0.1318216243343505,0.11956021816467795,0.025882081585535628,0.15669295238739211,fear,5e36893a33e9ad176cc9a8ac
,1.9438214714188395,0.16388396925563561,0.11605328876156487,0.024503118063330054,0.09490524740046222,fear,5f808503111dfd48d40fd895
,5.514827531348084,0.1258322669094936,0.1579170644108429,0.025808095524630835,0.08861493328660727,fear,5fb4ce0f4c55eb78bd7cdaa3
,3.1353949735244835,0.1464179781527,0.17173384772752812,0.04020355460515898,0.1456576947099285,fear,5e36a79b05fef317e874b809
,4.3885031677619715,0.1416812939909842,0.13426239483881214,0.021862069614463176,0.12833213001519442,fear,5fb9fc66576e9378b67ac6e4
,3.698769638899918,0.1706598919522224,0.12573199527626125,0.024532203698122496,0.12226730519481073,fear,5e516af12a2d173b73a030dc
,4.174648194996163,0.13948211895108756,0.10174619143895243,0.02133033771254879,0.09483343228142205,fear,5f5cc3cc54b2361621284802
,5.12043018208438,0.14807606925589628,0.13905924856085328,0.023909859651330093,0.11990321960263019,fear,5f3d0b6e8a3c1005aa97c8c1
,6.676369013495965,0.1561880466367904,0.12668368592748158,0.03370326465177795,0.15795969180826056,fear,5e3677f67995ef170fc0e951
,6.997295871437055,0.11730580167639974,0.133428065365389,0.02588124307544121,0.10127641886379632,fear,5e2bf6415807b852d9e023f5
,4.763130892367383,0.14049889497760168,0.13102970869903238,0.02791948506065563,0.11678307172115131,fear,5f677cafd338b948c4e682b0
,4.7585752618938715,0.13235445413852973,0.11404537436601091,0.014513893775054715,0.09973256966402129,fear,5f681db2d338b948c4e682f4
,2.3752586704820997,0.1663187401293261,0.1304208068072601,0.02814784591565712,0.1175601762360267,fear,5f425c469dd513131eacf013
,6.9606576296420934,0.14258238126422249,0.10190576743898598,0.02155233710118461,0.09741342708903324,fear,5e3d398bdbc4b7182a6aa951
,-0.05572782148691222,0.19846696338554604,0.15502534321333375,0.030277362967395853,0.1757059897139446,fear,5fbb8de0576e9378b67acc8f
,-0.0029323440050625722,0.16795477404782397,0.15052606578130995,0.018568623678753948,0.12473065007815122,fear,5fbc7e5244697678c497b9b4
,0.3463212726965408,0.17794195426011206,0.16977085346764687,0.04601593733243739,0.16027868173957777,fear,5e377a61dbc4b7182a6a9863
,6.9492129965871445,0.142331884724715,0.1372810022766866,0.02521028919240579,0.13291953384074362,fear,5e453ba9c38c123b9ec6d468
,9.36693808806876,0.13207161179538274,0.11296065505099522,0.04377665379302061,0.15466084399136598,fear,5e41071948600202f726faf4
,4.028966056569647,0.14786151169997053,0.10235091574826445,0.015310681993131837,0.09267033748038289,disgust,5f997c3ad338b948c4e6aff3
,8.851818289670879,0.13243321887587434,0.07251154475198908,0.018313686828778437,0.07519249019531456,disgust,5e34cd925807b852d9e06894
,2.626271655780016,0.15506745897085777,0.12403356058973462,0.02823284727104278,0.14620124205205856,fear,5f6701a1111dfd48d40fcbc4
,3.4880311319782757,0.14668870148294322,0.11201778735353823,0.0135598461201022,0.0865329821119418,fear,5e4692047bef803b4851d8d2
,1.3535540140360267,0.1607285930229877,0.10784699511982938,0.02948226008819844,0.11369377412989519,fear,5f6011b83bd6941613f6d3d2
,2.532534093999182,0.16711612635081918,0.16671097322050002,0.04526434982313931,0.14606068618581242,disgust,5f83053ef8fac448cc0a69a0
,-2.7234002738522634,0.17714535862316563,0.1741231244521119,0.0261155712346089,0.12243183152469525,disgust,5f8bbd6c111dfd48d40fe833
,3.3163972664140773,0.15108484262027813,0.11661373769439093,0.022241107690847927,0.0876549234372687,disgust,5f8ba66dd338b948c4e69ed8
,5.040546185433571,0.13365954999636737,0.0938696517368809,0.01340142097839305,0.07413154580735984,disgust,5f427a3716bbac1317968f14
,4.9005113734303665,0.11999001905237719,0.10507953123646088,0.013492207756658258,0.09159382316714296,disgust,5f81cb27d338b948c4e69122
,3.8800498751639325,0.12552992511745734,0.10814707074464248,0.016294951633658492,0.07955204386527549,disgust,5e43d9db0b3f160367c20d1a
,3.384329256649444,0.14992101617671172,0.10404630582377211,0.013517238546938806,0.12013275370098334,disgust,5e37be91dbc4b7182a6a9c73
,1.4193676079805173,0.17701240870472496,0.16874822070769202,0.026915428521535435,0.18571699126660685,disgust,5fbb93a0576e9378b67accb4
,2.101144694458915,0.17046797973678662,0.13216463290559316,0.02791354281035269,0.11128947702087487,disgust,5e43739b2b6c8802f2d85edf
,6.076453489806636,0.12018050200306121,0.09422048193834325,0.010392873898438171,0.08027948852788873,disgust,5f6e06d0d338b948c4e688b4
,0.41504490399931265,0.2232284487672175,0.20358440288678042,0.06940018867164363,0.22396463167515177,disgust,5f8a4b3fd338b948c4e69d68
,1.9615347540511054,0.1886463376167423,0.10735526035502307,0.02549742386432764,0.09971058225615197,disgust,5e48e5157bef803b4851dba7
,3.7809740115986092,0.16168350741436965,0.12571612385960895,0.023091296006141383,0.08316152252525508,disgust,5f7814d4d338b948c4e68c34
,2.642806783968541,0.15800470892820292,0.12651875721298314,0.026226838232993276,0.10442228328109694,disgust,5f636645b878131628349ec9
,5.778758199911504,0.11010128995079568,0.13406030627455448,0.02097412577522656,0.11568890266985159,disgust,5e33f30b5807b852d9e0615c
,3.29567646706821,0.1414978500932953,0.10016808795772304,0.012562240633961694,0.08042239088497749,disgust,5e48e7d18849ac3aacea5392
,4.978232624058187,0.13188139795519008,0.10173691670071054,0.013156687022281835,0.0900301382162814,disgust,5e36c720c8c25f16cd145033
,0.661020625777875,0.1825510654167556,0.168778598197217,0.03370530818512613,0.18485412121626735,disgust,5e37a20a05fef317e874bdbe
,4.386260740553121,0.15104462544601954,0.1485316302022465,0.028268219497841807,0.12088686236983028,disgust,5f9a7afbf8fac448cc0a8867
,3.270420008249877,0.13907546528420425,0.14974934692221994,0.021164093734351266,0.11727443479182238,disgust,5e378c697995ef170fc0f006
,4.873288022787801,0.150725217566117,0.1074325174809989,0.016957938171967692,0.09192504519864592,disgust,5f64175e639e10419832ebad
,6.0802253798973975,0.10654496372364103,0.13366530981484648,0.021788448850465443,0.09632101220072677,disgust,5e39546aee8206179943d3e7
,2.479707594146454,0.15420404514042882,0.1252047128643736,0.012297660465966144,0.08531773245572258,disgust,5f98433ad338b948c4e6ad3e
,5.703841452395682,0.12843761692797395,0.13077448020182691,0.025383452644623113,0.1035597528799656,disgust,5f6c95a7111dfd48d40fd0ed
,6.608376487968842,0.13297917017792596,0.0979692860754412,0.012112863656401596,0.07007561314577267,disgust,5f66cafe111dfd48d40fcb74
,2.422387892732062,0.17697177919314805,0.1489068720792245,0.024691027660297096,0.12746363041505715,disgust,5fb8c229cb503578af9edca5
,2.018536001053538,0.15269371205266627,0.1321727642708868,0.02572641402081962,0.09881076720049253,disgust,5f645cb9d0b14d419059b893
,1.3200656290504813,0.1602919656302595,0.09937523283185984,0.012493566100213568,0.06617248507391511,disgust,5e33d2535807b852d9e059dd
,3.7101144187499067,0.1535920564115554,0.11213801214438926,0.031803586444799276,0.14447914745166468,disgust,5f9237b4111dfd48d40ff165
,2.9456687624710263,0.12417144614542489,0.15788839005477615,0.024967700550138156,0.13317997121101097,disgust,5f708f9ef8fac448cc0a61ef
,1.1736435348445675,0.14121939809522052,0.1760202976799498,0.019312111461113203,0.1220757688600599,disgust,5fbe2d9f44697678c497c02d
,6.130594238478251,0.1145206602687796,0.10041442993629224,0.01220549688179414,0.06762759529578774,disgust,5fb8d01bcb503578af9edd1d
,0.9628376640176243,0.16347956603015862,0.19924931485147818,0.02911295442306788,0.13877002870495217,disgust,5e44d621963e443aee02ad5d
,3.8372756315762127,0.15231900854593455,0.11989025250545979,0.01432219505578802,0.11360830114401811,disgust,5e488f958849ac3aacea52e7
,1.2134698880082246,0.17093268647419022,0.11679923457166534,0.018582484597644833,0.12921076326443326,disgust,5e37d50e33e9ad176cc9b252
,5.038210191187711,0.13851567503640308,0.14264535340294876,0.02971677047740035,0.15011710132911707,disgust,5e355cce5807b852d9e0828c
,2.2682051132326686,0.15092945277830483,0.12315589155547277,0.025341220928024526,0.1321562769997148,disgust,5e37b19ddbc4b7182a6a9b93
,5.488053601957031,0.15588816068753406,0.08738800313982764,0.015361559005204648,0.06583602574580373,disgust,5fbdd62b4c55eb78bd7cec5e
,7.187269794356358,0.12096550897250792,0.09568501246450735,0.016290587312486175,0.12854693586284296,disgust,5e36318b8661d6073410fbfd
,5.260182185786965,0.1420126861841044,0.17714566769914883,0.01641638251846301,0.11382281558306648,disgust,5f846c64d338b948c4e6941f
,2.069908660729373,0.19201536868928176,0.1447877642642172,0.04158399598831236,0.1497387471595646,disgust,5fbcde744c55eb78bd7ceac9
,7.910589544387149,0.1075551341293764,0.09034885543027446,0.013811643805102278,0.06718845305027096,disgust,5e410d092b6c8802f2d85960
,-3.3173011147113107,0.1746028531797058,0.20724216791296493,0.020330077956483453,0.10734353306879306,disgust,5fb37be748cdda3a922e4ef1
,-1.35018005443328,0.18530212952553451,0.16207027080905334,0.02097938864738378,0.09963490097429555,disgust,5f83ead9d338b948c4e69326
,4.795576420694157,0.11372237349365111,0.08939152563414311,0.015750842266494664,0.06961109080976562,disgust,5fb4bb3d44697678c497ab86
,9.007574227630839,0.10710676353649477,0.11859449596085253,0.010022259546102232,0.08056450372820258,disgust,5e4263179329cb02ef38a86d
,2.958907270030795,0.1580189755151176,0.18066552477251763,0.029891778393210614,0.10791091476161377,disgust,5e35ccdc8661d6073410f98b
,6.586609604572561,0.12169392907431874,0.10992934964669447,0.016209196856860023,0.08909166687075883,disgust,5f6bec16f8fac448cc0a5e78
,7.086885165272251,0.11437773412276157,0.10359195568954631,0.013645328536068976,0.07037809130358057,disgust,5e5331ec963e443aee02b765
,1.4096738060441516,0.17137965469347202,0.1787790007315362,0.017618553752347846,0.12729246499761074,disgust,5f7844d3111dfd48d40fd5c3
,3.3901207039237864,0.1527981268175884,0.12904485798485751,0.015064766440757356,0.10990041807942223,disgust,5f92292ff8fac448cc0a7ef4
,7.384369463444405,0.1372105551711851,0.09560718673665299,0.013783472536579527,0.09299237912942039,disgust,5e44e00dc38c123b9ec6d2ee
,2.921260378941075,0.155426322842625,0.13655786468822295,0.025359574034645282,0.12561814938318808,disgust,5e39680fc8c25f16cd146149
,0.9377567481620989,0.17714906049566603,0.14145071942803306,0.019322362152375292,0.10854244553892656,disgust,5fb9dcdc44697678c497b171
,9.386985567393316,0.1076586276198679,0.12785235818878501,0.013876909422344421,0.07890368094328877,disgust,5fbb878c576e9378b67acc54
,6.660006916160373,0.1412361222382616,0.1102284717916496,0.021823596751916186,0.09682027273281472,disgust,5f8121f0111dfd48d40fd946
,0.7720852262414116,0.24532595743397134,0.12614928438041853,0.03719456053195264,0.17074733230068603,disgust,5e355be95807b852d9e08255
,6.19406638802003,0.11592186089266839,0.09571697354724226,0.015404746630772188,0.10050014386878323,disgust,5f9229159e04b149046cdc0f
,4.407376206428734,0.15584408612973139,0.19108390450866755,0.0368164299604016,0.15372288162570297,disgust,5f8dae8ed338b948c4e6a307
,4.133947411380631,0.13134400173724728,0.09991340511239205,0.02618638873756076,0.07988751303795445,disgust,5f60c14954b2361621284b15
,-2.4461522582270185,0.18312141993970882,0.1441099499063738,0.017048049213975337,0.12825075031332075,disgust,5fbb32a344697678c497b58d
,3.6084789872037586,0.13902532707861007,0.09794057495019402,0.01624383799495549,0.08600765703782177,disgust,5f62149fb878131628349d70
,-0.7130056259118814,0.1758077352907736,0.09813894304086385,0.01758989400914436,0.11886471421067643,disgust,5e4152469306c7039ddcca75
,0.9046809571114286,0.16659135261261954,0.1386221904937767,0.020277038928506234,0.12197553627124735,disgust,5fbcde8f4c55eb78bd7ceaca
,0.9317799771032163,0.14167036869767677,0.16433510048201577,0.018518137570573075,0.0954929285968768,disgust,5fbb6f6a576e9378b67acbc6
,4.8690832793655066,0.1125806889897725,0.11450723389017005,0.01648541456090421,0.09767164201764887,disgust,5fb8cfac576e9378b67ac42a
,8.560856752997394,0.11161990497624406,0.0793402324044077,0.01298142260309065,0.06894609420071288,disgust,5e3964ff7995ef170fc0fd56
,4.578188784602087,0.14495633088606985,0.11124296131915322,0.01727789399628445,0.0975143199710689,disgust,5f866e9c111dfd48d40fe07c
,2.8647260787829314,0.15334694767089896,0.142727027478012,0.03525254021035557,0.1297830683879529,disgust,5e34d8e55807b852d9e06af9
,4.027280895648608,0.1501995875830403,0.15553055169296412,0.01809889768852239,0.13846477022325965,disgust,5e40dc052b6c8802f2d85898
,3.3707219853077297,0.15219116591537735,0.12362922916445676,0.022054745540086417,0.1284894230192608,disgust,5e37d2bcee8206179943ca79
,0.7989787478626444,0.15616683247804417,0.18048188833458212,0.02249142384886616,0.11943141160611295,disgust,5e535c187bef803b4851df90
,1.0956308642031598,0.13380938471661957,0.13409240824133697,0.018229549770097046,0.1012871514421698,disgust,5e51e0912a2d173b73a03102
,4.36416050447293,0.15116095785655875,0.12740348955953068,0.015386055023839927,0.08681301503164877,disgust,5f81cb159e04b149046cc595
,1.3463211812942177,0.15464638911307613,0.10856294962240674,0.017758752077802777,0.10082307237933001,disgust,5f8303ac111dfd48d40fdb98
,3.2872747022898596,0.1670832797817771,0.12484397325088195,0.018462642775142174,0.13756904099829725,disgust,5e36a893ee8206179943c292
,5.759901411834872,0.13311440672403593,0.14164825256560246,0.0175763509373906,0.1061832433067042,disgust,5e39654dee8206179943d465
,7.005648260650538,0.13820872761712133,0.10605734832804568,0.01834865792830843,0.09378686408010667,disgust,5e30339d5807b852d9e02e04
,3.2364757627425473,0.1395347035851676,0.11485649363305428,0.019731273928226413,0.08759102310535434,disgust,5f86e7dd111dfd48d40fe150
,6.163006015265496,0.11569786334640629,0.11292461994866018,0.01684807083764534,0.07294631193928715,disgust,5e5288a1c38c123b9ec6dd19
,0.8625240678304157,0.2012248962664922,0.16152961343770905,0.019384110421980582,0.1383424158547367,disgust,5fbb634644697678c497b6f3
,3.788727662211783,0.14192022941787005,0.11323498382196705,0.015186560508110158,0.10199486028956324,disgust,5e37998705fef317e874bd01
,4.360667302163453,0.13006964096057477,0.09769429188592492,0.017482946737136663,0.09911703348090131,disgust,5f8b7cb0f8fac448cc0a757f
,4.60499781934686,0.15398831598179083,0.11517831136026466,0.01828409025763055,0.07707030621106324,disgust,5e4270c72b6c8802f2d85c33
,2.0971749400457234,0.1422592225020266,0.1272559705549093,0.03380375953736308,0.16414246170816452,disgust,5f901adbd338b948c4e6a696
,-0.19012792704142084,0.15107488455140036,0.12861779410540622,0.021609689292464727,0.0653778295245425,disgust,5e435f6b9306c7039ddccebf
,0.6756563224700007,0.17790826534021933,0.1787297212508074,0.03538928379959967,0.18511423697530055,disgust,5f830c179e04b149046cc6ac
,3.5441301881545706,0.11407941666006186,0.15151176029560284,0.031070879431645434,0.1250293008303366,disgust,5e4899a32a2d173b73a02dd4
,-0.5192189338299319,0.17547885639026703,0.14174924759690627,0.015348644291483129,0.08512068933491092,disgust,5fbe0f8fcb503578af9eec7c
,0.5535526128137449,0.15313010295414659,0.15863523186659415,0.018275830662095385,0.11504532465236006,disgust,5fba18aa576e9378b67ac770
,3.0761666716902076,0.1635906456319636,0.14863039215262439,0.02027817882832837,0.10540566009340671,disgust,5e40e9502b6c8802f2d858de
,2.1211553172098627,0.16755531027818457,0.12439195599049972,0.020163471398357488,0.0798278168670745,disgust,5f83f205d338b948c4e69338
,0.12815111408777605,0.15986885127459752,0.16383492444345413,0.016927704888205136,0.122968258234775,disgust,5fb4bcee4c55eb78bd7cda6e
,5.7068665669769025,0.13552030017815397,0.09969766275978588,0.020693468189647762,0.10153956835741898,disgust,5f866e67f8fac448cc0a6e5b
,5.3785099571342805,0.1288269129026289,0.10250600451867871,0.01702497998649617,0.1021276683245293,disgust,5f866e83f8fac448cc0a6e5c
,1.844357986575535,0.15925711577224774,0.1804623458565118,0.022820862217089035,0.12855739380155745,disgust,5fb4bccf44697678c497ab8b
,-1.89465381396913,0.186878025567112,0.16515168354399193,0.023811420094090496,0.09427475123429169,disgust,5fba210fcb503578af9ee0ca
,-0.6811380595148085,0.1545877226836448,0.1507496062870769,0.030524281789796583,0.09835953698494215,disgust,5fb8807144697678c497adab
,7.268425399731094,0.1273569627089849,0.10367522742702749,0.016314755958702385,0.08806534216914179,disgust,5f92a5a99e04b149046cdccd
,6.344503971537789,0.15190944472492723,0.11417446426346256,0.021257707553762568,0.088365881264597,disgust,5e32e3bd5807b852d9e041ed
,7.741503515661743,0.1357237498370308,0.1423468750141582,0.01647834222806818,0.12352145560770067,disgust,5f696e39111dfd48d40fcde6
,5.546441232574122,0.12418025875394471,0.10789785351306985,0.016693723188669258,0.11424620085132736,disgust,5f65691fd338b948c4e68094
,5.769873372344189,0.10822226743725509,0.08637157971751419,0.011666301500609814,0.08237950301712846,disgust,5f8cc34c111dfd48d40fea80
,-1.1374865689161346,0.15323760938431413,0.15846196541237675,0.0239428353829014,0.10078549302841555,disgust,5fba1a9ecb503578af9ee07b
,4.127556219941266,0.1395739133772973,0.10374185313827194,0.013227363291279104,0.0869996035847404,disgust,5f8c1a09111dfd48d40fe86f
,3.8301722279948383,0.1491845587670272,0.10367459040832172,0.02205837363815493,0.07669367978936716,disgust,5e40b9760b3f160367c2052d
,2.7266070674900527,0.1413333154547801,0.16800012677724527,0.020694037899575444,0.13117255226882862,disgust,5fbdb30dcb503578af9eea39
,7.208428426584407,0.16763806734796147,0.13544618925121818,0.040437664521706954,0.16467510416887152,disgust,5e355a145807b852d9e081f7
,-5.41046502188116,0.16281686449403915,0.19330202315131675,0.0238459078063877,0.13792657829319419,disgust,5e36f6fbdbc4b7182a6a97c4
,6.084794770436962,0.14008281606205825,0.14193997708108638,0.03856934772638875,0.14946403827731417,disgust,5f9800149e04b149046ce0a4
,-3.872415841839439,0.1704001098047475,0.16213038264491758,0.017445506870704224,0.13190637751043396,disgust,5fbbc6e644697678c497b89d
,6.517903645672736,0.1247085244831456,0.09433129371774762,0.018197271513112193,0.08061301495608575,disgust,5e37e15cc8c25f16cd14580d
,9.44196038590923,0.09968312979537997,0.07051869270063556,0.012181780126008629,0.06830642188167968,disgust,5e3501065807b852d9e071e8
,3.5999318863880885,0.16309020569182908,0.10307742301722353,0.01891706408895913,0.0673911396170316,disgust,5fbdd64144697678c497be3f
,4.446333308712917,0.14050449268397822,0.09135518178738404,0.011827126820327178,0.07661204654766829,disgust,5f5b6a952e23c7161acccf28
,2.1394564412331105,0.1842991199972706,0.1489751408540547,0.019913027656014184,0.09491937903660855,disgust,5e3114425807b852d9e0307b
,-1.4793783216412915,0.19300644501454725,0.18973356532585728,0.027189950151224163,0.11427860786437494,disgust,5f6410d8639e10419832eb9f
,3.4208573967234215,0.16000317725902474,0.1493061591679807,0.03450884670442145,0.16418887540636473,disgust,5e37f7b305fef317e874c2bb
,-0.9914355075510344,0.17190903586929118,0.11918931632443709,0.015278510205264308,0.10953945066524566,disgust,5fb9f1d344697678c497b221
,4.973842127217795,0.13508590237972942,0.12005274100308493,0.015976460596207255,0.09497117665093477,disgust,5f68c5a9f8fac448cc0a5b89
,-2.1340086831568734,0.19360737469394157,0.22793983524210107,0.0428909727345697,0.14795778532147308,disgust,5fb4b1e2cb503578af9ed8d5
,3.0577253935493807,0.1509045586646273,0.1373190745072872,0.016301659093288852,0.06777205214235835,disgust,5f8da6bbf8fac448cc0a79b3
,-0.8969681550088704,0.1901349660978194,0.11891746668452981,0.025755514103859463,0.09930386815179187,disgust,5f86e0059e04b149046ccc31
,6.212905693836018,0.12944084756175378,0.12397908768658847,0.025688912152535753,0.1009238353082711,disgust,5fb9c71fcb503578af9ede9c
,1.8723442997842332,0.1317331857909149,0.15409600272788915,0.027733193749126823,0.14577895128064858,disgust,5e3681fbc8c25f16cd144d30
,4.083758607590307,0.17826620684328595,0.20936942814481532,0.056694178561220665,0.18872598890771125,disgust,5f83b013f8fac448cc0a6a46
,3.6041286943579514,0.15543408022273364,0.09152390863258165,0.013146506220865307,0.07220929400452174,disgust,5e410c032b6c8802f2d8595d
,2.981630106663285,0.15785322933669133,0.1497945378344276,0.018289305651793757,0.11226981275500705,disgust,5f8e160af8fac448cc0a7a02
,2.4413800235315772,0.15719670183111997,0.09629768288116596,0.01853077424261271,0.06528529525206668,disgust,5fb9fffc44697678c497b27b
,1.1458419661343495,0.15528789115134986,0.18282152943689692,0.030143751968979574,0.099233787674823,disgust,5e397c2f7995ef170fc0fe25
,-0.6119737745123652,0.1524513914817267,0.16348450782562268,0.01953817821073168,0.10808836790888283,disgust,5e481ed0f2fe7a3b1d544c52
,-0.7135809776162203,0.17642788186077904,0.13950686941417006,0.027721826680666167,0.08619977679140305,disgust,5f64b9729e04b149046cb4ea
,3.2576615672477964,0.17271412864414454,0.11679607329175254,0.02410513350998951,0.12326049504179817,disgust,5e516b682a2d173b73a030dd
,4.160242879128885,0.1323185641028529,0.11397214330174422,0.016912730543143576,0.1109072438651095,disgust,5e490305f2fe7a3b1d544dbd
,5.373586867494121,0.12992060442374817,0.09194182177788081,0.01699119093375669,0.08509811668472289,disgust,5e37e2a005fef317e874c13a
,-0.11303859943929112,0.1677952793360313,0.16635742845284684,0.018039125459862016,0.10956279206954199,disgust,5f853baa111dfd48d40fde50
,4.974257531884691,0.13102065768379847,0.15664223267353256,0.02409457608177648,0.09806684756924453,disgust,5e3846c633e9ad176cc9b776
,2.38946470163851,0.14537952755905514,0.14148065925610867,0.02693834898590678,0.18481204748238955,disgust,5e365b8ac8c25f16cd144bb3
,2.838398624992104,0.15953118528792876,0.13326843804706393,0.02492464152296003,0.09744656712095397,disgust,5f8e8cde111dfd48d40fecfc
,1.81574207769916,0.16294179177040827,0.13264688946908504,0.028653941807413923,0.08661048815681094,disgust,5f9014589e04b149046cda46
,-0.2978625040971275,0.1779986775873242,0.1568639297327985,0.025379782012670323,0.08161024100329722,disgust,5f86bef1f8fac448cc0a6ee5
,2.995256914405013,0.1700630576452135,0.1383461843715936,0.03832586625852177,0.13085339674488192,disgust,5e448d0448600202f727025f
,7.049973211413868,0.12456715179646241,0.08916193224662186,0.01361500253007395,0.06899639281543332,disgust,5e38a05e7995ef170fc0f96b
,5.6509612095006245,0.12695608367541908,0.13627596973213144,0.017155138416430266,0.12430048426996053,disgust,5e45e2208849ac3aacea4f92
,2.8185218837460235,0.14981884805889917,0.11636342475068284,0.011912299739144578,0.08949017659421214,disgust,5e48e812f2fe7a3b1d544d7f
,0.1385889545039353,0.1480119102763966,0.15410519231288736,0.019620663391213603,0.11616662264105969,disgust,5fbb438e4c55eb78bd7ce471
,-2.501710356440107,0.19109286814949467,0.13248459532990808,0.029520275434673154,0.17002451697650023,disgust,5e355bc35807b852d9e0824c
,4.54335416566684,0.11598453949955617,0.10568180163094207,0.012238210943855127,0.08585043040441706,disgust,5e49d0012a2d173b73a02ffa
,2.51199255268627,0.16212403912825157,0.0935124890878711,0.022463999051025217,0.07429484735179985,disgust,5f8bc5c9d338b948c4e69f10
,3.638304522570699,0.1630463030535243,0.10155901803028596,0.013449493822305541,0.07895678230259258,disgust,5e48092fc38c123b9ec6d7ba
,2.7212088290340057,0.1674906098037147,0.1771771407892764,0.019793201941393203,0.13058793731890925,disgust,5f85c344f8fac448cc0a6dd5
,4.700905252713385,0.13984418854737676,0.12190181403859701,0.014406156698724398,0.09449671615865457,disgust,5f8ac7e8f8fac448cc0a74cc
,1.6378649975945911,0.1685268125949197,0.1650084873186284,0.03510111880515444,0.14581095744521688,disgust,5f6b42e2f8fac448cc0a5def
,4.087071469234447,0.15630477128006465,0.1584407814044604,0.02009406851409886,0.11410489786156174,disgust,5fbdd2c844697678c497be15
,-4.422965605332117,0.19615287398329026,0.13220091763465755,0.018533315498862356,0.11791954798514828,disgust,5fb37b61e3dcec421f835819
,4.787822859695098,0.12086444298804598,0.09447555031298462,0.013349788222072213,0.07623142059956155,disgust,5e433ec9189842034d9f76b9
,0.11453704718096791,0.15482755475209184,0.22447742841222035,0.022259841192761396,0.10563728490342844,disgust,5e36d09dc8c25f16cd14508e
,4.009364125576279,0.12530561479392863,0.1425598492161555,0.022342794852359727,0.10262765339097439,disgust,5f8afae5111dfd48d40fe7b0
,4.685305235202999,0.1389729182611041,0.10891127129671013,0.018746845685420323,0.0679362285660499,disgust,5e357d645807b852d9e084c3
,2.9328776467324706,0.1718137994414969,0.08345969827051411,0.01595979082854606,0.07451517793773384,disgust,5fbe0699cb503578af9eec0d
,5.982817055489572,0.1436903835940605,0.10263885268943825,0.015417106316199579,0.10135584816861387,disgust,5f6c1fe2d338b948c4e6870c
,4.578721255269258,0.11898256584003182,0.10932057571989312,0.01182193451622892,0.08837061706736289,disgust,5f8471a7d338b948c4e6942c
,2.8423199011792137,0.1518363554847424,0.08955354390873763,0.014731312383948704,0.08148176894424632,disgust,5fbb6453cb503578af9ee472
,-0.8580705399546673,0.1976556647898126,0.09209745494548158,0.01496670330777882,0.09089699648244913,disgust,5fbe0739cb503578af9eec13
,4.602815116819809,0.13837588598246944,0.09506263066112461,0.014348735010778216,0.07284457941373085,disgust,5e29aeb55807b852d9e01c4d
,5.63906405272935,0.15116787364356501,0.14733658306775588,0.03172937354825109,0.14104131767887187,disgust,5e36582605fef317e874b447
,6.657842672708791,0.13039873821070216,0.13116659776676906,0.015011091697458233,0.06848653448533593,disgust,5e484c7ac38c123b9ec6d8cc
,3.950962024563775,0.14621206992097407,0.1083703280934969,0.015535381561356651,0.10054410634086029,disgust,5fbe06d2576e9378b67ad32c
,3.25079439952108,0.14530258244111857,0.15583560915406985,0.025949465695382496,0.13152297595254026,disgust,5e2ad8e65807b852d9e02119
,2.5322909533087268,0.17071438453945392,0.13719040094772264,0.028331701924467878,0.1090347977076613,disgust,5e42ae3b2b6c8802f2d85d24
,2.451628523126499,0.1565005021337457,0.19110040949963347,0.023825967662297283,0.12287685250361373,disgust,5fbb4833576e9378b67aca31
,4.026295196384664,0.18243808152634458,0.14026330504027223,0.028013845472633907,0.11585817238026835,disgust,5e5302e1963e443aee02b741
,3.0555253495295123,0.18352583905972497,0.10944274698486686,0.01778664171249027,0.0836689574368044,disgust,5f5edf2854b236162128499a
,8.74360753512908,0.12437825015192351,0.08849953892961913,0.011116341598441921,0.07094259654769877,disgust,5f6385a33bd6941613f6d769
,7.406271469801055,0.11585355908547551,0.09424081574936874,0.015390342867282972,0.09530089100075835,disgust,5f7154f29e04b149046cbf6e
,-0.6598196684663368,0.1700308052811331,0.13826740819187572,0.017757136931750267,0.10339287384646607,disgust,5f60347a2e23c7161accd2ac
,3.7326298069200616,0.1489464427901756,0.11117306058624521,0.012797394180790409,0.07463784280802645,disgust,5f9379f1111dfd48d40ff309
,2.950289680698398,0.17373319375161683,0.11500472007588951,0.016107392834568145,0.10946505641822857,disgust,5e3519725807b852d9e07760
,-1.6463017736340506,0.18832267745042627,0.1299091058199962,0.01771066257371951,0.09378671947094967,disgust,5fbe2a9a4c55eb78bd7cee19
,3.0930716769096103,0.16078116545131285,0.10447385618307377,0.01821435201808674,0.08995713778872412,disgust,5e429f900b3f160367c20a14
,6.371735305519405,0.14566388028534827,0.12261086323867106,0.01717289577088882,0.08909180414899717,disgust,5e36d2887995ef170fc0ecfd
,2.0346742681590673,0.18045890207190393,0.15424215327731874,0.020717335565825418,0.11461457562300935,disgust,5fbb7fcc4c55eb78bd7ce674
,1.9091660910382524,0.1665010801596586,0.15158620110251741,0.029995262385965362,0.14682374084042252,disgust,5e37f7fd7995ef170fc0f645
,4.1679337643700505,0.14635120302937657,0.13826921711051138,0.010688147441298366,0.08676909919804662,disgust,5e425be59329cb02ef38a863
,6.877066519108762,0.1142567556372507,0.10660249250228752,0.009519357691274617,0.0598513814688388,disgust,5fbcc6494c55eb78bd7cea3a
,4.6402541271150985,0.17427526529963042,0.14301298042643518,0.029922516473593584,0.12205324258954128,disgust,5f42616f9dd513131eacf067
,3.732174001962501,0.10937389153535065,0.11903127245705727,0.013925994914157636,0.07961095058421028,disgust,5e464a7c963e443aee02b108
,2.3185438192336614,0.172106860197515,0.1222398395500735,0.018836702566473015,0.13308034897376853,disgust,5fbc6aad4c55eb78bd7ce7b6
,-0.8107103288388205,0.19484802271670518,0.14617446352904312,0.022533009908299477,0.11724394268401774,disgust,5fba34b044697678c497b3a8
,4.266468002771592,0.14057830136081698,0.10265704290468823,0.010957674519810159,0.08780066654569105,disgust,5f8f840f111dfd48d40fee95
,5.6537230259071105,0.12714425820749267,0.09300913518021436,0.01713232733669502,0.06889679973576271,disgust,5e43d99b9306c7039ddccfc0
,5.2401135301760435,0.10105654526525706,0.11739485164158406,0.019157633564406203,0.07354832202874959,disgust,5e441245189842034d9f78e8
,7.248303461526802,0.11744953534445297,0.09461492360080397,0.022055942952350693,0.09854626439631507,disgust,5e4180922b6c8802f2d85aca
,13.504743043121383,0.13720580825422038,0.10970752998397858,0.04570231095682542,0.10498602310398848,disgust,5e2ffe165807b852d9e02cb4
,5.1081220533306535,0.12547441680560886,0.08643164914431302,0.0165443167298057,0.0833630536645998,disgust,5fbe0d3a44697678c497bf2f
,1.003769677021556,0.1361459227977017,0.11731992317550977,0.014028947929620825,0.10695932623357066,disgust,5f9928bad338b948c4e6aeaa
,0.5290671642581705,0.17212427919487208,0.1137305309392573,0.01883872585031632,0.1347470192165686,neutral,5fbe0aa9cb503578af9eec42
,-1.1190324654861221,0.1654886379909899,0.13975752764811528,0.016403308814442588,0.10229810718214616,neutral,5fb9ffa94c55eb78bd7ce142
,3.626456268821025,0.1280366254883555,0.09929707055174539,0.0161252934014267,0.08634383971148478,disgust,5e36dcea33e9ad176cc9abb0
,3.111483766117751,0.14724903142841264,0.12481284063260245,0.01521797934517633,0.10752499404665836,neutral,5f98ad0c9e04b149046ce1b5
,3.3001320441193447,0.1518100427171846,0.10220523509947083,0.016231815709297496,0.10620511717270613,neutral,5fbcdd4c4c55eb78bd7ceac3
,1.371725638431589,0.15960031088398025,0.11893515021627486,0.021788013940951555,0.08657381238162608,neutral,5f66fadd9e04b149046cb6dd
,-1.0386153729159626,0.1675605241894455,0.17688639472646484,0.021625979121784773,0.12465164678729472,neutral,5f60373ab878131628349bef
,-4.932714504606671,0.18857265517007402,0.14660495159887774,0.02180216242564594,0.09394077052960059,disgust,5e38b759ee8206179943d0a8
,3.8107361445486534,0.14634518531382806,0.15943130233012598,0.02159514028768885,0.10691999853753863,neutral,5f60924cb878131628349c3a
,2.2455438001908976,0.17190891880513776,0.11265056927116936,0.03711137770628945,0.14589362299617328,neutral,5f69a9339e04b149046cb992
,5.692949963079478,0.12703035914641805,0.12318830800340651,0.017927791588358593,0.09717752938234307,neutral,5f77d970f8fac448cc0a636d
,5.950574588888125,0.1254927786693146,0.10962358776910279,0.014017133114683528,0.08305443900145139,neutral,5f5d81023bd6941613f6d21d
,3.0604692600551044,0.15604580698037254,0.12367167553650173,0.02115631178017827,0.15103177491665895,neutral,5fbcdfc8cb503578af9ee9d9
,4.226783435783644,0.11707436403136877,0.10879305545738677,0.013591564535466963,0.08844850156171251,neutral,5f88720dd338b948c4e69b0e
,-1.3976551997603912,0.20386218984246204,0.15907921213356097,0.02655005805203852,0.14040413459975426,neutral,5fb9e8edcb503578af9edf6d
,2.629610527385319,0.13996421704693165,0.09646576849819254,0.019515657613308816,0.10024809189657995,neutral,5fbdbc68576e9378b67ad1dd
,-1.0060690639633108,0.19022398927819656,0.1370962115080678,0.02292819878318908,0.12049458395125226,neutral,5fb8923d44697678c497ae2d
,4.121984036110018,0.15231156320480937,0.1120119695301104,0.016658955044854516,0.10507531010648548,neutral,5f6ad36fd338b948c4e685e3
,0.6193623187001145,0.15025136119368046,0.11499127364962439,0.026119873382580452,0.092290806676998,neutral,5f6b0100111dfd48d40fcfa4
,-3.812341767531154,0.17166808273760695,0.13926251556709687,0.024381883760902553,0.10490977508590273,neutral,5fbb591acb503578af9ee438
,2.430499822481192,0.14378217252356135,0.106718194908389,0.022317871634461733,0.10628714988791226,neutral,5f780a499e04b149046cc0a3
,1.7075527153591321,0.15574754139647556,0.11287374744577848,0.030567601913957982,0.13510533518695306,neutral,5f68299c9e04b149046cb801
,3.8833765206607262,0.14613120880315858,0.11484819472600469,0.018517039543112106,0.1193786963427272,neutral,5f8cd156d338b948c4e6a163
,2.9068296657181087,0.13025117993775998,0.11491700930501068,0.03252910131019126,0.15337198171963906,neutral,5f7087f0d338b948c4e68a3d
,-0.7672307369249343,0.1773074775623504,0.1414635417366863,0.03208328447444237,0.12279796741425951,neutral,5fb8985944697678c497ae63
,5.205381995360794,0.12742833679374524,0.15903629991324364,0.019164792343402612,0.10691320630614656,neutral,5f8a2c01d338b948c4e69d3e
,1.4638234519192117,0.18919938023917826,0.18787200575207721,0.03740501282510404,0.14683879744835013,neutral,5f8e8f0f9e04b149046cd7c8
,1.0091161899188164,0.16618601573295416,0.1383896216272761,0.02419721322852735,0.10458319762286157,neutral,5f5d8916b8781316283499c4
,3.59062338203879,0.13448382027142247,0.19218649467919038,0.03172155681751408,0.15840652003998063,neutral,5fb9caadcb503578af9edec9
,5.3292895321805815,0.13352087174329802,0.10508789936284954,0.015361677587164937,0.10180158188330259,neutral,5f633fdc54b2361621284d43
,1.565606383776082,0.14844374654675863,0.08800748886797241,0.02184613030461706,0.09563662596648417,neutral,5fb87e0acb503578af9edb1a
,4.580497196072118,0.12532654238740984,0.10222435823920864,0.02018862346238431,0.09278362725819748,neutral,5fbb72274c55eb78bd7ce642
,3.125910330494913,0.15701007043828913,0.14092081377750337,0.03316892932117782,0.11119563029052715,neutral,5f883d06111dfd48d40fe3bc
,3.2938551551166677,0.16404727947582107,0.08818573087512861,0.012703615369559607,0.07225063900570183,neutral,5fbe2c7f576e9378b67ad476
,-0.14938530533681862,0.15399543828617054,0.13219875697131414,0.018609569333871322,0.15391283336589068,neutral,5f663a9dd338b948c4e6819b
,5.830138678014088,0.13638234526052495,0.11844901136847523,0.018347802000714373,0.11601963708772255,neutral,5f922a39d338b948c4e6a86c
,-1.138431444777105,0.14713566224494787,0.1811997214773177,0.028897977168262676,0.11909584022776198,neutral,5fb8e7e7576e9378b67ac4d4
,-0.5287727642029216,0.18648051421587813,0.14945867812916488,0.023397854564842176,0.13576027686703462,neutral,5f5b621eb87813162834981c
,3.6543718725825634,0.13859166980899487,0.09747909102221632,0.019018842251786225,0.0924645853905994,neutral,5f6404e954b2361621284df1
,1.3446919051773194,0.1372056067426733,0.0975179436075038,0.016697508561640883,0.07929570828394329,neutral,5fba1cf84c55eb78bd7ce1de
,6.014494812214659,0.13893356804784837,0.1402038592210503,0.03835641385521296,0.1340730659596793,neutral,5f883bd99e04b149046ccec2
,2.2460696316952222,0.1424997081598506,0.12382469734865117,0.017727143857321374,0.12048773848139724,neutral,5f647bf5111dfd48d40fc951
,5.148836633291884,0.14877233985799027,0.11943487153683058,0.01723125252990155,0.11248299369668208,neutral,5f5f561154b23616212849e3
,5.071390578547104,0.12085989307244871,0.09872567853027218,0.019040835306682276,0.10543233616377318,neutral,5f77d940111dfd48d40fd55d
,6.344930278501164,0.12509053012664884,0.10204583902140169,0.01595945051114415,0.08678317457748913,neutral,5f5eb08554b2361621284948
,2.0797900954767976,0.1622751063959385,0.12603823208812823,0.02402005328623408,0.11687193849549624,neutral,5fbe0a7e4c55eb78bd7ced13
,4.037698363951146,0.1309907586503331,0.18513866300669818,0.03112168054230865,0.10726460247145335,neutral,5fbc9fa144697678c497bac1
,4.573998970140672,0.14593185161914324,0.11733304748350666,0.016141712983046674,0.09922933180686556,neutral,5f714daf111dfd48d40fd462
,3.302333132783723,0.14276905032698323,0.12712376647423526,0.017012904880838994,0.0959445183637671,neutral,5fbb3605576e9378b67ac9f0
,-0.05382509041285055,0.16486642137593668,0.1813038900503715,0.03332380464253126,0.1229176857912619,neutral,5fbcc6744c55eb78bd7cea3d
,-1.1817031965846927,0.20112632256219617,0.184165813871017,0.023421540061039005,0.12046801415243989,neutral,5fbb7058cb503578af9ee4fd
,3.754317759125131,0.12047312129011381,0.10417611519231662,0.017088060757471928,0.11034915261872474,neutral,5fbe0c2344697678c497bf1f
,3.753342217161642,0.16384994562877742,0.1455756638362826,0.02598997586614965,0.1712376095998038,neutral,5fbc9ad84c55eb78bd7ce8d1
,5.097467491831461,0.13197641648252434,0.12229586040012148,0.022464836024144157,0.10340495263348669,neutral,5fb9cb17576e9378b67ac5be
,3.9166991783889915,0.16868922306129858,0.1135979127690331,0.02186167565370415,0.11960986673683319,neutral,5fbb58facb503578af9ee436
,4.824349300538636,0.1481590991612912,0.12117735691371091,0.01750274632056317,0.11298194539211784,neutral,5f715815d338b948c4e68ae9
,4.136867996005403,0.16162721266809665,0.12425782660518868,0.02391754583412791,0.10546532310713261,neutral,5f640481b878131628349f4e
,-0.5724989918959799,0.17003599847649578,0.1758941876344576,0.030989154688992864,0.14656365113184622,neutral,5fb4d97fcb503578af9eda0e
,3.8406221234453435,0.15357812714599642,0.16702968558620426,0.016031169810613564,0.09395285227232392,neutral,5fb9f9f4cb503578af9edfb0
,-0.41142721138460253,0.1790767548454019,0.12391845915506464,0.013953705911039994,0.11410128649615592,neutral,5fbb347644697678c497b59f
,1.1667328544629798,0.1572657186994441,0.12513566443927662,0.030000659011630453,0.1089800588535388,neutral,5fb9cc63576e9378b67ac5c8
,1.5168407189139985,0.16418155690000028,0.14023827513284715,0.024666776496876867,0.10870145266235438,neutral,5f7093d39e04b149046cbf00
,1.3370678700116063,0.1658101317894929,0.11092537411535938,0.023472081096485853,0.07672970369057787,neutral,5f67e623d338b948c4e682cb
,2.9409012170635584,0.18714651201230337,0.15061594761992722,0.02357618389636909,0.11853220553369849,neutral,5fbb5a1a44697678c497b6da
,3.839996767907041,0.1432955508791347,0.11541405186500946,0.015902179972089703,0.09392144260256144,neutral,5f70afd89e04b149046cbf1f
,4.146255408865564,0.18906870443073473,0.18052416459412093,0.024675379340266184,0.13440587545963786,neutral,5fbb590fcb503578af9ee437
,2.3110255205471706,0.17639661701361078,0.21070083224523944,0.030299088124008278,0.11892947830748113,neutral,5fb491234c55eb78bd7cd97d
,6.2241821021121195,0.12823697619994934,0.09511313069056028,0.021272506602399058,0.09424841946452912,neutral,5f786b08111dfd48d40fd5d1
,5.679164101311195,0.11896010742806605,0.0837843025582786,0.01657409421916324,0.06387699339091037,neutral,5f65fe94111dfd48d40fcabc
,-2.2596990043904235,0.14400412944658736,0.1187809546472225,0.024201682158609253,0.11764309556620654,neutral,5fb8af07576e9378b67ac37e
,3.316264588517735,0.13214402777037373,0.10051534833131333,0.03340403147657732,0.13857895818447036,neutral,5f6eaef19e04b149046cbdc5
,3.8830885544911804,0.13714098640456715,0.17784956807844532,0.03721519339990351,0.15076576426877294,neutral,5fb8e8f7576e9378b67ac4e3
,-2.2816144709288753,0.17384272844992218,0.14485881353528143,0.026709356315730622,0.12031311254249226,neutral,5fbcc378576e9378b67ad04e
,3.8302509567322525,0.14064307783449048,0.10820889369174955,0.020005396358984722,0.10801092350893658,neutral,5f6bf121d338b948c4e686dc
,6.509578124793844,0.11165101806218766,0.09394123847047153,0.012259652907431856,0.08139458985249445,neutral,5f92a35ad338b948c4e6a91c
,1.236581026284481,0.2079900875581894,0.23279467908147533,0.09191301196535084,0.22100439189490578,neutral,5f87b8d3d338b948c4e69938
,1.8252143975383666,0.1716264294544519,0.14132376354751208,0.03638251773906181,0.14730504524690372,neutral,5fb890a5cb503578af9edbb1
,6.972635350543232,0.15178311828504593,0.15622814676545815,0.049306132863714,0.1531645190482702,neutral,5fba0791576e9378b67ac72d
,1.2770943956170577,0.18312152133297327,0.1402169589591547,0.020401817377281417,0.10009735387190698,neutral,5f6446043d151f41883fa0a8
,4.838909768680506,0.1421726345726758,0.10500588194353419,0.01821139933120387,0.0959804385041299,neutral,5fbcdf9e576e9378b67ad0fe
,2.720130616693542,0.16057709809797677,0.12501007030341477,0.01985976029401823,0.06246086599289718,neutral,5fb9ec314c55eb78bd7ce0c6
,4.588249097008689,0.13375523560559702,0.08715723598489206,0.014019521245036302,0.0731983513638667,neutral,5f5fd9bd54b2361621284a4f
,7.271952930944026,0.09878571675315594,0.10289515005085745,0.012388267081674575,0.08994952901915283,neutral,5fbd174e44697678c497bcc0
,-0.7661927000915337,0.1673663988228639,0.11532936621438653,0.024245934112923,0.10474987593197345,neutral,5f65547e9e04b149046cb542
,1.4452343228648932,0.15383505071969847,0.18049983814876186,0.02579579198125841,0.13114031824634523,neutral,5fba011c576e9378b67ac713
,-0.7369294087563246,0.17195568722888815,0.14765896197790943,0.022736100781716822,0.10952915653577908,neutral,5fbb585944697678c497b6c6
,-3.6047297689913638,0.1763369098604196,0.161759836199404,0.030550760768260597,0.11053582425888983,neutral,5fbb5981576e9378b67acb06
,5.066238492384969,0.12973550835162487,0.17499980679054108,0.017446127744268035,0.103467306952789,neutral,5fba216344697678c497b358
,3.6215497957004357,0.14039482851780227,0.13859538805159213,0.023329989761947802,0.12378031688385112,neutral,5fb4954644697678c497aae2
,2.418548126327175,0.14757994459223497,0.09754096338566441,0.01844983960322526,0.07940652273283978,neutral,5fb89830576e9378b67ac31a
,0.3088960246559661,0.1672236322975637,0.18034898294237908,0.051015462174716975,0.19246723080524342,neutral,5f6b6bac111dfd48d40fcffc
,3.2627067131062355,0.13686924957542504,0.12578602264542382,0.026124725536355246,0.10447005750976497,neutral,5f6e0460f8fac448cc0a606d
,2.329415028848233,0.18027893093004382,0.14718688717044795,0.03964321557210515,0.13956117222212713,neutral,5f899769f8fac448cc0a7381
,-5.226286318387997,0.17824345351230514,0.19198460668937103,0.021290631338377133,0.16073229397870675,neutral,5fb8e8624c55eb78bd7cdf0d
,5.211425663443755,0.14586341546280757,0.09375970564233611,0.01629189613218686,0.07913846664759733,neutral,5f6381b4b878131628349f09
,3.754584024665617,0.13321387767106707,0.10153472263372783,0.014126302475329698,0.07764430832158442,neutral,5f8b7f1f9e04b149046cd2e2
,4.480354639545981,0.1564524219830454,0.14085909091095342,0.021604367756622684,0.07639091293616847,neutral,5fb898d7576e9378b67ac31d
,2.9639195381055394,0.14361678736544228,0.11895773211182412,0.031810664612579025,0.09394147401878472,neutral,5f8cdf80f8fac448cc0a7855
,-1.0009074382157261,0.1516393279115954,0.19116743078451712,0.023637150093622543,0.13153309906170368,neutral,5fb38d0fe3dcec421f835904
,2.4816988013179633,0.12998639487958036,0.09467189908053514,0.01676438459060532,0.0886541080203322,neutral,5f41cb7b9dd513131eacee94
,2.6280646884620573,0.1431690137499371,0.15694803644920632,0.029067698422547018,0.13286237492463912,neutral,5f5f716e2e23c7161accd21b
,2.058798554577338,0.16452697876447878,0.1188586548605631,0.022665200770504497,0.07502777981901038,neutral,5f8ba9cef8fac448cc0a75b2
,1.3937644603234018,0.16708246773026386,0.12961331768762965,0.019891224235917524,0.10244184148276717,neutral,5f694284d338b948c4e68416
,2.1826867399624543,0.12832824094281978,0.11340515780034412,0.01661033169834174,0.12432284824889464,neutral,5f6390152e23c7161accd61b
,2.9587160224060747,0.1591829307051687,0.1246090690125953,0.03230437450208756,0.12216459687361901,neutral,5f899745111dfd48d40fe61b
,2.3655173347151375,0.16646529301490307,0.14474432899888187,0.02763459140325109,0.1108567284079296,neutral,5f79144af8fac448cc0a644a
,6.525762035955544,0.1199595729326455,0.09848137158671723,0.011605869199273608,0.0945801332513115,neutral,5fbb746d576e9378b67acc00
,-0.18127088771332822,0.160922800527588,0.14281381840362842,0.02418092512005668,0.11410551654588895,neutral,5f6037d82e23c7161accd2b6
,2.800160670793664,0.1622858761793629,0.12088696130100554,0.024245968064846832,0.12540231970545457,neutral,5f5ccdca2e23c7161accd06c
,2.170331827963135,0.15087142257229866,0.08025390887972063,0.014809820366294264,0.06485869185279779,neutral,5f5c2e322e23c7161acccfdf
,1.9433078659762342,0.17109555109962576,0.10481452186793186,0.014158374839188664,0.07994811499012217,neutral,5f637f473bd6941613f6d747
,6.321187867832201,0.131232315487042,0.11674227488903474,0.019595567081155087,0.1319702706790929,neutral,5fbcdfb54c55eb78bd7cead5
,7.312444119318568,0.10954200341623148,0.10493453996609634,0.0281106543388579,0.08928291260902395,neutral,5f8da242111dfd48d40febfd
,-0.5343614270154646,0.15979229784820365,0.12956696808733642,0.02156135586118631,0.09877220820358805,neutral,5fbe260e4c55eb78bd7cedc0
,3.3897690565221783,0.16174687291246906,0.11307166705935588,0.027631824931501764,0.12279492209246634,neutral,5f60c36c3bd6941613f6d4a0
,5.498574663805714,0.12592620203768304,0.09145413219920469,0.015716316442988938,0.07044074756268981,neutral,5f8daa949e04b149046cd6e0
,5.333390865015945,0.18464716021019587,0.30985388437605943,0.029923379603430538,0.14081414810851126,neutral,5fbdbdea576e9378b67ad1f1
,4.434630834513164,0.135260207107527,0.08919579981566676,0.011943498113220225,0.07779139398412845,neutral,5f5cd68a54b2361621284832
,6.652088674579344,0.12589728828038546,0.07789591820176181,0.019122915013072894,0.06744782196142972,neutral,5fb9cb2744697678c497b134
,2.488256227142301,0.15774195048127176,0.15472614612223842,0.02427388596263923,0.13199269275222864,neutral,5fb38b3948cdda3a922e4fbc
,3.964941322688778,0.12906894321593435,0.12710330068337447,0.017276473063321904,0.11789018217614845,neutral,5f7007069e04b149046cbeab
,3.8701138242299264,0.1426549448763357,0.14569376033260475,0.015166321660446808,0.12012562072185674,neutral,5fbb9344576e9378b67accb2
,3.0268881412645348,0.1642007493450433,0.10382535010053788,0.01323390784268127,0.07948116790125892,neutral,5fbb5b5d576e9378b67acb0e
,5.605931383564211,0.141279229752584,0.1378161015166107,0.016511305552451828,0.10427138018214985,neutral,5fbb9295cb503578af9ee5a2
,3.8887315911987983,0.1454252547012728,0.12072334472043454,0.01640648106647787,0.10638779117582489,neutral,5f7951bad338b948c4e68d4c
,5.032277072648598,0.12348820701308201,0.14477254382183685,0.02263026472697858,0.09147053802774494,neutral,5fba205dcb503578af9ee0c7
,3.804817702194774,0.14601787279697492,0.21510705849401965,0.02112587783832158,0.12619582681418545,neutral,5fb48f3dcb503578af9ed83f
,0.704692939253753,0.1505599898517314,0.11455323486638867,0.025788771423731698,0.09915575852266595,neutral,5f6b01a5f8fac448cc0a5ddc
,2.873156750376405,0.12206297034128522,0.0986537995626968,0.015385288814900113,0.09643231326950677,neutral,5f91835ed338b948c4e6a802
,-1.649131420855708,0.19153280726931232,0.15692948133769014,0.017654494712996942,0.1011722180643209,neutral,5fb87d714c55eb78bd7cdc88
,2.770597247951516,0.1494025083635062,0.14324793714909478,0.015512013449936116,0.12573448865770698,neutral,5fbcdf6bcb503578af9ee9d8
,2.532957038765345,0.1648367224065266,0.10993300247229515,0.03285485826690607,0.07048164471738208,neutral,5f67e6989e04b149046cb794
,3.6516924055823563,0.13787624935593012,0.11705037440374486,0.013149749135671386,0.09644038719762374,neutral,5f97f3c7f8fac448cc0a837f
,2.9307742545279494,0.15548719777688616,0.11804708313639686,0.02546295117969307,0.10323876439712329,neutral,5fbe11a944697678c497bf6e
,4.615135543647876,0.13429349238180013,0.11634679549273891,0.015637257661668263,0.10125132912268853,neutral,5f902e21f8fac448cc0a7da7
,0.9943146014184003,0.16922832317900355,0.1708710450454856,0.022693821774926508,0.10537521698170721,neutral,5fba3f1d44697678c497b451
,-2.19406428306835,0.1901427318206606,0.16148876781914728,0.0286207278772651,0.171916172486911,neutral,5fba173a44697678c497b2e2
,2.462230570333973,0.15378494298626963,0.11613452638927162,0.024303193055950616,0.0941412346728366,neutral,5f5c53963bd6941613f6d14f
,4.623762093120454,0.16235067216285348,0.12881304700669186,0.015592841029601269,0.09782275375326953,neutral,5fb8b0e74c55eb78bd7cdda9
,-0.5967959799564889,0.18053723601706845,0.15143369216240385,0.02288804942341227,0.09579431881473094,neutral,5f85a211d338b948c4e695ac
,6.504725025148003,0.1706248968664353,0.314827836855024,0.0279913797278213,0.08719129862572927,neutral,5fbc720b44697678c497b981
,-4.582523922162844,0.15443973207449227,0.2097338096262206,0.029321466416956404,0.11411160227004012,neutral,5fbcaa3e4c55eb78bd7ce994
,2.865891471509687,0.16982168790625235,0.1332688518848024,0.025599817747022014,0.12564373647993313,neutral,5f5f7216b878131628349b44
,1.0686372987165662,0.16552474641983053,0.18657272821944837,0.028637594117505282,0.13377728833055072,neutral,5fbb5348576e9378b67acab6
,-1.6448965171588725,0.1742138890954612,0.1328426509247162,0.01720241669503528,0.10897040209786606,neutral,5fbc48ddcb503578af9ee600
,5.409250289492889,0.12871171301361853,0.1084284793545627,0.015232142818188767,0.08529064470119072,neutral,5f794dd69e04b149046cc1ae
,5.429385157341016,0.11694198822949584,0.13169327212906742,0.02096242503603472,0.08779762136189258,neutral,5fbdd9864c55eb78bd7cec81
,0.7057097336825768,0.1615525299735826,0.1274618181680285,0.02228692646058432,0.10760599091597094,neutral,5f6037522e23c7161accd2b4
,-0.5649165322821549,0.14363400295893394,0.1730445212534402,0.029482599827864643,0.15103601077266793,neutral,5fb9ea684c55eb78bd7ce0bb
,-0.4874686665386285,0.21028288438681025,0.1315874965257953,0.02345745423335546,0.1280338754874942,neutral,5f6368d53bd6941613f6d717
,4.663388765130518,0.1307346593975411,0.12105340263169795,0.013463384696215957,0.10296049078079944,neutral,5f8c28b4f8fac448cc0a761b
,-0.4279350615416991,0.17043795580082396,0.1263989169794411,0.0288727460027652,0.13012347551023318,neutral,5f5efd0e2e23c7161accd1b2
,5.521014262819656,0.12957863423163846,0.11580006918995947,0.012310974654380875,0.1010217954488234,neutral,5fbce0f4cb503578af9ee9dc
,1.634134117485815,0.12654497815545995,0.15948144500442976,0.021146601180367926,0.09840283532992797,neutral,5fba1d5644697678c497b32b
,4.166131320309194,0.14075399949942627,0.14275686225806924,0.024199775493984697,0.10801836500726292,neutral,5fb4943d576e9378b67abf56
,3.2298666567441314,0.14497003326742058,0.27778775396367433,0.014460646582473152,0.11098458844703635,neutral,5f654203111dfd48d40fc9df
,6.506964079435808,0.12563816627154312,0.11186945765380994,0.013048175484009805,0.09021393683629989,neutral,5f6a12ff111dfd48d40fce9c
,0.13854693265732157,0.16315204681998544,0.1391129847950052,0.028708190971043827,0.11869796247513602,neutral,5fbca403cb503578af9ee844
,1.4235890422481128,0.17544666963456299,0.13002903844141497,0.015768366356418748,0.0907964204665682,neutral,5fba3211cb503578af9ee10b
,2.16672583488643,0.16149481382314143,0.14090062374117673,0.019582867424175247,0.13998719433359813,neutral,5f697d45f8fac448cc0a5c48
,2.9176528288891412,0.12735309059761335,0.1042574254023424,0.013225855751188426,0.09934663149151145,neutral,5f65ed1b111dfd48d40fca9b
,-4.044318836592316,0.1589382749238425,0.16759312148887284,0.028300389114135887,0.11549163030758305,neutral,5fbc87d044697678c497ba09
,6.093488423130717,0.14203023510826795,0.0872728140269516,0.012404995532107109,0.06852676617392126,neutral,5f637f66b878131628349ef8
,-2.634285589706067,0.19857219386835998,0.1425178954092221,0.021737551451599082,0.12534125851380692,neutral,5fbdf56744697678c497beb2
,2.7461181309393763,0.1728536723777019,0.1338141657363749,0.024007708175492373,0.10581444823700038,neutral,5f61f28c3bd6941613f6d575
,-12.6910818141711,0.23157976030950922,0.4222162599800027,0.08541566565717883,0.15368867816815673,neutral,5fb38b5f48cdda3a922e4fbf
,2.000907819067776,0.15664305636182504,0.12663614570861814,0.02367291346075867,0.11145517076417344,neutral,5fbcc473576e9378b67ad05b
,4.98128000432011,0.14313603154604262,0.1158500834038059,0.016143959783583253,0.09043032864733744,neutral,5f6083e82e23c7161accd2e8
,4.8878811688100345,0.12648529093320926,0.20006529724356895,0.019432626087071497,0.11788046772541828,neutral,5f789cddd338b948c4e68cd5
,3.843782225782038,0.1421596493986639,0.12828817707186155,0.016542963536128146,0.10742857327885415,neutral,5fbb364244697678c497b5ad
,5.178309052562588,0.14235424982006153,0.13674158316966759,0.026740630340774802,0.1001710277535372,neutral,5f673bb8f8fac448cc0a5a2d
,3.992225785564698,0.1313929875791321,0.09788568512263401,0.014401953030945904,0.07816017639640026,neutral,5f5c2f2354b236162128479c
,-1.6499985142962124,0.18844145724277248,0.182055403782178,0.033861806141431874,0.19967973525917565,neutral,5f66a160111dfd48d40fcb32
,3.4969580615136495,0.14814346616914992,0.12182187089216387,0.017894982163066942,0.10690295538707593,neutral,5f90da40111dfd48d40ff03d
,2.340917580668231,0.13516790486770203,0.12529168528167747,0.022403454933081796,0.10701000428325975,neutral,5f98c3be111dfd48d40ff6fe
,2.0100868876544205,0.18160539568226378,0.11700053523765803,0.01656511929099148,0.10744059474918678,neutral,5fbc70fe4c55eb78bd7ce7fd
,0.6235798667148013,0.1522307985640837,0.14451869602318312,0.017974017291053843,0.10652434618807094,neutral,5fbcca454c55eb78bd7cea55
,4.944791471031353,0.12320251168246515,0.10909662556390631,0.017215664317238408,0.08546549995988473,neutral,5fbccb524c55eb78bd7cea5b
,9.927246268522886,0.10517142708495916,0.19385276399956414,0.02097370891230992,0.10386077700747606,neutral,5fb4bc014c55eb78bd7cda67
,2.654724084503805,0.14582885583849328,0.1289317010825691,0.017551385228138084,0.10165158350639031,neutral,5fb4bbc44c55eb78bd7cda64
,2.38097019651422,0.17661505197888402,0.13037081423171523,0.023523196485501503,0.12116831969696815,neutral,5fbe1096576e9378b67ad38e
,4.882532831981804,0.13511086135181105,0.09453455852865957,0.019979613318619385,0.11681862592405305,neutral,5f696a32d338b948c4e68444
,1.445613689415611,0.16207996969500144,0.1182551533981404,0.02049706400631714,0.11861071097691914,neutral,5f6495d09e04b149046cb4b5
,8.945541689284736,0.1667213254936349,0.13521484108072657,0.020467757924369254,0.11156711704315092,neutral,5fbb5e1744697678c497b6e4
,7.731866871876697,0.11419806017645152,0.18731742643930688,0.02764038138902814,0.08064975676653223,neutral,5fb4be9c576e9378b67ac052
,0.08760736911438093,0.19847908417786791,0.16315293682174511,0.03863423502285647,0.15103836756683214,neutral,5f9a18e09e04b149046ce418
,0.8855343321727017,0.15801461519188154,0.1222969779483705,0.02069813018617549,0.09147076655816602,neutral,5f901bd2111dfd48d40fefa0
,4.665775365460606,0.13017043645933352,0.09947662985378335,0.014306089210759128,0.08319082310538035,neutral,5f5f321154b23616212849e1
,4.3979997331959,0.1466636899657449,0.12327333931711315,0.020051583845380402,0.10064491973282359,neutral,5fb3867d75b0a9389bf3977e
,3.1583230923811456,0.15846796761223764,0.13009608320533983,0.022680377977747027,0.09261238273516456,neutral,5f69ead6111dfd48d40fce61
,2.6566472984918166,0.14956630582113153,0.07974178497165567,0.011987703823058053,0.06934257335823131,neutral,5f60b561b878131628349c53
,4.127369643280983,0.14090650316391926,0.11379199186462169,0.018903885958715984,0.1002754097543739,neutral,5f5b41af54b236162128468a
,1.5341380498301045,0.15907087539614242,0.15112459630994196,0.022954790231023894,0.12015668571740862,neutral,5fb38e29e3dcec421f83590a
,1.7248185056470093,0.1644242926028236,0.1425689154651437,0.03716615584803856,0.13207130769968792,neutral,5f922e1df8fac448cc0a7f09
,0.28542027923027996,0.15166099905839736,0.10270604843278222,0.028505789096806962,0.0969849704485265,neutral,5f8bc6b89e04b149046cd32a
,-1.2201162727835908,0.16136911684887958,0.1323359330709956,0.017852512295467755,0.09513932097378607,neutral,5fbb8a2c4c55eb78bd7ce6b8
,6.366375160437538,0.1339031324766736,0.1468487023973664,0.017499736674248374,0.09327548183796773,neutral,5f5b41852e23c7161acccec4
,7.596510207421197,0.12200056545636641,0.18420897951314186,0.0239607687438767,0.10026407834372233,neutral,5fb4bb2dcb503578af9ed93e
,5.1800474426145104,0.11238669782249786,0.09933342369531348,0.013471515952875279,0.08862045566808083,neutral,5f8ed686f8fac448cc0a7b2a
,-0.1722850151420336,0.1924168244285724,0.16881494912194933,0.02583283070101595,0.09341247031645264,neutral,5fbb58a7576e9378b67acb00
,3.4732555230711943,0.14215460193044444,0.12061546740297158,0.015145027711533294,0.08624486035899749,neutral,5f8cd1f99e04b149046cd56e
,0.9275755561531289,0.15836310325343642,0.1822375111959163,0.0310848344808519,0.11771816199194972,happiness,5fba3b174c55eb78bd7ce2b4
,1.9148932424577898,0.12278076493862232,0.14726388524863424,0.02016259307915343,0.09928702304375861,neutral,5fb9cc7644697678c497b143
,1.1207479200155737,0.11381245676651049,0.1287373133973523,0.02335553084472884,0.09413648373915136,happiness,5fbdd3a8576e9378b67ad27d
,0.9903975278320303,0.18005082143512002,0.11810605241397103,0.01974602073412066,0.10076938246274207,happiness,5fb4b3074c55eb78bd7cd9f3
,7.253429955300076,0.10288252009081736,0.1617306012451861,0.02544584936741286,0.14262940145666977,happiness,5fbdba724c55eb78bd7ceb9a
,1.8427941148219638,0.15631812389409455,0.12994733528492425,0.02458048295013748,0.1496067939948967,happiness,5f6bd403d338b948c4e686b0
,6.482008548164719,0.12870373379515518,0.11643086336492849,0.019440130109716954,0.09768467515491183,happiness,5f846eaa111dfd48d40fdda7
,4.246494690251497,0.13812670814359476,0.12799658265577987,0.026546926411613173,0.1028779307947573,happiness,5f6be9589e04b149046cbb79
,4.68258108195072,0.14154608029441584,0.1076268154305022,0.01442508684769813,0.08238168745446309,happiness,5f789136f8fac448cc0a641d
,7.047458482924745,0.12260801746834657,0.09494717954334714,0.012845419790701548,0.0829511425889392,happiness,5fbb8c6c4c55eb78bd7ce6c9
,-2.5503144931677078,0.16988439285794749,0.10301359229663272,0.01776617033197745,0.09849469239108635,happiness,5f6012f1b878131628349ba9
,2.8485854028665782,0.15136189023234772,0.097890433204833,0.013473816260756603,0.06901713248511572,happiness,5fbdd2534c55eb78bd7cec35
,-2.0655795371217334,0.1863594322078498,0.16197677614360778,0.03440604481036078,0.11570364579759392,happiness,5f85c4c1111dfd48d40fdfbd
,0.408977435751542,0.14628928012836445,0.14612648813100362,0.026952645699081186,0.12143648492445198,happiness,5fb9e0f344697678c497b19d
,3.8772414348087696,0.16233512201234834,0.10902572389655549,0.021635540758391816,0.09844685480633014,happiness,5f6307bab878131628349e94
,3.8857381364182895,0.1670365087975778,0.1372377583663925,0.026539887195465916,0.10330407536775321,happiness,5f6384a154b2361621284dac
,4.218370738514645,0.14768764691894165,0.11476244002921664,0.018619701017151106,0.11442400641324801,happiness,5f851985111dfd48d40fde07
,3.373445861003253,0.155534631794864,0.15603641557801465,0.032789152551028294,0.09793941575304524,happiness,5fb86c6744697678c497ad00
,7.418323815397533,0.12467185216612454,0.11179491538415298,0.010936106578700212,0.07598355351257001,happiness,5fbb69f144697678c497b742
,3.290330275723354,0.1771203104816462,0.12771805432880232,0.01878386276537025,0.0896520216192801,happiness,5fbdb25544697678c497bcd8
,2.5975982287717874,0.15586966076329567,0.11888146993222996,0.026460390347148983,0.10536109287399092,happiness,5f425a499dd513131eaceff8
,4.902482013675876,0.1591001591001591,0.11295440729625214,0.018306108712291314,0.07271009625327703,happiness,5fb8748444697678c497ad44
,-0.3341465276058497,0.15523995623157621,0.18727587768236328,0.037340376723183674,0.13116903343942968,happiness,5f9a2728d338b948c4e6b093
,5.8428197091827485,0.11735998409844148,0.09471735046867215,0.015149750696440293,0.08289780162668552,happiness,5f789591111dfd48d40fd629
,2.9904939161308604,0.1762777020871426,0.1457313432252266,0.021742369867430944,0.12415484117791857,happiness,5fba3d05576e9378b67ac887
,-3.6147920375329616,0.18677638931220156,0.1015696403645271,0.030134174750471168,0.11088410620489089,happiness,5fbc7cf544697678c497b9a5
,3.581129664202296,0.14028820809726564,0.11467084334544937,0.024653849811109314,0.10669944324970457,happiness,5f5f68852e23c7161accd208
,3.2936255175048723,0.11275574942682719,0.10886409129778497,0.022422366482247148,0.11057502800332,happiness,5fbe28b644697678c497bfec
,6.814491725188924,0.13770998306858132,0.10920074659422918,0.008897529971845702,0.09491076546378166,happiness,5fb9fa9dcb503578af9edfb4
,4.296229908618176,0.1483301708918085,0.09938675173770187,0.012160605966234226,0.06869474620005465,happiness,5f5b7710b878131628349855
,1.6109111952577104,0.1567627202979386,0.14219136935934562,0.01794121170821618,0.103284515950584,happiness,5fb33e430fb0f33aa31ca1aa
,-0.8622814568307278,0.1792413720732855,0.1791243138915822,0.023818224603728424,0.11547045426406163,happiness,5fba03bc44697678c497b296
,3.6566354344747736,0.15446335672335834,0.12235671899371676,0.013542759849476014,0.10460353113585386,happiness,5fbcbfb644697678c497bbb4
,4.236127883266282,0.131554224151923,0.09519936784517502,0.01346322205997912,0.07835465097240261,happiness,5f5e0e7c3bd6941613f6d264
,1.5150462837178347,0.16827038431972935,0.13970753981145356,0.03401956947376583,0.12565976643408855,happiness,5f8da3979e04b149046cd69f
,3.9665778761177446,0.1395182047998295,0.1092140926985165,0.012561372320966916,0.08472538447567847,happiness,5f846d369e04b149046cc895
,0.7138337262493036,0.156572230036494,0.09790814069278055,0.014524893569135331,0.08454153046400123,happiness,5f64c3c3f8fac448cc0a57e1
,2.3200241670684956,0.1579426873117132,0.09082635085097368,0.029006827573638705,0.08747368909478291,happiness,5f6f338b111dfd48d40fd2b8
,5.553982574223133,0.1295529876443236,0.08067346358456597,0.020800402099637468,0.07121059923147689,happiness,5f5cc49a2e23c7161accd03f
,2.2334949308595236,0.16018992457503706,0.09863230622436767,0.02676703909475356,0.10074891144191757,happiness,5f81d96b9e04b149046cc5a3
,3.9583967345272635,0.14765476680840786,0.13846417068080086,0.015740805761036838,0.15406438502611386,happiness,5f83c3a7111dfd48d40fdc51
,4.402001104832189,0.13767148797785092,0.08957475396450533,0.01974285487343581,0.08593166314130382,happiness,5f808495f8fac448cc0a666c
,2.869387547131644,0.13585996471974568,0.12138817163030079,0.015896845207046213,0.08199217133176953,happiness,5f8e9f4e111dfd48d40fed10
,3.0670392570601606,0.17201854387581625,0.18260587431360648,0.010813673880536811,0.07983613043414338,happiness,5fba3cd94c55eb78bd7ce2cb
,5.041386186828743,0.13660810130070297,0.132328016283847,0.014629946926544816,0.08492039454436703,happiness,5f97ecf0d338b948c4e6ac6f
,4.2957691474353865,0.1405799419949254,0.1272566419794628,0.015796029382590202,0.08649816375541934,happiness,5f8f822bf8fac448cc0a7c62
,5.308453117417446,0.13627863977313448,0.14352784533265284,0.01515400418056275,0.10277653972938841,happiness,5f681b90d338b948c4e682ef
,1.3078183219453838,0.18069714450526134,0.13066283608697044,0.023987697010694774,0.10255767784732925,happiness,5f66fcec111dfd48d40fcbbb
,4.892250250958314,0.13189746938568486,0.11654720100598319,0.01183599530466359,0.09615130478369598,happiness,5f8acb4fd338b948c4e69df7
,3.4103100043955825,0.14091861155178367,0.11162260766584461,0.018139890949261165,0.09279175686605344,happiness,5f851cfd9e04b149046cc8ff
,2.622115004340529,0.1541467766119494,0.09890253507475005,0.009454777532846357,0.05146548320374769,happiness,5f6d8e979e04b149046cbd1d
,-1.5381775725412254,0.19226741091579655,0.13262022034023463,0.026440445329691666,0.1471060173141947,happiness,5fbcdd084c55eb78bd7ceac0
,1.0023931803835888,0.17668688057619786,0.14204155605876118,0.03134473636580277,0.11535234074377437,happiness,5f8255539e04b149046cc5c6
,2.2840345431043567,0.16351323101449056,0.09340146504486146,0.012453858313490858,0.07691331333221212,happiness,5fb33bef0fb0f33aa31ca194
,2.0473725229336828,0.12778436016794945,0.09581850158876974,0.025258886435630196,0.09499216347169934,happiness,5f635f5f3bd6941613f6d6f7
,6.362399982083448,0.12547427889615392,0.1022726678133668,0.013313849283626465,0.07428845636010387,happiness,5f70acee111dfd48d40fd40a
,1.23142876017666,0.15594712887119364,0.14980480023290324,0.03062987484864305,0.1040025689223839,happiness,5f6a3b4b9e04b149046cba1c
,5.540048895945429,0.11424229340032446,0.10242175084262338,0.013188100013331337,0.0922395152956534,happiness,5f8d762d9e04b149046cd63b
,6.559720137314566,0.15251994233541563,0.1325033539794962,0.01420349483642086,0.07385500025051862,happiness,5f900812111dfd48d40fef6e
,3.8201060731130174,0.1465281194366113,0.10496097059744917,0.014318179364371242,0.09382530317106223,happiness,5f681468111dfd48d40fcc7d
,-1.7429284432383485,0.1787656519362593,0.19484036843924998,0.03574143507742088,0.148653471700369,happiness,5fba1d60576e9378b67ac7ac
,1.0564496444310782,0.1498577452201443,0.10728157353267531,0.024954112028523434,0.11231205119992269,happiness,5f83eb84d338b948c4e69327
,0.06278284686414591,0.19134532918362454,0.13335165124616746,0.026704686160059738,0.13528630375571388,happiness,5fb88870cb503578af9edb55
,4.869296772519697,0.14839838322662843,0.12390325345579574,0.016634253736150333,0.13016708400455657,happiness,5f83c729111dfd48d40fdc58
,4.035424486898962,0.1443186069461639,0.1038020133345621,0.015098873763145936,0.09653336207731837,happiness,5f5b48d654b2361621284699
,2.4902289946473637,0.13765302059333023,0.09461850054351496,0.021414520663168266,0.10773730480788603,happiness,5f97fbf49e04b149046ce08b
,1.3372485161438936,0.15033189224651067,0.10177130829380641,0.014964512802557818,0.09308916613862211,happiness,5f893d88f8fac448cc0a72d0
,5.652652449027204,0.1340456675534814,0.09868690291348886,0.014765971781284951,0.0960896259744148,happiness,5f6eab3dd338b948c4e68907
,-0.5424901988320917,0.16900614775364153,0.13514912686417116,0.039495901898118836,0.13068265431862747,happiness,5f825564f8fac448cc0a690e
,5.791217138767243,0.13112382554007795,0.09868626867584408,0.01475421409704499,0.07941489509580561,happiness,5f77e0d5f8fac448cc0a6388
,5.035053502558265,0.13283174837090422,0.1339359644484827,0.013888174773852584,0.08546395217087174,happiness,5f7152b0111dfd48d40fd46c
,11.943657073966389,0.07911285872443506,0.050033029267027455,0.01130044151562484,0.04902489918535711,happiness,5f685970111dfd48d40fcce4
,3.272861822745846,0.143792071802543,0.09010361696696957,0.01888475059545381,0.09149299774091345,happiness,5f425d239dd513131eacf024
,3.3639819193433524,0.15820041356976888,0.11364982687205875,0.019186419685006315,0.09633039295739529,happiness,5fbb6759cb503578af9ee492
,3.240131746153806,0.142097269875381,0.11963934931997504,0.022450580621107347,0.1065370414268347,happiness,5f6c3a68d338b948c4e68724
,2.987783589745842,0.17381959395633959,0.1409039013929145,0.0239801427731229,0.1446759108865619,happiness,5fbcd2aecb503578af9ee96f
,5.619428754521835,0.15280980973098848,0.11641039355803631,0.024016869810592804,0.09007948603150498,happiness,5f78773cd338b948c4e68ca8
,-1.232140634272487,0.18187079014247498,0.18624941243883988,0.015763068268066508,0.1375702480946053,happiness,5fb8899c44697678c497add5
,5.275631905704805,0.13152898472018512,0.12955323416733247,0.013940738024810141,0.10162113523575346,happiness,5f9924ee111dfd48d40ff7c5
,-2.237239151882405,0.17170642513459342,0.11917325985354388,0.013890133099238092,0.0907912662629349,happiness,5fbc83f24c55eb78bd7ce872
,0.898516210866587,0.1309397041311716,0.12294565816262626,0.019186002428091924,0.09487359655724473,happiness,5f99265bd338b948c4e6ae9a
,11.079242078667727,0.15373011284388083,0.2276546243583731,0.02925676653197239,0.12266998742750493,happiness,5fb4b6ab4c55eb78bd7cda26
,4.075253799817027,0.11778270706251387,0.11780320471913154,0.015463086566529165,0.1065464840431615,happiness,5f6f5832d338b948c4e68975
,5.050976217738609,0.13932923497128585,0.1028628139247993,0.01736919605718842,0.08014268921016289,happiness,5fbe0a4ecb503578af9eec41
,4.787215485530549,0.14435639827063196,0.08789201334997224,0.020273252543117844,0.07038646911236217,happiness,5f5ec27554b2361621284969
,1.873445630108214,0.1736637985188521,0.1264629218987098,0.024933932869189376,0.098377542817069,happiness,5fba3605576e9378b67ac82a
,4.15238624515956,0.152479387790934,0.10832745674320322,0.018274579058643808,0.09188964280417308,happiness,5fbe23c3576e9378b67ad3cb
,2.7640890905580138,0.159475763553321,0.16307673885967708,0.03290460120901325,0.12456763386381083,happiness,5f605a6b3bd6941613f6d436
,3.888582974422371,0.13848110614448833,0.24707852424079735,0.015525805992602422,0.09888153080592492,happiness,5f6a169cf8fac448cc0a5cf5
,3.1605630363315522,0.14179753385300817,0.12430856615824247,0.011573594716217385,0.08498081253794844,happiness,5f989d8a9e04b149046ce17d
,4.004491203759037,0.15263522461468204,0.12106769530407878,0.025224649704566754,0.0922082995358457,happiness,5f6affecd338b948c4e68630
,4.796926702839119,0.12678080837345768,0.11256345889446785,0.01779945437571756,0.0843351331404111,happiness,5fbb6c4544697678c497b759
,-7.851992827490544,0.1673680998446845,0.14287418941175803,0.028964093443471887,0.13744736219625917,happiness,5f6ea683d338b948c4e688f5
,4.366595721837295,0.12470150722324184,0.11209771973110755,0.01979685866789675,0.11705241737754632,happiness,5f8c22b6111dfd48d40fe87a
,3.959367459804497,0.17255173566745874,0.13358430957391568,0.028505464422002007,0.10857949692298972,happiness,5f60b7b354b2361621284af4
,2.890685960073853,0.16057312344507269,0.09527861381147797,0.02579133650886794,0.09819330748394453,happiness,5f60bba73bd6941613f6d486
,0.9953893069067626,0.17557659276957208,0.17113358169223816,0.04684296025939976,0.19102605462492298,happiness,5f6b6c76111dfd48d40fd006
,2.923918262581532,0.16505152147156782,0.1322843386235299,0.027942662108980148,0.10910076832998342,happiness,5f89a3f6f8fac448cc0a73ab
,4.6668272274114955,0.12835035106624593,0.15366606892507007,0.010327506487492026,0.07201752934819498,happiness,5f8271d3d338b948c4e6916d
,2.875830266504784,0.141289893229495,0.10965832543303605,0.012316514310256552,0.0870910924419278,happiness,5f5e1abe2e23c7161accd114
,3.2018128726895805,0.1462588630067771,0.10004950348304054,0.035888505587325405,0.11621053166365485,happiness,5f8ea276d338b948c4e6a3fc
,1.6553954916956066,0.14493360598241195,0.14726492967524765,0.029748267837372704,0.12069543291837646,happiness,5f93800cf8fac448cc0a8109
,3.5433982042446637,0.15186433594088405,0.1261689153826531,0.024233373656895756,0.08665595579670593,happiness,5f7134d1d338b948c4e68ac2
,4.090624679078075,0.1407736760453081,0.15426261321428722,0.025567433609675474,0.12140053462514129,happiness,5f97e804f8fac448cc0a835e
,5.86635028346686,0.1413888776946102,0.07714005135389362,0.014136498583918938,0.06688821262875835,happiness,5fb9e364576e9378b67ac63e
,2.9529828534933786,0.1556390841955413,0.10212210898724998,0.024102862791496264,0.09791959174522681,happiness,5f5b5c8054b23616212846d4
,2.6933177196130154,0.17578394807001374,0.1288774094462708,0.037526315916164364,0.15588208276036553,happiness,5f5b60062e23c7161acccf07
,5.815791218013714,0.1099718418502624,0.08338146883166501,0.0160112030883137,0.07746097494376232,happiness,5f79190c111dfd48d40fd65c
,1.565758087658812,0.1729308022318861,0.1431596338158457,0.026145570812893527,0.09098041956054621,happiness,5f984fd5d338b948c4e6ad53
,4.327129363639855,0.16103802229580416,0.1476738602755073,0.040640394922919425,0.16759352975217356,happiness,5f6a9debf8fac448cc0a5d57
,2.7723673461893243,0.13925875221614079,0.12790197968056768,0.017753469099481528,0.10740385705541938,happiness,5f6eaf3b111dfd48d40fd28f
,4.485486769333168,0.14365313892335557,0.09673056289481842,0.01679710826685311,0.06616199440811223,happiness,5f6d84d29e04b149046cbd0a
,3.140739140688036,0.1583698434010145,0.14902287982804427,0.018224893142633484,0.09352418121988818,happiness,5f9808fc9e04b149046ce0ec
,8.226300242812478,0.13615617752949205,0.10848109070728718,0.013811841016273595,0.09228058381586544,happiness,5fb33d240fb0f33aa31ca1a0
,3.3355539738859292,0.1426372982511122,0.10195980596831875,0.03259448746191624,0.1253406865002455,happiness,5f61ec172e23c7161accd3ef
,0.3165190714208395,0.15288207325901523,0.1441280071431775,0.03304670292096758,0.13023308907319886,happiness,5fb8c76c576e9378b67ac3de
,1.7941056798165702,0.16950996444329244,0.11675320954809842,0.024710021210682127,0.08940088601458475,happiness,5f61f0f854b2361621284bd0
,2.4884175697895845,0.16315837145287287,0.11227686135317454,0.023353432720682746,0.07827792831899821,happiness,5f8cd7b7f8fac448cc0a7840
,6.108658763247879,0.12562966758565208,0.09545312128032392,0.013560300720614605,0.07267815923970289,happiness,5f5f67c3b878131628349b23
,-0.05242053112046681,0.1840625622302036,0.14965586919222346,0.01847306297930453,0.1298733353320801,happiness,5fba3cbc4c55eb78bd7ce2c8
,4.722129016463449,0.16283664112747834,0.15444458906900968,0.01774855651142293,0.1067509297895834,happiness,5f6d5e89d338b948c4e6881e
,5.230630849573645,0.13175940254761973,0.085066932925399,0.024919953340523986,0.0854284581245316,happiness,5f7134abd338b948c4e68ac0
,2.391338051976362,0.14608766238966014,0.10126870068907493,0.014393696144882352,0.08398227956072066,happiness,5f6c3342f8fac448cc0a5ed6
,0.5774016705152587,0.16042282407998135,0.18834501753222932,0.027296338900597922,0.16367013829552202,happiness,5fb8e24dcb503578af9edd89
,9.520785602633078,0.10518479836354999,0.1009734575748775,0.019633965094725217,0.09712874929984162,happiness,5fb49996576e9378b67abf79
,4.999524062265494,0.13464004571035798,0.10295748287695226,0.014842144839335932,0.085914201639009,happiness,5f607c5254b2361621284ac0
,2.555049077975981,0.14677449660656505,0.08293168879569404,0.01220167878598149,0.07052102100174627,happiness,5f5b74942e23c7161acccf4f
,5.154740301752365,0.13801525527763658,0.1307477926611431,0.016210615517833635,0.09020179249133015,happiness,5f70a57e111dfd48d40fd3fd
,5.857017665080508,0.14240798663104265,0.11795320146926222,0.013749217363481291,0.08829429229632768,happiness,5f811bee111dfd48d40fd933
,3.3366690696282273,0.1264726293128724,0.12975166897570567,0.03279183889107551,0.09968627268297307,happiness,5f9a287bd338b948c4e6b09c
,6.597446331746019,0.13208542928169095,0.10754172393343027,0.02746928544794808,0.10954403823598736,happiness,5f85b08bd338b948c4e695e6
,0.18695470392375627,0.1701448719268453,0.10237736192764721,0.016363059574373322,0.08806133242674803,happiness,5f62123b2e23c7161accd42c
,3.1948489813580663,0.13888374740949277,0.17556585783395962,0.019702072662587757,0.12518099931489182,happiness,5f6010cd54b2361621284a6d
,3.048085433227856,0.14217805914303613,0.1017314520164413,0.013987896223020867,0.07570335119405755,happiness,5f5cc8f9b87813162834991b
,5.072570460954065,0.14338024232241323,0.14468565183260745,0.025353486386043705,0.11458038443391594,happiness,5fba1a684c55eb78bd7ce1c0
,5.383297459352742,0.13098322789876152,0.10817561605511997,0.01752563884341503,0.099755823197234,happiness,5f8b71a9d338b948c4e69e92
,5.836296188282835,0.13781163955279557,0.1376006624314574,0.02200068301567797,0.09659690755464509,happiness,5f685cddf8fac448cc0a5b1c
,6.835431290315701,0.13547420832911325,0.0931904860627034,0.012465517450174454,0.08209082092587223,happiness,5f886613f8fac448cc0a71f2
,2.312350962113653,0.155200428585726,0.10242722918897106,0.015384920090895626,0.07272026186006511,happiness,5fbb1ce744697678c497b515
,2.8317149228484504,0.1386342782151431,0.1119416381877374,0.013594167637478408,0.09459708624609245,happiness,5f5e1ada54b2361621284907
,5.8417364585210665,0.12914374447870042,0.31476473801239985,0.016069827195687766,0.09818442396147566,happiness,5f6a1689111dfd48d40fcea6
,-0.6693659906570618,0.16719664915931504,0.12830134060263376,0.026769984340223665,0.11883380442922552,happiness,5f62bdfdb878131628349dfe
,-17.881905122437505,0.21975389966450662,0.19625404934775806,0.016427647231138976,0.11505996225165639,happiness,5fb38178e3dcec421f835883
,4.489899929061292,0.13276400334771948,0.1403855998311055,0.0275545877570657,0.11053584917886813,happiness,5f77c25a9e04b149046cc060
,-3.777700562474074,0.17512827767357217,0.1510696202566834,0.020696573663853586,0.1458477416688133,happiness,5f6216693bd6941613f6d5b6
,1.1942919408835766,0.1211308299486847,0.14118616380552101,0.025883225100861492,0.11579266080972946,happiness,5fb9fe2744697678c497b269
,3.341407794520809,0.1576125046012557,0.12671100747963082,0.03705487681427798,0.10936910265035096,happiness,5f923391111dfd48d40ff15c
,4.208523382759531,0.12924107169568672,0.10335555050940896,0.0104654718290517,0.07683882373385255,happiness,5f6291033bd6941613f6d60e
,4.8868650611360005,0.16982327309740125,0.1261502974616086,0.01734048269919316,0.09319399840068951,happiness,5fbb665acb503578af9ee485
,-0.6642304742663067,0.17638348077469707,0.19222007823167345,0.0363850212558608,0.149293243350282,happiness,5f8305f4111dfd48d40fdba8
,1.0912631833331445,0.15187456969393504,0.18237089918845606,0.05244676545372139,0.2013215312107,happiness,5f71cdb0d338b948c4e68af8
,3.9394690851415874,0.1503601219315077,0.18692611111361146,0.06843856785549607,0.21114486610367325,happiness,5f85073af8fac448cc0a6c08
,5.450213798708249,0.12777836243118249,0.09812042406510643,0.011782439609254758,0.08146648411384931,happiness,5f6b758d111dfd48d40fd017
,0.4137865585327526,0.10912574850299402,0.12953457306200003,0.029562464561114585,0.10563168259802791,happiness,5f98e3fb9e04b149046ce200
,9.142599287163533,0.11952421088579446,0.11614263871318388,0.025596019580644024,0.09985418010538413,happiness,5fb490f7576e9378b67abf3b
,4.179423236829977,0.1298250617362789,0.3137042675627665,0.015002218983999031,0.08613477353001127,happiness,5f6b753df8fac448cc0a5e3b
,5.176027086803757,0.1350804541572763,0.10414089044627141,0.014653088026171667,0.08951416406127809,happiness,5f70a5a9f8fac448cc0a6209
,1.21185239299121,0.1756801294357997,0.11862901034141676,0.017532132083958225,0.0633698341878409,happiness,5fbcba4a44697678c497bb6c
,4.132542190821258,0.1483138962597708,0.32181866524080427,0.014934866808744231,0.10845250354732659,happiness,5f8c1abef8fac448cc0a75f8
,-1.411191255619053,0.1678891285387206,0.21116960463457313,0.02719291154248176,0.10410314301530718,happiness,5fbc7c2844697678c497b99c
,4.283504746386801,0.14089012793728406,0.08956574821009694,0.013488103457291423,0.09872938836562278,happiness,5f87bc3d111dfd48d40fe2d2
,-1.2317828060063079,0.18471302984274543,0.17056351368950295,0.030033231343346733,0.11206729165957373,happiness,5f41495e9dd513131eacee7d
,1.138137563966892,0.16213071613483354,0.07848853852911626,0.012659206845198214,0.0635976462153779,happiness,5fbe31314c55eb78bd7cee7d
,4.942693253618277,0.14794182315340548,0.1302115904388217,0.022854508370381398,0.11259634936004165,happiness,5f699f88d338b948c4e6849c
,2.3204050561411522,0.19335003404758708,0.242735149938262,0.08972938575735726,0.26166036184261054,happiness,5f6d54449e04b149046cbcba
,5.132631845425371,0.13854167875642487,0.11175343709796604,0.02405795486968372,0.0950696956245695,happiness,5f6608bbf8fac448cc0a5918
,-2.610125020506913,0.1591731218064467,0.1683193266668817,0.025544578842807718,0.11332889987793204,happiness,5f85194dd338b948c4e69498
,0.44348393788610946,0.19682487046632127,0.14154438157002144,0.02023499014488493,0.11444627155193013,happiness,5fbc82c34c55eb78bd7ce866
,1.3483568178267156,0.18457261028279032,0.1583381160017132,0.02548282448943761,0.11805908074386895,happiness,5f90c9e5d338b948c4e6a71c
,7.097525902714921,0.13143226661044702,0.10162917011494156,0.018140905860206124,0.09876344772974732,happiness,5f715637d338b948c4e68ae4
,4.728045703499913,0.12985763811454237,0.0918876719162379,0.010878463642565775,0.079661683734939,happiness,5f3f41d89dd513131eace798
,6.080804007114911,0.12818267125006574,0.19467605133627547,0.016965415479449856,0.10161323584175792,happiness,5f8cc496d338b948c4e6a14f
,-3.2316210157583343,0.17959584847870078,0.1566122982451211,0.02504527320336392,0.12056914332778548,happiness,5fbc7ce44c55eb78bd7ce82c
,7.983694408912524,0.09340216735171532,0.09604225225630726,0.013576094191782304,0.06820093035157011,happiness,5fbb2e5e4c55eb78bd7ce3fd
,1.5590964155346954,0.14947243837171578,0.14318431156974318,0.01869254989467973,0.11203905545107412,happiness,5f78250a111dfd48d40fd5b1
,2.782225838709845,0.14688016167002052,0.1344845178277043,0.018564630107470885,0.09742797263163108,happiness,5fbb88a9576e9378b67acc66
,1.3224039652319999,0.16194953733807568,0.17343928024602495,0.020641640144733176,0.09139199468595598,happiness,5f87bd60111dfd48d40fe2d4
,2.5126055293409846,0.1467883747301451,0.1252796167060179,0.02892843779383719,0.12467908032657551,happiness,5f60b7f1b878131628349c58
,4.537233963940239,0.1304390777598787,0.17974921968063262,0.026400214458036902,0.13586445796321117,happiness,5fb9c791576e9378b67ac591
,-0.9539471040668581,0.16868179944166928,0.13536189023511858,0.02336177310186972,0.11753160485504544,happiness,5f937dc3f8fac448cc0a80fb
,-12.86623713188774,0.25499565427232423,0.4168391862513966,0.1265744390376595,0.2884795096300182,happiness,5fb37fa248cdda3a922e4f26
,2.9222935141882376,0.14735208836741986,0.1367664445694292,0.021297685594212728,0.14639955035962085,happiness,5f6980be111dfd48d40fcdf8
,3.0169401189392926,0.17370458632238162,0.14123814616209243,0.023227776595441813,0.1258823791696478,happiness,5fbe07becb503578af9eec19
,1.4754844795156887,0.13439060906947042,0.09265546112394416,0.012686653209417262,0.08078411670296659,happiness,5f65395a9e04b149046cb511
,6.468388205755698,0.11880539682948409,0.09860750281717634,0.013417787543998678,0.0786295999347452,happiness,5f3cc7908a3c1005aa97c704
,4.291529040512206,0.14461064379195834,0.09962919498198003,0.0245924740400105,0.09727848097196302,happiness,5f62b9292e23c7161accd4c7
,5.258701078031804,0.12027277775276514,0.10897490086244911,0.013265188956870975,0.07937335092248933,happiness,5f8271fbf8fac448cc0a6923
,4.1165507002915485,0.13364294948815802,0.1254339368160617,0.021281105136271804,0.11576431923072018,happiness,5fb9faab4c55eb78bd7ce10a
,4.199008660218846,0.15524740985695432,0.15129384846130225,0.04169575971514692,0.13453874064851784,happiness,5f6dfd54111dfd48d40fd204
,5.648136600639771,0.1298218380142186,0.12254181512275213,0.02765141124291035,0.11789467666182413,happiness,5f6018d02e23c7161accd285
,5.122197433897861,0.14027696770023804,0.1153966463459718,0.023151222026845008,0.10728624021775009,happiness,5f64a9a8f8fac448cc0a5793
,4.8541444680255195,0.1291878738030133,0.09459641760959688,0.014950058963708239,0.0879278427613925,happiness,5f60bdb63bd6941613f6d492
,2.1225733684495394,0.16761952503414163,0.12948670207752055,0.037593691512255625,0.13980987401361672,happiness,5fb48763576e9378b67abec1
,3.27311807236084,0.1368816138573111,0.12437804132098511,0.014233348398894518,0.08060029315125004,happiness,5f6eaae9f8fac448cc0a60b6
,0.05479682413165176,0.17365259372729908,0.10410462058888642,0.01645387048233188,0.0886990591043947,happiness,5fbe0b1e44697678c497bf0d
,9.320919479655723,0.16694574614930255,0.12020968613967134,0.00853338032109924,0.09585673746189204,happiness,5fb9ff36576e9378b67ac6ff
,-1.0214879353920794,0.1665735361946904,0.15357721711746278,0.020800606359641087,0.11519623257240472,happiness,5f82cf579e04b149046cc643
,4.348058029607481,0.13526582293480852,0.1055331670265305,0.026948944685600648,0.11931421406544124,happiness,5f6aedfed338b948c4e6860a
,3.915056583303931,0.14380100057759035,0.11930605303573563,0.011664694571982763,0.07700931538376184,happiness,5f98402b111dfd48d40ff68a
,3.4132901964674276,0.14831473542556542,0.10489709467920577,0.027474936720913775,0.07448484841870563,happiness,5f8132b5f8fac448cc0a67ab
,2.1746339454204473,0.1574721597731634,0.10755138506645406,0.016937144662719842,0.08469093658181097,surprise,5f5b60523bd6941613f6d07a
,5.220677714714918,0.13569540425461304,0.1022406547230125,0.024002307653283483,0.09354819125533756,happiness,5f6de69d111dfd48d40fd1f9
,0.8917635505019442,0.16556880733984788,0.12683205312769813,0.032793620244308895,0.12319386291841851,surprise,5f3dca148a3c1005aa97cbb9
,0.5734791315013071,0.20665760958953677,0.13295357474660463,0.023852708403108693,0.1049503843054672,surprise,5f62bb8d54b2361621284c8c
,1.5743736791224372,0.1786375291355591,0.194793610988938,0.03988357546371832,0.17851520714057917,surprise,5f98e3be111dfd48d40ff749
,2.626040174332246,0.15949901382898002,0.12772865046999052,0.015843450629075332,0.10221891947095424,surprise,5f70ae25111dfd48d40fd40d
,0.193901239236701,0.17634797209692818,0.17270947647514384,0.05145977363532826,0.21039220832527405,surprise,5f64b5c7f8fac448cc0a57b6
,1.7540494397443807,0.14872562151245494,0.13706529451827304,0.021076575335455,0.08792858465448887,surprise,5fbe1524cb503578af9eecad
,1.3060198776279701,0.16321122156116274,0.09737860929324829,0.014423387475916942,0.07703345060821226,surprise,5f5b7bbb2e23c7161acccf5d
,5.424421429416551,0.12041909157663783,0.09512369784856685,0.012714247681892919,0.07555531312042259,surprise,5f5d7539b87813162834999c
,3.9304682989671833,0.15265808957028626,0.13204569906516425,0.017513269579272177,0.09739576930195104,surprise,5fba3b85cb503578af9ee18e
,4.8910969396747745,0.1328355450393066,0.09430008961984614,0.024012036640280635,0.0834433948102347,surprise,5f5e1ad454b2361621284906
,4.177216975155018,0.1374787202603253,0.1183971432166614,0.016597767194191423,0.07750436451226847,surprise,5f6309da54b2361621284d10
,7.660511252149865,0.13997231530774526,0.11073026121567202,0.019093209755231252,0.07525201478813212,surprise,5fbca6334c55eb78bd7ce975
,7.27691864765082,0.1333692968050016,0.10826377663319849,0.015965476115806645,0.1155619831490476,surprise,5fbcd83644697678c497bc50
,2.7243029892527493,0.14687615720242791,0.13660559341605732,0.02182232049660805,0.14553996021954116,surprise,5f6b419a111dfd48d40fcfba
,8.941076972906629,0.13953294152264814,0.11019839599835024,0.01829643187943715,0.09498844141524153,surprise,5fbb167c4c55eb78bd7ce384
,-0.19496978179706745,0.18151369300202494,0.1906207572480827,0.04094822397317774,0.14647277259817604,surprise,5f98e452111dfd48d40ff74a
,-1.352527702372709,0.14905000743842053,0.13349101211794906,0.028226171764496866,0.09670888529809979,surprise,5fb9c669cb503578af9ede94
,4.393867737919747,0.1537922624762945,0.19274147141143616,0.027017604369585353,0.13512040133807135,surprise,5f630695b878131628349e8f
,-0.07601927273402578,0.1805018613757552,0.15264978029403029,0.026679856850165367,0.1233680376334544,surprise,5fbcc1484c55eb78bd7cea07
,5.170004244878567,0.1295093460598099,0.10028254476888829,0.01393805720973184,0.09475055650357146,surprise,5f63e1c53bd6941613f6d794
,9.573054012093973,0.11528787913337896,0.0728303518232187,0.014985189336595754,0.05719510546329581,surprise,5f6ad370d338b948c4e685e4
,4.999582799694926,0.13612015075218625,0.09296944301122884,0.02124302301657535,0.09006896632041593,surprise,5f5e1b282e23c7161accd116
,2.2979997003922805,0.19536346446085576,0.18874770509651712,0.06286961904475666,0.23071721461478145,surprise,5f693febd338b948c4e6840f
,4.892777917458805,0.10788853008502287,0.10474140373684787,0.014270025740601487,0.09328164597340038,surprise,5f98a721111dfd48d40ff6e6
,4.758721150250548,0.12886575730299046,0.10105881290788656,0.019326439341985087,0.07248719267083999,surprise,5fbca5e8576e9378b67acf78
,2.273761035549298,0.17144570676874987,0.1183746726856902,0.018318020525706757,0.08917768217305268,surprise,5fbb4ee344697678c497b63d
,7.341037651223082,0.12981178912880345,0.08840869892327002,0.012590287170615213,0.08044305058569876,surprise,5fb33c7675b0a9389bf3967f
,5.45977917381187,0.13836931380681589,0.13024024020821148,0.03357415450638638,0.08918561083137941,surprise,5f917688111dfd48d40ff095
,6.913514428562415,0.13307239820537461,0.09356331908967774,0.014921652949144524,0.09673155919228733,surprise,5f6a10b29e04b149046cb9e7
,3.8432116807024608,0.13635079132801622,0.09659799488033985,0.013456146116696894,0.08119614572379347,surprise,5f607e173bd6941613f6d445
,2.5212184540625757,0.15097510794187155,0.12984708743471704,0.018899214802261474,0.10231146955032237,surprise,5f808a66d338b948c4e68f17
,1.4397818386052228,0.17391672975123498,0.10414311417636608,0.02441956122533042,0.16261812166428624,surprise,5fbc9dbccb503578af9ee7f1
,4.216878994290202,0.1315914753771082,0.1087748107890726,0.021630918439810253,0.09392455687451173,surprise,5f83081bf8fac448cc0a69af
,9.914630152561347,0.11282131457662876,0.07998719362888343,0.01586235717247467,0.07360710990328823,surprise,5f62ce452e23c7161accd50d
,-3.6972149514889656,0.16205910672059887,0.17891081008289378,0.018688156295754155,0.12585244868514,surprise,5fbb2ee3cb503578af9ee2ec
,2.3798938701519132,0.16334064628600664,0.12710002639543336,0.030923055852048957,0.11388397961704018,surprise,5f708d0fd338b948c4e68a53
,2.3417155572349095,0.15749101714914268,0.12880611160322405,0.023661005818053964,0.09646719388680591,surprise,5f69e787d338b948c4e684c9
,1.113670576177366,0.15979584179648254,0.1722399960101027,0.021418141179825816,0.12797530308958444,surprise,5fba36a644697678c497b3cc
,3.7374765903017493,0.14005331517570124,0.10722992167489205,0.014134282049115661,0.09235674811629009,surprise,5f681f879e04b149046cb7ef
,0.46157134543328954,0.18830020183017074,0.1899860684899417,0.0628281482271457,0.22227781087295542,surprise,5f68c9e4111dfd48d40fcd60
,2.3499444692723954,0.159695700510254,0.10641873077802179,0.025498809122481886,0.08176450357553366,surprise,5f6afd189e04b149046cbae0
,5.505525302051708,0.12935573360168748,0.10294023317990296,0.01429584547370822,0.07751120453679207,surprise,5f793f3ff8fac448cc0a649d
,2.2587705423759155,0.153426301994758,0.12510924951820399,0.029037094017784426,0.11351661887183243,surprise,5fb9c5194c55eb78bd7cdfa4
,3.2112907720361936,0.13932787870471613,0.11561336364684503,0.013360803965103961,0.10010558048525954,surprise,5f6fffd4111dfd48d40fd370
,3.2884474262946655,0.11801134857082253,0.14002861126924546,0.03141521310378301,0.10084623121078463,surprise,5fbdd260576e9378b67ad269
,4.462449794960003,0.1358795318520221,0.11714147624429415,0.015126086635032744,0.09269172188150843,surprise,5f831be7111dfd48d40fdc21
,2.387114549228761,0.15449323804566134,0.15242054974855926,0.01946658255276154,0.09761501342276598,surprise,5fbb1ac444697678c497b503
,2.474594493179025,0.16566794946785077,0.1369341595737908,0.03213206465725155,0.13168002787095726,surprise,5f60bf3bb878131628349c71
,2.8471980797467715,0.13966741760643925,0.11303836090498119,0.021495633585986433,0.13519588134164143,surprise,5f992fbbf8fac448cc0a85d2
,5.10114703536153,0.13348376124358785,0.10638313406423525,0.01830795410700153,0.09491769507665337,surprise,5f6c23e2111dfd48d40fd097
,3.178181079283218,0.15239803010836905,0.10680295971443715,0.01986529183225117,0.08858696862175178,surprise,5fbd0f3644697678c497bca7
,3.243465034162291,0.1538365326982836,0.12150422764590733,0.02832069717963533,0.12249139044125373,surprise,5f5c207a2e23c7161acccfc0
,2.3654217115086107,0.1517922262243756,0.13461112281664608,0.028281933736612513,0.11256674872351188,surprise,5f77c8b6f8fac448cc0a6360
,3.1176043734567602,0.16758711022354264,0.13632402472369415,0.014810745728684956,0.07702341116817199,surprise,5f5f075954b23616212849b4
,3.207005465490898,0.1444992970153799,0.14485253857814573,0.020463732476645773,0.1045440321643028,surprise,5f92802b111dfd48d40ff1af
,4.975828695828702,0.12872252382300683,0.11791473553184743,0.02865403309152394,0.09844208937648544,surprise,5f8da64dd338b948c4e6a2c8
,3.2495205649680785,0.14441437243923327,0.13777290921446408,0.02510680135045738,0.1367948027922258,surprise,5f6363d154b2361621284d6b
,0.655521441615225,0.15321974972147062,0.12167074419484232,0.02862619194795435,0.1133325177589768,surprise,5fbcc137576e9378b67ad02a
,-2.2462653740375638,0.17051010734613414,0.20360571306329753,0.03046154148380022,0.11316810931764255,surprise,5fba17674c55eb78bd7ce19c
,5.2420514453781735,0.12768121519211845,0.09801052272771124,0.0183109831167117,0.10899671219291543,surprise,5f66a00b111dfd48d40fcb2d
,2.5544687581139742,0.18186136356959157,0.15538520982410073,0.03808165229223828,0.1893798115160875,surprise,5f68cbf2f8fac448cc0a5baa
,4.738228402371491,0.1492180907914721,0.13859270630915926,0.025164369282950187,0.1037288293027867,surprise,5f81da04f8fac448cc0a68e6
,4.867967823211175,0.13020769840078655,0.08474250127962024,0.01039874190347373,0.07338844516325327,surprise,5f5b7c6154b2361621284732
,1.7125914574616072,0.1716271478616145,0.14429069936387484,0.026708712983141373,0.09323732089323673,surprise,5fba19decb503578af9ee071
,1.2601626714435024,0.2033308962596067,0.12003300979218524,0.023495032801243137,0.10805188757769223,surprise,5fbe2a19cb503578af9eed2e
,6.718863912447402,0.12393798187188043,0.10174186012649675,0.014370570795844194,0.08083856731961298,surprise,5fbb6ab9576e9378b67acb7d
,2.879444274628299,0.11393667497149786,0.09496745082858281,0.016071446247969537,0.0846926056869654,surprise,5fba1c224c55eb78bd7ce1d1
,1.897027632516312,0.16292412590211175,0.12782046634502323,0.025824876805152535,0.10199603473252808,surprise,5fbb854944697678c497b800
,5.601764162350812,0.12096843943132689,0.11027996942318695,0.01644352706397514,0.08860428158759744,surprise,5fbb32d14c55eb78bd7ce42e
,4.935894371479662,0.13357807085627713,0.11916361356835059,0.013212283996010767,0.08392005405669938,surprise,5fbb506fcb503578af9ee3bc
,2.00856055864001,0.1530484076633583,0.08652622982905747,0.018151030984802655,0.08927738791315293,surprise,5fb87344576e9378b67ac1db
,0.6610178348394303,0.1797339378151315,0.12583497404229885,0.01603816825455232,0.08799755146237873,surprise,5f6032cab878131628349be1
,4.118558468763176,0.15595947904821217,0.1206593511471737,0.017816691489954625,0.07409707067110717,surprise,5f808ac2f8fac448cc0a669a
,3.083226506869327,0.1590886195815326,0.19019411645930542,0.05722830063598892,0.21814607117649143,surprise,5f924f529e04b149046cdc67
,1.6818472210929645,0.17030507129169042,0.1374425661153085,0.03487365459976843,0.1333477781724013,surprise,5f78104e111dfd48d40fd597
,5.0314452662294995,0.15194630875406737,0.1044875852611161,0.016666678840236034,0.08531480803137816,surprise,5f80863ef8fac448cc0a6674
,3.4443023089552267,0.1454248064447664,0.14477997091135225,0.02692825316754465,0.11006517577218132,surprise,5f6fe5d5111dfd48d40fd35e
,-2.6660579163998137,0.175377216045955,0.09995261926065178,0.021172192135106772,0.08848820631703622,surprise,5fbcbcf6576e9378b67acfee
,1.4405525881284988,0.13759396749072766,0.1389851826760685,0.02225776660622897,0.12291565078557602,surprise,5fb48f74cb503578af9ed842
,3.547115789590821,0.1488137351443837,0.10300731256904248,0.01869126898311076,0.11657670066938204,surprise,5fbc9d534c55eb78bd7ce900
,5.424688767226631,0.1403298545482888,0.0984166974764243,0.017183454959535563,0.08760259823241581,surprise,5f628c8f3bd6941613f6d60b
,6.300999977857686,0.12185846308389638,0.08363020248042272,0.012894938087218132,0.06677596556532812,surprise,5f5fd8022e23c7161accd253
,2.3378596633332718,0.19650545489966886,0.21338076814336585,0.10353338511524815,0.2247428608014054,surprise,5f8e4f25111dfd48d40fec6e
,6.6100878203341,0.1288023711907036,0.12887298207363548,0.019224300002208913,0.08679439811536492,surprise,5f8da61f111dfd48d40fec1c
,4.361285362240314,0.12787382487562898,0.09090955835856572,0.010700925037851378,0.07924385505926379,surprise,5f41d7639dd513131eaceef4
,3.694711014907431,0.13255061448211902,0.11975781153089708,0.014719223687482599,0.09424443881368971,surprise,5f6eb37ed338b948c4e68928
,4.946237984255941,0.1398347701985691,0.1132592148424277,0.017265238710972602,0.12581315711490715,surprise,5f866c03111dfd48d40fe078
,4.652098446084247,0.1544865955425567,0.18553794012741662,0.020807165756455453,0.11444895634151833,surprise,5f90293a9e04b149046cda9d
,3.7601128223746954,0.14618155151503484,0.09730045045374809,0.027673068693031593,0.0917314272699431,surprise,5f5ec15c2e23c7161accd17a
,1.0666263914391754,0.15935748805151068,0.1246423100568789,0.030935969044737572,0.12150256264650992,surprise,5f6016ce2e23c7161accd27f
,-1.9309001684862066,0.1477114210985179,0.1657018387359513,0.010862756940546945,0.07402102500565755,surprise,5fbc6a18576e9378b67acd88
,-0.3665452376588781,0.17402296400280307,0.1179131448864266,0.027932933483636253,0.08806769741476993,surprise,5f8ba30c9e04b149046cd2fa
,4.1534940557310716,0.1479461287985452,0.11171184936467396,0.028460981909751683,0.10882281376254443,surprise,5f69a0ad111dfd48d40fce31
,3.4401186130719066,0.171281101609678,0.11990916824242963,0.022879263451722733,0.08525709786913149,surprise,5f67057a9e04b149046cb6f8
,-3.4679624727441034,0.19713693411026448,0.13832039992696454,0.03855179105812142,0.16621338727436402,surprise,5fb9e21bcb503578af9edf2c
,5.8795664418329725,0.14050840140156184,0.09606011360717336,0.01432323379090074,0.08439195720552553,surprise,5f77e7e2f8fac448cc0a6396
,4.339727898654964,0.1360572072233633,0.11724754994380242,0.02130493756817367,0.11594316426990776,surprise,5fb33dbf0fb0f33aa31ca1a4
,5.509807499713053,0.11642376216509413,0.10989737815291252,0.01700860363133666,0.08788787224769949,surprise,5f81c8e3f8fac448cc0a68ca
,4.394380148938864,0.14102870398513317,0.11133807582273918,0.019973866573083372,0.07346949855678685,surprise,5f708fb4111dfd48d40fd3e6
,1.3681462800733093,0.13783756200300729,0.10626883647334787,0.018582787419038217,0.0946252451879863,surprise,5fb9e10744697678c497b1a0
,3.5450181975908754,0.14035062424288874,0.11664050710620077,0.021325009000326585,0.12024143464077351,surprise,5f8ff989111dfd48d40fef54
,-3.6715613773577944,0.17595855497943255,0.21484245270374439,0.032297660827263194,0.1258686021722407,surprise,5fbb536c4c55eb78bd7ce512
,5.611718737696449,0.11770067648095613,0.09964283143295823,0.011505409470022427,0.08594256003048778,surprise,5f82730b9e04b149046cc5df
,2.0730078919064963,0.1703459169897018,0.14091954222998662,0.0319052347994638,0.1132266136381639,surprise,5fbb160f44697678c497b4ee
,5.337271662162361,0.134897734274367,0.0976981596330542,0.016247950442058817,0.08289644143800143,surprise,5f8a2708111dfd48d40fe6ac
,3.0287568659373427,0.14321141909225352,0.10660322415467786,0.014537490942709168,0.08577185081382253,surprise,5f5d74a52e23c7161accd0b9
,4.995898850880895,0.13196810441655354,0.14444317746582475,0.025897779171707443,0.1291386524038072,surprise,5f5f6a0ab878131628349b2c
,5.914554253159217,0.1205362427396052,0.10308775296180404,0.015597097624657058,0.09570851662231392,surprise,5f6776029e04b149046cb766
,-2.9239694162508187,0.17623211736140051,0.1804938348368715,0.04520073011066023,0.21189777951626224,surprise,5f8a7c64f8fac448cc0a74a6
,-10.136868870177723,0.1821783297373656,0.13753366056379587,0.034334332767270624,0.12602500188801585,surprise,5fb33d2675b0a9389bf39688
,-4.651101797608873,0.17237724287737088,0.20601919450579576,0.021800505118053818,0.15182456467294672,surprise,5fba17b0cb503578af9ee052
,0.5819537091521845,0.15569934147688183,0.10299362878507434,0.01721967535926453,0.10732180242482302,surprise,5fbd0f5fcb503578af9ee9fe
,3.4685240139959848,0.16080465860481735,0.13364769969889198,0.02155825894379216,0.12929569133270885,surprise,5fbe0ad74c55eb78bd7ced1b
,1.0855888947794217,0.17416837880029645,0.15359649910436438,0.026986188827779093,0.10508385993654612,surprise,5fb9fb2244697678c497b24c
,2.985306259479687,0.14884506444101334,0.15454942566786875,0.033945872955487476,0.1016740206160345,surprise,5f6229b53bd6941613f6d5e1
,3.769254051916603,0.1636220292285194,0.12127850323596075,0.02407052687035227,0.10870926297823397,surprise,5f6c3c63111dfd48d40fd0b3
,5.278124531010047,0.13387615736333044,0.09101106323654062,0.012442325167838513,0.07142471312941222,surprise,5f628cee2e23c7161accd4a2
,1.3774053428242963,0.15740200035321694,0.106812060529866,0.02101530083423801,0.1259357511915362,surprise,5f6f6122f8fac448cc0a6132
,3.4373476730044383,0.16519522931300154,0.1318231069285782,0.02015702461842393,0.1442099983934202,surprise,5fbc6b9d4c55eb78bd7ce7c2
,7.587013282967933,0.12119363874582093,0.09190441744301812,0.012878844780674248,0.07436566276451548,surprise,5f3f3a959dd513131eace73e
,5.038871901720168,0.1272727699765755,0.11430340516766381,0.02604205946833186,0.09966953405119817,surprise,5f6458c6d0b14d419059b881
,5.608652187805895,0.14062316560391216,0.07563142347284772,0.01937829149820306,0.06439463744222393,surprise,5f901ab1111dfd48d40fef9a
,1.7812202992834978,0.1780240910843315,0.1562881241474083,0.030241557792180504,0.13084164664163014,surprise,5f6e91979e04b149046cbda2
,-0.39195493830873235,0.1774353128918272,0.2133871158896635,0.06366912570230042,0.22343076754254781,surprise,5f68c9799e04b149046cb8c6
,7.1458535418849,0.08473096677582533,0.10270662660030597,0.020986998519156433,0.10248396855712784,surprise,5f8059d9111dfd48d40fd7fe
,3.9199368593721484,0.1449180878089607,0.11990846670322709,0.01769221357831232,0.0970300849647218,surprise,5f77e77cd338b948c4e68c0d
,4.805309351361936,0.14080477118789256,0.11048927573409735,0.016200185411344704,0.10476997117254813,surprise,5f80771ed338b948c4e68ed4
,4.026344415123225,0.15883130689725436,0.08706606497334755,0.009421418984720206,0.07880387212744099,surprise,5fbe0af4576e9378b67ad34e
,-0.5290417710746838,0.16262038276605842,0.16210385804697722,0.02150866901774671,0.1029927559496167,surprise,5fba3aa1cb503578af9ee182
,5.596224056969247,0.13211450978206202,0.10923867196203077,0.013385514764458397,0.07079168230574931,surprise,5f6b796bd338b948c4e686a3
,1.7977961236762157,0.14188826752728703,0.11236051536725719,0.02082381839237066,0.12104871617748826,surprise,5f923375d338b948c4e6a88c
,3.0134297256558025,0.14462305827484837,0.12099155250993707,0.028632305159531957,0.11299781365877365,surprise,5f9a29649e04b149046ce460
,1.9569123510103146,0.14749138742168313,0.07492160767990363,0.017042776249469677,0.05992449985185893,surprise,5fbdd3224c55eb78bd7cec3b
,4.853361367088535,0.1324951885613779,0.09531275886501851,0.011699891950858578,0.07749607667764664,surprise,5f5e1eb654b2361621284917
,4.073376497239994,0.1567686476143708,0.14678593084814742,0.026115728371772232,0.12775314772292767,surprise,5f5f6a1f54b2361621284a02
,1.6863325864808951,0.13956773380435175,0.13290210491842944,0.015282600385840528,0.13302145283023883,surprise,5fb88d9a576e9378b67ac2b4
,1.3177569989673363,0.17390826952089153,0.1471726314928845,0.03239731058355728,0.17046911858233402,surprise,5f5c1fecb8781316283498af
,1.7648909955130228,0.15573447062873066,0.13905139681458983,0.01744434321439245,0.08194797161081442,surprise,5fbe23f1576e9378b67ad3d4
,3.5106858304422954,0.1459958961909716,0.10692959940294244,0.014764546872619246,0.08563749817342522,surprise,5fbe27dd4c55eb78bd7cede2
,5.139739717899953,0.16761591871547069,0.09141787129748385,0.01807969090460779,0.0820878827983905,surprise,5fbb163e576e9378b67ac920
,3.7339232039498116,0.13712391144724817,0.13210733705096087,0.015792465169589445,0.10836044650077073,surprise,5f6e08bad338b948c4e688bd
,2.8484740731402454,0.19206837009161196,0.1256725880181967,0.012516626119757217,0.08219455959702845,surprise,5fba3beb44697678c497b423
,4.21435889384602,0.13478135530765092,0.12873394047836365,0.022171709416209245,0.11045031149288402,surprise,5f67ebc89e04b149046cb799
,9.649260423660843,0.08517081872488236,0.06115156842406759,0.015626775674149888,0.06226513253947582,surprise,5f69b6989e04b149046cb9a0
,0.2255973151129862,0.16702388363356227,0.14057908939929908,0.02079184279904651,0.12240295119069496,surprise,5fbdef5344697678c497be9a
,3.3255221408250235,0.16289653293505468,0.11103484461687704,0.02361668647162762,0.08588884103924241,surprise,5f6306c13bd6941613f6d6c0
,5.656207158314448,0.12093512213080855,0.09825196517278785,0.014831972064114617,0.09436132797168129,surprise,5f8b78b89e04b149046cd2d3
,6.301114296411416,0.12694665730014854,0.13757786731770388,0.01420704037425875,0.11718385344402599,surprise,5fbdbca64c55eb78bd7cebab
,3.8091839357182327,0.14386289130760746,0.1241886896726177,0.01771254455633725,0.10023959647167374,surprise,5f6967b59e04b149046cb92a
,5.038679056307655,0.12740866323788716,0.11134923796577251,0.013188185324464231,0.08450381372598068,surprise,5f7005b4111dfd48d40fd381
,2.801173342636468,0.14236258252099934,0.1048732918272515,0.020380737254742147,0.09602787299803162,surprise,5f6165e63bd6941613f6d4fe
,5.961609923748398,0.13717384301514013,0.07840392825430643,0.026783775590745663,0.132528015748669,surprise,5f97fca9111dfd48d40ff5c2
,6.2535243899364,0.12745118236573075,0.09425343334243409,0.013149277903143236,0.07728166380634957,surprise,5f67761d9e04b149046cb767
,-0.44555262023239967,0.18868919955659896,0.20620656556418288,0.023310146393744104,0.09409746721767527,surprise,5fbb4f46576e9378b67aca74
,2.6185823531535863,0.1526651544564186,0.145504696786321,0.02051838753857585,0.10429616563013462,surprise,5f677f009e04b149046cb77f
,4.90687560849529,0.14901362610804367,0.1308536452203224,0.019036232701486442,0.10918050923600972,surprise,5f6c213e9e04b149046cbbcf
,0.004609069002833431,0.1616071986830729,0.1325104935265592,0.03621839050719331,0.17344610908979763,surprise,5f6d8dadd338b948c4e6883f
,6.479589938014709,0.1290344145314647,0.10090865280600073,0.014063257375375554,0.07474743545052398,surprise,5f6eb394111dfd48d40fd298
,4.427503917323142,0.12617840556141663,0.11503336976208291,0.013747620926937208,0.08981256005694079,surprise,5f633b67b878131628349eb5
,4.847493663732551,0.12122956709740543,0.1097071884197273,0.018571363486800635,0.07138424683152855,surprise,5f5c40dbb8781316283498d9
,4.306668474682471,0.13231170365142553,0.12264739346121827,0.014228225981235635,0.09416237310373606,surprise,5f5e2046b878131628349a37
,1.9542032330157575,0.17154423257637286,0.10710397588243548,0.02047601587720325,0.09242517156397542,surprise,5fbe0bb9cb503578af9eec4d
,4.547773204982279,0.14367580584155068,0.10461608635144062,0.02196837054631805,0.0805176851134229,surprise,5f5cc99c2e23c7161accd054
,4.652136001291015,0.1343664310324163,0.09265566470112699,0.01987916067749413,0.07993397628731543,surprise,5f6d8d81d338b948c4e6883e
,5.5329654600447835,0.1258127989732959,0.10487370534861651,0.015616669437403037,0.0804667840992291,surprise,5f3e94849dd513131eace3b3
,3.3682438103031718,0.14536065065576756,0.15683114995654915,0.053627426613420195,0.19120279493406978,surprise,5f8a58ebf8fac448cc0a7480
,1.1007066390060734,0.15348669072201193,0.11320791371926796,0.025291528719918015,0.09221754313923933,surprise,5f6d90c5d338b948c4e68844
,5.388165204906773,0.12048600873401913,0.11201440981420961,0.022018251084975106,0.10793208984123127,surprise,5fbb309844697678c497b57d
,3.046710132606499,0.16466111053574722,0.12280071296106317,0.03609900514750832,0.11066365223293977,surprise,5f62bb24b878131628349df5
,3.344309006034306,0.1587854294325283,0.17568320873045595,0.02024270434186645,0.10927605395020008,surprise,5f6f5626d338b948c4e6896e
,1.3755102921716182,0.15138099118086917,0.1252679241400742,0.023369628808127804,0.11064191421214292,surprise,5f86e482d338b948c4e697ba
,1.7505845730073433,0.16040529385618782,0.1319491300239679,0.014041428714523326,0.09521744816253173,surprise,5fbe1558576e9378b67ad3a7
,8.54512076539029,0.12294191199833464,0.12321404965606773,0.046324416679135415,0.15294887296099846,surprise,5f904a4c9e04b149046cdad7
,1.9668596530274234,0.1646807511497899,0.12185634270555054,0.02962105970287851,0.11382101110289983,surprise,5f923397f8fac448cc0a7f21
,5.830321081136846,0.11572557911078236,0.10423377304381173,0.014322472480367733,0.10251324591212614,surprise,5f992fdb9e04b149046ce2a9
,3.7205093160467078,0.15831805060980123,0.1250155638188312,0.022999146039645976,0.124684195104909,surprise,5f6363e5b878131628349ec5
,3.8811280974852607,0.14920350146416575,0.137148111383417,0.02395365358302511,0.10892613300828537,surprise,5f41461a9dd513131eacee53
,5.4247292606077195,0.13783087130204133,0.11947884277632745,0.018204805247477567,0.11056201129420475,surprise,5f707f09d338b948c4e68a2d
,5.317189211752394,0.14163531736162513,0.09341994787439822,0.02115327015234911,0.07594558099271179,surprise,5f60bd342e23c7161accd30a
,0.9956460114492937,0.1540060869638262,0.12786079365395456,0.03077444409352135,0.09879632692835734,surprise,5f640edd24c86141a01b11b5
,4.896986338922355,0.1190811182999576,0.0957138337741973,0.0138877776204734,0.07592946333383731,surprise,5f8272d59e04b149046cc5dd
,5.2583337166684245,0.11588049212105157,0.09291873202901843,0.015073614426218629,0.09807296275858948,surprise,5f8b78ecd338b948c4e69ea5
,1.38237837774557,0.15989448479698642,0.11213459687087271,0.027155131008027324,0.10223032243341468,surprise,5f660a60f8fac448cc0a5922
,-0.7716675645113383,0.14739310804005087,0.16648467602094058,0.014650587974091325,0.13249006010437198,surprise,5fbdbc73cb503578af9eeab1
,5.022041782899233,0.13540349165748775,0.11042916894205276,0.014573184805909564,0.08893427845561802,surprise,5fb8a965576e9378b67ac359
,2.557706786937059,0.14350020080453035,0.1034011424719033,0.023580513478454985,0.09394797650260628,surprise,5f5b5a522e23c7161acccef2
,3.518688861001829,0.15188694305000558,0.13612227986852093,0.02771200313061239,0.12337597235900881,surprise,5f693c019e04b149046cb8e2
,0.9042521633675403,0.16282502161064336,0.17149555000012515,0.028469051085000235,0.13812285676337158,surprise,5f655e64111dfd48d40fca38
,4.572737834646816,0.13293630691315653,0.10642906212208099,0.023814164606678474,0.10332136115969748,surprise,5f6057bc3bd6941613f6d42f
,6.027093755272156,0.13273023459085745,0.11727809910864373,0.01521581365737199,0.09000529789472175,surprise,5f715190f8fac448cc0a6276
,5.47692623093428,0.13766146061789847,0.11053484337845593,0.012818415774815137,0.08730516575180641,surprise,5f3f3adc9dd513131eace744
,5.067405067545313,0.15190985646528526,0.10844839873313619,0.020501555385943136,0.09874109957446144,surprise,5f781082f8fac448cc0a63b3
,4.146392607421055,0.13912740238408283,0.11859744163172187,0.021200800213586654,0.1162956052908198,surprise,5f90d37e111dfd48d40ff022
,0.7168103016175937,0.1748913802850528,0.13137267923429308,0.024852569726466187,0.1177354393283128,surprise,5fb8c637cb503578af9edccf
,4.557570220426303,0.12925071659606283,0.09266074289116932,0.012691744072006645,0.07403331201410074,surprise,5f5c24b6b8781316283498ba
,2.9622118881192137,0.15635752449876303,0.12541723181977438,0.02924072416581264,0.10621933036916782,surprise,5f62b8362e23c7161accd4c6
,4.650268780193819,0.12956854603586918,0.10236326739496764,0.012717664974291174,0.08123158838955435,surprise,5f6e08d0d338b948c4e688be
,-3.0599437494437014,0.19969390878481785,0.23432374041460613,0.028675127716687607,0.11484794986908389,surprise,5fbb7cdf576e9378b67acc1d
,4.531402573044877,0.16606258896838863,0.12644794062196588,0.034852973061525,0.15360661297047348,surprise,5f6f392b111dfd48d40fd2ce
